ride_id,rideable_type,started_at,ended_at,start_station_name,start_station_id,end_station_name,end_station_id,start_lat,start_lng,end_lat,end_lng,member_casual
1a3d1fa7bc8940a9,classic_bike,2024-06-01 18:39:17,2024-06-01 18:58:00,N 8 St & Driggs Ave,5453.07,Broadway & E 14 St,5905.12,40.7177,-73.9560,40.7345,-73.9907,casual
32e706298fad41a6,electric_bike,2024-06-02 09:43:14,2024-06-02 10:19:43,W 21 St & 6 Ave,6140.05,W 21 St & 6 Ave,6140.05,40.7418,-73.9945,40.7418,-73.9945,member
b2b9437a28df4ec4,electric_bike,2024-06-05 19:48:55,2024-06-05 19:51:21,Central Park S & 6 Ave,6904.04,Grand Army Plaza & Plaza St West,4066.15,40.7659,-73.9764,40.6729,-73.9709,casual
5be6128e18c24797,electric_bike,2024-06-04 19:01:21,2024-06-04 19:10:19,8 Ave & W 31 St,6450.12,1 Ave & E 68 St,6753.08,40.7502,-73.9978,40.7659,-73.9585,casual
142c3fe860e74113,electric_bike,2024-06-12 13:50:34,2024-06-12 14:01:05,9 Ave & W 45 St,6717.06,W 21 St & 6 Ave,6140.05,40.7602,-73.9913,40.7418,-73.9945,casual
146d3f31fc374a4c,classic_bike,2024-06-12 07:11:02,2024-06-12 07:28:35,Grand Army Plaza & Plaza St West,4066.15,West St & Chambers St,5470.10,40.6729,-73.9709,40.7175,-74.0134,member
35a240ae5af34553,electric_bike,2024-06-08 16:50:53,2024-06-08 17:17:47,E 17 St & Broadway,5905.14,8 Ave & W 31 St,6450.12,40.7370,-73.9901,40.7502,-73.9978,member
451b4cf361234df7,classic_bike,2024-06-03 15:06:46,2024-06-03 15:25:28,Grand Army Plaza & Plaza St West,4066.15,N 8 St & Driggs Ave,5453.07,40.6729,-73.9709,40.7177,-73.9560,casual
448aaa9e66b24c5b,classic_bike,2024-06-13 06:57:14,2024-06-13 07:01:25,E 47 St & Park Ave,6551.09,9 Ave & W 45 St,6717.06,40.7553,-73.9746,40.7602,-73.9913,member
a491f0b2ea1f4a65,electric_bike,2024-06-12 11:22:13,2024-06-12 11:58:17,South End Ave & Liberty St,5303.06,Grand Army Plaza & Plaza St West,4066.15,40.7111,-74.0158,40.6729,-73.9709,member
6dadd6c795a74d79,electric_bike,2024-06-04 18:42:35,2024-06-04 19:21:22,8 Ave & W 31 St,6450.12,1 Ave & E 68 St,6753.08,40.7502,-73.9978,40.7659,-73.9585,casual
a0a04dc427204bdf,classic_bike,2024-06-09 14:25:05,2024-06-09 14:30:17,West St & Chambers St,5470.10,1 Ave & E 68 St,6753.08,40.7175,-74.0134,40.7659,-73.9585,casual
8da0365bf89847b9,classic_bike,2024-06-07 12:30:38,2024-06-07 13:04:35,Grand Army Plaza & Plaza St West,4066.15,Broadway & E 14 St,5905.12,40.6729,-73.9709,40.7345,-73.9907,member
287d06ca6f4c469a,electric_bike,2024-06-09 18:48:17,2024-06-09 19:13:30,N 8 St & Driggs Ave,5453.07,South End Ave & Liberty St,5303.06,40.7177,-73.9560,40.7111,-74.0158,member
deda4e161b3d4d5c,electric_bike,2024-06-12 10:29:32,2024-06-12 10:43:43,Bedford Ave & Nassau Ave,5525.04,South End Ave & Liberty St,5303.06,40.7230,-73.9521,40.7111,-74.0158,member
52fbe43b99544eb4,electric_bike,2024-06-13 08:45:34,2024-06-13 09:23:46,1 Ave & E 68 St,6753.08,Lafayette St & E 8 St,5788.13,40.7659,-73.9585,40.7302,-73.9910,member
e0c53cb83da942a9,classic_bike,2024-06-06 20:59:53,2024-06-06 21:22:52,Broadway & E 14 St,5905.12,South End Ave & Liberty St,5303.06,40.7345,-73.9907,40.7111,-74.0158,member
a8e56e0c20de435d,electric_bike,2024-06-14 07:10:48,2024-06-14 07:49:09,Bedford Ave & Nassau Ave,5525.04,Central Park S & 6 Ave,6904.04,40.7230,-73.9521,40.7659,-73.9764,member
badcc32ac1594f53,classic_bike,2024-06-14 16:21:27,2024-06-14 16:37:54,8 Ave & W 31 St,6450.12,Pier 40 - Hudson River Park,5573.05,40.7502,-73.9978,40.7276,-74.0115,casual
3985c3cf3f764e1d,classic_bike,2024-06-11 12:22:28,2024-06-11 12:59:47,E 17 St & Broadway,5905.14,N 8 St & Driggs Ave,5453.07,40.7370,-73.9901,40.7177,-73.9560,casual
a18ff6b6b535406e,classic_bike,2024-06-09 09:55:37,2024-06-09 10:12:39,W 21 St & 6 Ave,6140.05,,,40.7418,-73.9945,40.6729,-73.9709,member
ab4220a7474a493b,electric_bike,2024-06-01 20:40:21,2024-06-01 20:47:11,Broadway & E 14 St,5905.12,,,40.7345,-73.9907,40.7111,-74.0158,member
ceb81f9d79144120,electric_bike,2024-06-12 21:57:56,2024-06-12 22:32:12,Pier 40 - Hudson River Park,5573.05,,,40.7276,-74.0115,40.7659,-73.9585,member
baa4b71add2447ac,classic_bike,2024-06-11 13:21:22,2024-06-11 13:52:16,Broadway & E 14 St,5905.12,,,40.7345,-73.9907,40.7345,-73.9907,member
894a05e430b147ef,electric_bike,2024-06-12 11:47:51,2024-06-12 11:57:18,W 21 St & 6 Ave,6140.05,,,40.7418,-73.9945,40.7370,-73.9901,member
db20a56edc814fe7,classic_bike,2024-06-05 13:53:15,2024-06-05 14:00:23,E 17 St & Broadway,5905.14,,,40.7370,-73.9901,40.7659,-73.9585,member
7b3a4e3e7c524a17,classic_bike,2024-06-14 06:15:05,2024-06-14 06:33:13,N 8 St & Driggs Ave,5453.07,,,40.7177,-73.9560,40.7276,-74.0115,casual
c8fe3ccdc8b849c6,electric_bike,2024-06-03 12:28:00,2024-06-03 12:56:39,South End Ave & Liberty St,5303.06,,,40.7111,-74.0158,40.7418,-73.9945,casual
37bb3eec4bf54b52,classic_bike,2024-06-12 19:22:35,2024-06-12 19:57:48,E 17 St & Broadway,5905.14,Bedford Ave & Nassau Ave,5525.04,40.7370,-73.9901,40.7230,-73.9521,member
87f7e1fbda4b49ca,classic_bike,2024-06-01 06:51:37,2024-06-01 07:26:09,Bedford Ave & Nassau Ave,5525.04,Lafayette St & E 8 St,5788.13,40.7230,-73.9521,40.7302,-73.9910,member
675dd5af3c364296,classic_bike,2024-06-14 09:10:04,2024-06-14 09:10:04,Pier 40 - Hudson River Park,5573.05,Broadway & E 14 St,5905.12,40.7276,-74.0115,40.7345,-73.9907,member
85d5169590b24633,electric_bike,2024-06-01 16:34:05,2024-06-01 16:34:05,Grand Army Plaza & Plaza St West,4066.15,Grand Army Plaza & Plaza St West,4066.15,40.6729,-73.9709,40.6729,-73.9709,casual
a53f8a28abf343fc,electric_bike,2024-06-12 11:21:15,2024-06-12 11:21:15,West St & Chambers St,5470.10,N 8 St & Driggs Ave,5453.07,40.7175,-74.0134,40.7177,-73.9560,casual
902059e4ff9a45c2,classic_bike,2024-06-13 21:58:04,2024-06-13 21:58:04,Lafayette St & E 8 St,5788.13,South End Ave & Liberty St,5303.06,40.7302,-73.9910,40.7111,-74.0158,member
3e896c64e1174ac3,electric_bike,2024-06-09 10:31:08,2024-06-09 10:31:08,Pier 40 - Hudson River Park,5573.05,West St & Chambers St,5470.10,40.7276,-74.0115,40.7175,-74.0134,casual
ce9e1a11fcbb4e59,classic_bike,2024-06-14 15:16:45,2024-06-14 15:16:45,1 Ave & E 68 St,6753.08,Central Park S & 6 Ave,6904.04,40.7659,-73.9585,40.7659,-73.9764,casual
be0f051b1b6645a9,classic_bike,2024-06-02 20:59:08,2024-06-02 21:19:11,South End Ave & Liberty St,5303.06,N 8 St & Driggs Ave,5453.07,40.7111,-74.0158,40.7177,-73.9560,casual
439472e6da584e8a,electric_bike,2024-06-04 18:14:21,2024-06-04 18:30:14,8 Ave & W 31 St,6450.12,Grand Army Plaza & Plaza St West,4066.15,40.7502,-73.9978,40.6729,-73.9709,casual
00e85ece0b49452d,electric_bike,2024-06-14 06:52:05,2024-06-14 07:22:59,South End Ave & Liberty St,5303.06,South End Ave & Liberty St,5303.06,40.7111,-74.0158,40.7111,-74.0158,member
0279b6a68f9747b0,classic_bike,2024-06-03 18:39:28,2024-06-03 19:19:07,N 8 St & Driggs Ave,5453.07,8 Ave & W 31 St,6450.12,40.7177,-73.9560,40.7502,-73.9978,member
6e06809725e94977,classic_bike,2024-06-03 15:18:02,2024-06-04 21:18:02,South End Ave & Liberty St,5303.06,Bedford Ave & Nassau Ave,5525.04,40.7111,-74.0158,40.7230,-73.9521,member
aabc25fa3fe14e47,classic_bike,2024-06-13 20:41:02,2024-06-15 02:41:02,8 Ave & W 31 St,6450.12,Lafayette St & E 8 St,5788.13,40.7502,-73.9978,40.7302,-73.9910,casual
dd56cc943c9a414c,classic_bike,2024-06-14 12:56:39,2024-06-15 18:56:39,9 Ave & W 45 St,6717.06,Pier 40 - Hudson River Park,5573.05,40.7602,-73.9913,40.7276,-74.0115,member
cd5f4822696648aa,classic_bike,2024-06-01 09:03:47,2024-06-01 09:28:27,South End Ave & Liberty St,5303.06,E 17 St & Broadway,5905.14,40.7111,-74.0158,40.7370,-73.9901,casual
3317347038f14a81,electric_bike,2024-06-12 07:50:24,2024-06-12 07:55:02,1 Ave & E 68 St,6753.08,9 Ave & W 45 St,6717.06,40.7659,-73.9585,40.7602,-73.9913,casual
6601ddd031704437,electric_bike,2024-06-13 20:52:14,2024-06-13 21:09:27,8 Ave & W 31 St,6450.12,E 47 St & Park Ave,6551.09,40.7502,-73.9978,40.7553,-73.9746,casual
d7fa2d8dfb2c4025,electric_bike,2024-06-13 10:45:22,2024-06-13 11:22:08,E 47 St & Park Ave,6551.09,Broadway & E 14 St,5905.12,40.7553,-73.9746,40.7345,-73.9907,member
6f3f920c98b844cc,electric_bike,2024-06-05 09:02:37,2024-06-05 09:22:44,Broadway & E 14 St,5905.12,South End Ave & Liberty St,5303.06,40.7345,-73.9907,40.7111,-74.0158,casual
6fa17735b57243d0,classic_bike,2024-06-09 07:58:24,2024-06-09 08:13:22,E 17 St & Broadway,5905.14,Grand Army Plaza & Plaza St West,4066.15,40.7370,-73.9901,40.6729,-73.9709,member
d9178793a9d342e6,classic_bike,2024-06-02 17:20:58,2024-06-02 17:45:30,Lafayette St & E 8 St,5788.13,E 17 St & Broadway,5905.14,40.7302,-73.9910,40.7370,-73.9901,casual
2095eef68ded49fb,classic_bike,2024-06-11 12:58:20,2024-06-11 13:27:48,Pier 40 - Hudson River Park,5573.05,8 Ave & W 31 St,6450.12,40.7276,-74.0115,40.7502,-73.9978,Member
67f48ad54d0b4d1a,CLASSIC_BIKE,2024-06-11 18:46:57,2024-06-11 19:00:49,N 8 St & Driggs Ave,5453.07,E 17 St & Broadway,5905.14,40.7177,-73.9560,40.7370,-73.9901,casual
acf5e81e71314269,classic_bike,2024-06-07 19:24:37,2024-06-07 19:48:36,8 Ave & W 31 St,6450.12,West St & Chambers St,5470.10,40.7502,-73.9978,40.7175,-74.0134,casual
a2086977a9f24336,electric_bike,2024-06-13 18:33:10,2024-06-13 18:40:57,9 Ave & W 45 St,6717.06,South End Ave & Liberty St,5303.06,40.7602,-73.9913,40.7111,-74.0158,member
0640be0f25b84d4b,classic_bike,2024-06-04 17:28:19,2024-06-04 17:45:39,E 47 St & Park Ave,6551.09,9 Ave & W 45 St,6717.06,40.7553,-73.9746,40.7602,-73.9913,member
935f2b0aa1384ddc,classic_bike,2024-06-14 19:06:04,2024-06-14 19:39:09,Central Park S & 6 Ave,6904.04,Grand Army Plaza & Plaza St West,4066.15,40.7659,-73.9764,40.6729,-73.9709,casual
c521bf2ddc454539,classic_bike,2024-06-04 08:31:41,2024-06-04 08:34:03,Central Park S & 6 Ave,6904.04,E 17 St & Broadway,5905.14,40.7659,-73.9764,40.7370,-73.9901,casual
eadf50853fcb4546,classic_bike,2024-06-13 17:52:33,2024-06-13 18:26:15,West St & Chambers St,5470.10,1 Ave & E 68 St,6753.08,40.7175,-74.0134,40.7659,-73.9585,casual
714c7df4e4344d51,electric_bike,2024-06-08 17:23:33,2024-06-08 17:47:12,1 Ave & E 68 St,6753.08,9 Ave & W 45 St,6717.06,40.7659,-73.9585,40.7602,-73.9913,casual
d701410d3f4b4a70,electric_bike,2024-06-12 20:42:30,2024-06-12 21:15:13,South End Ave & Liberty St,5303.06,1 Ave & E 68 St,6753.08,40.7111,-74.0158,40.7659,-73.9585,casual
51d87c6455fa4ab8,classic_bike,2024-06-05 13:30:04,2024-06-05 13:51:34,N 8 St & Driggs Ave,5453.07,West St & Chambers St,5470.10,40.7177,-73.9560,40.7175,-74.0134,member
54b4a48268584eba,electric_bike,2024-06-07 17:50:09,2024-06-07 18:06:45,1 Ave & E 68 St,6753.08,West St & Chambers St,5470.10,40.7659,-73.9585,40.7175,-74.0134,casual
9360715fc3fe4183,electric_bike,2024-06-14 13:10:24,2024-06-14 13:13:44,W 21 St & 6 Ave,6140.05,West St & Chambers St,5470.10,40.7418,-73.9945,40.7175,-74.0134,casual
8bcf53a1bc104a52,classic_bike,2024-06-05 18:51:24,2024-06-05 19:22:00,W 21 St & 6 Ave,6140.05,Lafayette St & E 8 St,5788.13,40.7418,-73.9945,40.7302,-73.9910,casual
cc530e36addc4e13,electric_bike,2024-06-07 14:17:01,2024-06-07 14:45:33,West St & Chambers St,5470.10,8 Ave & W 31 St,6450.12,40.7175,-74.0134,40.7502,-73.9978,member
907bfe36978648f8,classic_bike,2024-06-03 16:37:34,2024-06-03 16:41:24,E 47 St & Park Ave,6551.09,Central Park S & 6 Ave,6904.04,40.7553,-73.9746,40.7659,-73.9764,member
53cd6268610c4373,classic_bike,2024-06-03 20:47:29,2024-06-03 21:01:53,N 8 St & Driggs Ave,5453.07,E 17 St & Broadway,5905.14,40.7177,-73.9560,40.7370,-73.9901,casual
6bebac31d4f84d72,electric_bike,2024-06-13 21:00:24,2024-06-13 21:21:23,Lafayette St & E 8 St,5788.13,Lafayette St & E 8 St,5788.13,40.7302,-73.9910,40.7302,-73.9910,member
c7fee39f11904938,classic_bike,2024-06-12 15:12:03,2024-06-12 15:37:56,Central Park S & 6 Ave,6904.04,W 21 St & 6 Ave,6140.05,40.7659,-73.9764,40.7418,-73.9945,member
ab61a7b1793b4c32,classic_bike,2024-06-14 06:20:39,2024-06-14 06:33:03,West St & Chambers St,5470.10,West St & Chambers St,5470.10,40.7175,-74.0134,40.7175,-74.0134,member
bf780e3ff6b741f7,classic_bike,2024-06-05 19:05:23,2024-06-05 19:18:50,Central Park S & 6 Ave,6904.04,Bedford Ave & Nassau Ave,5525.04,40.7659,-73.9764,40.7230,-73.9521,member
f54ad0a2e87446d7,electric_bike,2024-06-10 06:26:59,2024-06-10 06:50:16,8 Ave & W 31 St,6450.12,Broadway & E 14 St,5905.12,40.7502,-73.9978,40.7345,-73.9907,casual
4d3485c5c5c14eb4,classic_bike,2024-06-02 16:06:44,2024-06-02 16:25:18,Bedford Ave & Nassau Ave,5525.04,West St & Chambers St,5470.10,40.7230,-73.9521,40.7175,-74.0134,member
033d2bce575a4d2c,electric_bike,2024-06-07 17:17:23,2024-06-07 17:24:05,Lafayette St & E 8 St,5788.13,Pier 40 - Hudson River Park,5573.05,40.7302,-73.9910,40.7276,-74.0115,casual
2d174fc96f7c45ea,electric_bike,2024-06-06 16:50:57,2024-06-06 17:24:20,Broadway & E 14 St,5905.12,E 17 St & Broadway,5905.14,40.7345,-73.9907,40.7370,-73.9901,casual
d4aac9a33ed8456c,classic_bike,2024-06-14 18:28:37,2024-06-14 18:48:56,Central Park S & 6 Ave,6904.04,E 17 St & Broadway,5905.14,40.7659,-73.9764,40.7370,-73.9901,casual
d9d80b8d7e8a4ee7,electric_bike,2024-06-04 18:48:29,2024-06-04 19:16:21,South End Ave & Liberty St,5303.06,Central Park S & 6 Ave,6904.04,40.7111,-74.0158,40.7659,-73.9764,member
b380c73a989d4d4a,electric_bike,2024-06-06 19:36:16,2024-06-06 20:01:30,Central Park S & 6 Ave,6904.04,West St & Chambers St,5470.10,40.7659,-73.9764,40.7175,-74.0134,member
3d85de89c2174429,electric_bike,2024-06-02 10:07:46,2024-06-02 10:37:30,Pier 40 - Hudson River Park,5573.05,West St & Chambers St,5470.10,40.7276,-74.0115,40.7175,-74.0134,casual
4e6384bb3e494f43,electric_bike,2024-06-01 07:35:18,2024-06-01 07:52:25,Central Park S & 6 Ave,6904.04,9 Ave & W 45 St,6717.06,40.7659,-73.9764,40.7602,-73.9913,casual
7428a656b3ee4d3b,electric_bike,2024-06-06 13:15:47,2024-06-06 13:55:21,Pier 40 - Hudson River Park,5573.05,Pier 40 - Hudson River Park,5573.05,40.7276,-74.0115,40.7276,-74.0115,casual
f36cb62b892e4161,classic_bike,2024-06-02 18:18:12,2024-06-02 18:41:44,8 Ave & W 31 St,6450.12,West St & Chambers St,5470.10,40.7502,-73.9978,40.7175,-74.0134,member
19bc143efb024ebb,classic_bike,2024-06-08 10:43:46,2024-06-08 11:21:34,West St & Chambers St,5470.10,Bedford Ave & Nassau Ave,5525.04,40.7175,-74.0134,40.7230,-73.9521,casual
f96b648a0ba64ab9,classic_bike,2024-06-03 11:09:00,2024-06-03 11:47:27,West St & Chambers St,5470.10,Lafayette St & E 8 St,5788.13,40.7175,-74.0134,40.7302,-73.9910,casual
92f5df7b03234342,electric_bike,2024-06-11 20:49:48,2024-06-11 21:25:18,Bedford Ave & Nassau Ave,5525.04,1 Ave & E 68 St,6753.08,40.7230,-73.9521,40.7659,-73.9585,casual
1d34d08e7a4c45d4,classic_bike,2024-06-06 09:08:03,2024-06-06 09:27:17,Central Park S & 6 Ave,6904.04,Central Park S & 6 Ave,6904.04,40.7659,-73.9764,40.7659,-73.9764,casual
90164161cfa741cd,electric_bike,2024-06-10 16:44:43,2024-06-10 16:50:22,Central Park S & 6 Ave,6904.04,Broadway & E 14 St,5905.12,40.7659,-73.9764,40.7345,-73.9907,member
7354ea6f61604459,electric_bike,2024-06-09 19:02:26,2024-06-09 19:19:50,West St & Chambers St,5470.10,Broadway & E 14 St,5905.12,40.7175,-74.0134,40.7345,-73.9907,casual
19675f06bd764e35,classic_bike,2024-06-07 11:12:36,2024-06-07 11:18:42,E 47 St & Park Ave,6551.09,Grand Army Plaza & Plaza St West,4066.15,40.7553,-73.9746,40.6729,-73.9709,member
00af5b3a2812459a,electric_bike,2024-06-02 08:40:15,2024-06-02 08:54:06,8 Ave & W 31 St,6450.12,N 8 St & Driggs Ave,5453.07,40.7502,-73.9978,40.7177,-73.9560,casual
b3f6fe0d48604b32,electric_bike,2024-06-08 10:58:02,2024-06-08 11:15:50,Bedford Ave & Nassau Ave,5525.04,Grand Army Plaza & Plaza St West,4066.15,40.7230,-73.9521,40.6729,-73.9709,member
398d1ca68b6840b5,classic_bike,2024-06-05 19:26:50,2024-06-05 19:42:20,N 8 St & Driggs Ave,5453.07,West St & Chambers St,5470.10,40.7177,-73.9560,40.7175,-74.0134,casual
91b78d8ed3014989,electric_bike,2024-06-02 07:01:10,2024-06-02 07:24:09,E 47 St & Park Ave,6551.09,1 Ave & E 68 St,6753.08,40.7553,-73.9746,40.7659,-73.9585,casual
8a3c3b5e801e41da,electric_bike,2024-06-12 11:11:44,2024-06-12 11:41:12,Broadway & E 14 St,5905.12,Central Park S & 6 Ave,6904.04,40.7345,-73.9907,40.7659,-73.9764,casual
176132ed069f44f1,classic_bike,2024-06-01 21:10:27,2024-06-01 21:34:27,Broadway & E 14 St,5905.12,Grand Army Plaza & Plaza St West,4066.15,40.7345,-73.9907,40.6729,-73.9709,member
7872bdeb2cd94cbb,electric_bike,2024-06-14 10:35:36,2024-06-14 10:40:20,9 Ave & W 45 St,6717.06,N 8 St & Driggs Ave,5453.07,40.7602,-73.9913,40.7177,-73.9560,casual
5913f9d3785249f4,electric_bike,2024-06-07 16:50:52,2024-06-07 17:26:26,1 Ave & E 68 St,6753.08,Grand Army Plaza & Plaza St West,4066.15,40.7659,-73.9585,40.6729,-73.9709,casual
49c8a43f7ed74ed7,electric_bike,2024-06-02 20:38:10,2024-06-02 21:02:40,Lafayette St & E 8 St,5788.13,N 8 St & Driggs Ave,5453.07,40.7302,-73.9910,40.7177,-73.9560,member
dd6ac7b86778443b,classic_bike,2024-06-06 10:18:20,2024-06-06 10:28:14,Central Park S & 6 Ave,6904.04,Broadway & E 14 St,5905.12,40.7659,-73.9764,40.7345,-73.9907,casual
0d366dfcc28e4d70,classic_bike,2024-06-04 14:50:23,2024-06-04 15:26:24,E 17 St & Broadway,5905.14,W 21 St & 6 Ave,6140.05,40.7370,-73.9901,40.7418,-73.9945,casual
a14923c2f920464c,classic_bike,2024-06-05 13:28:56,2024-06-05 14:04:01,Pier 40 - Hudson River Park,5573.05,1 Ave & E 68 St,6753.08,40.7276,-74.0115,40.7659,-73.9585,member
e9b5c5cfd7664cda,classic_bike,2024-06-01 15:25:26,2024-06-01 15:33:47,8 Ave & W 31 St,6450.12,Pier 40 - Hudson River Park,5573.05,40.7502,-73.9978,40.7276,-74.0115,casual
6a5d932b45ff4c83,electric_bike,2024-06-14 08:37:31,2024-06-14 08:59:26,Broadway & E 14 St,5905.12,N 8 St & Driggs Ave,5453.07,40.7345,-73.9907,40.7177,-73.9560,casual
bf0d073d821c4336,classic_bike,2024-06-09 08:28:24,2024-06-09 08:43:24,West St & Chambers St,5470.10,Central Park S & 6 Ave,6904.04,40.7175,-74.0134,40.7659,-73.9764,member
44656d6b81fb48b3,classic_bike,2024-06-13 20:34:26,2024-06-13 20:59:38,8 Ave & W 31 St,6450.12,9 Ave & W 45 St,6717.06,40.7502,-73.9978,40.7602,-73.9913,casual
89e06ab372504e18,electric_bike,2024-06-14 16:01:37,2024-06-14 16:37:02,Bedford Ave & Nassau Ave,5525.04,8 Ave & W 31 St,6450.12,40.7230,-73.9521,40.7502,-73.9978,casual
304b8590de9e4757,classic_bike,2024-06-13 15:16:24,2024-06-13 15:49:29,Lafayette St & E 8 St,5788.13,Pier 40 - Hudson River Park,5573.05,40.7302,-73.9910,40.7276,-74.0115,casual
e9d68f23b4894070,electric_bike,2024-06-13 13:00:02,2024-06-13 13:23:45,West St & Chambers St,5470.10,E 47 St & Park Ave,6551.09,40.7175,-74.0134,40.7553,-73.9746,casual
8096271820514cef,electric_bike,2024-06-14 17:07:09,2024-06-14 17:42:57,N 8 St & Driggs Ave,5453.07,9 Ave & W 45 St,6717.06,40.7177,-73.9560,40.7602,-73.9913,member
68f45bce24e74e8e,classic_bike,2024-06-08 07:42:33,2024-06-08 08:15:44,E 47 St & Park Ave,6551.09,E 47 St & Park Ave,6551.09,40.7553,-73.9746,40.7553,-73.9746,member
541cdfcdda0d4a5f,electric_bike,2024-06-05 11:46:39,2024-06-05 12:15:47,Central Park S & 6 Ave,6904.04,9 Ave & W 45 St,6717.06,40.7659,-73.9764,40.7602,-73.9913,casual
3c19e71d118445ad,electric_bike,2024-06-13 14:19:55,2024-06-13 14:58:51,N 8 St & Driggs Ave,5453.07,Bedford Ave & Nassau Ave,5525.04,40.7177,-73.9560,40.7230,-73.9521,member
4ca9cf07b1aa4f6a,classic_bike,2024-06-07 07:40:48,2024-06-07 07:49:39,Bedford Ave & Nassau Ave,5525.04,Broadway & E 14 St,5905.12,40.7230,-73.9521,40.7345,-73.9907,member
87fa841a3e83491f,electric_bike,2024-06-01 11:00:22,2024-06-01 11:27:57,Lafayette St & E 8 St,5788.13,9 Ave & W 45 St,6717.06,40.7302,-73.9910,40.7602,-73.9913,member
7f671eec3da74577,classic_bike,2024-06-02 16:24:55,2024-06-02 16:53:01,1 Ave & E 68 St,6753.08,1 Ave & E 68 St,6753.08,40.7659,-73.9585,40.7659,-73.9585,member
e6b5a92c771a4655,electric_bike,2024-06-05 13:50:16,2024-06-05 13:52:54,Central Park S & 6 Ave,6904.04,N 8 St & Driggs Ave,5453.07,40.7659,-73.9764,40.7177,-73.9560,member
d865d69a74f34103,electric_bike,2024-06-06 16:01:19,2024-06-06 16:32:16,Broadway & E 14 St,5905.12,Central Park S & 6 Ave,6904.04,40.7345,-73.9907,40.7659,-73.9764,member
4bbe4aff93264ffd,electric_bike,2024-06-08 07:49:15,2024-06-08 08:17:17,E 17 St & Broadway,5905.14,E 47 St & Park Ave,6551.09,40.7370,-73.9901,40.7553,-73.9746,member
7f2984f5bec34a37,electric_bike,2024-06-07 10:41:00,2024-06-07 10:46:20,E 47 St & Park Ave,6551.09,N 8 St & Driggs Ave,5453.07,40.7553,-73.9746,40.7177,-73.9560,member
c16d83edad8148bd,classic_bike,2024-06-06 09:44:40,2024-06-06 09:59:38,Grand Army Plaza & Plaza St West,4066.15,9 Ave & W 45 St,6717.06,40.6729,-73.9709,40.7602,-73.9913,member
bb7bee035d674bb1,classic_bike,2024-06-11 06:40:19,2024-06-11 07:12:24,South End Ave & Liberty St,5303.06,N 8 St & Driggs Ave,5453.07,40.7111,-74.0158,40.7177,-73.9560,member
8a16a06cc958475e,electric_bike,2024-06-06 18:45:26,2024-06-06 18:59:25,South End Ave & Liberty St,5303.06,8 Ave & W 31 St,6450.12,40.7111,-74.0158,40.7502,-73.9978,casual
bf1e83664b8e43d4,electric_bike,2024-06-05 21:35:52,2024-06-05 22:10:45,E 47 St & Park Ave,6551.09,1 Ave & E 68 St,6753.08,40.7553,-73.9746,40.7659,-73.9585,member
8eac0a33cdf944a7,electric_bike,2024-06-03 18:52:14,2024-06-03 19:21:21,Central Park S & 6 Ave,6904.04,Broadway & E 14 St,5905.12,40.7659,-73.9764,40.7345,-73.9907,member
bfbf397bac3e4b0d,electric_bike,2024-06-01 10:30:34,2024-06-01 10:41:00,9 Ave & W 45 St,6717.06,E 17 St & Broadway,5905.14,40.7602,-73.9913,40.7370,-73.9901,casual
e25d36eb9e9a4f83,electric_bike,2024-06-06 07:50:43,2024-06-06 08:08:40,E 47 St & Park Ave,6551.09,N 8 St & Driggs Ave,5453.07,40.7553,-73.9746,40.7177,-73.9560,member
23c86d301dde4969,classic_bike,2024-06-11 20:03:29,2024-06-11 20:26:06,N 8 St & Driggs Ave,5453.07,Broadway & E 14 St,5905.12,40.7177,-73.9560,40.7345,-73.9907,member
5efa9c5b74214f46,electric_bike,2024-06-02 07:39:15,2024-06-02 08:17:56,8 Ave & W 31 St,6450.12,Central Park S & 6 Ave,6904.04,40.7502,-73.9978,40.7659,-73.9764,member
f396ea37f0654817,electric_bike,2024-06-11 07:41:53,2024-06-11 08:17:17,South End Ave & Liberty St,5303.06,E 17 St & Broadway,5905.14,40.7111,-74.0158,40.7370,-73.9901,member
fb1e143b196f4dfa,electric_bike,2024-06-04 13:34:28,2024-06-04 13:52:35,Bedford Ave & Nassau Ave,5525.04,Lafayette St & E 8 St,5788.13,40.7230,-73.9521,40.7302,-73.9910,casual
a446be72364c411a,classic_bike,2024-06-05 09:14:07,2024-06-05 09:47:09,W 21 St & 6 Ave,6140.05,E 17 St & Broadway,5905.14,40.7418,-73.9945,40.7370,-73.9901,member
8de08fc2c3e14a85,classic_bike,2024-06-04 08:08:50,2024-06-04 08:24:50,9 Ave & W 45 St,6717.06,Lafayette St & E 8 St,5788.13,40.7602,-73.9913,40.7302,-73.9910,member
00b9d4a3989240ac,electric_bike,2024-06-04 11:36:49,2024-06-04 11:48:53,E 47 St & Park Ave,6551.09,E 47 St & Park Ave,6551.09,40.7553,-73.9746,40.7553,-73.9746,member
21bddb4106994731,classic_bike,2024-06-05 19:37:11,2024-06-05 19:46:41,1 Ave & E 68 St,6753.08,Pier 40 - Hudson River Park,5573.05,40.7659,-73.9585,40.7276,-74.0115,casual
20733f6d0d6a45b3,electric_bike,2024-06-04 16:02:20,2024-06-04 16:05:24,9 Ave & W 45 St,6717.06,9 Ave & W 45 St,6717.06,40.7602,-73.9913,40.7602,-73.9913,member
73b6a09b1bea46ac,classic_bike,2024-06-08 13:39:49,2024-06-08 14:06:31,Bedford Ave & Nassau Ave,5525.04,Broadway & E 14 St,5905.12,40.7230,-73.9521,40.7345,-73.9907,member
07f97d05f6ca4b8b,classic_bike,2024-06-14 17:14:33,2024-06-14 17:37:08,Bedford Ave & Nassau Ave,5525.04,9 Ave & W 45 St,6717.06,40.7230,-73.9521,40.7602,-73.9913,casual
12d0498d718d4d05,classic_bike,2024-06-07 17:42:06,2024-06-07 18:17:34,E 47 St & Park Ave,6551.09,E 17 St & Broadway,5905.14,40.7553,-73.9746,40.7370,-73.9901,casual
fe9fecaa61824347,electric_bike,2024-06-02 08:09:17,2024-06-02 08:48:43,Grand Army Plaza & Plaza St West,4066.15,1 Ave & E 68 St,6753.08,40.6729,-73.9709,40.7659,-73.9585,casual
e0b15abaa6a24967,classic_bike,2024-06-07 07:41:50,2024-06-07 07:51:38,Pier 40 - Hudson River Park,5573.05,Grand Army Plaza & Plaza St West,4066.15,40.7276,-74.0115,40.6729,-73.9709,casual
18578bafbac742b9,electric_bike,2024-06-04 13:03:21,2024-06-04 13:36:18,Central Park S & 6 Ave,6904.04,South End Ave & Liberty St,5303.06,40.7659,-73.9764,40.7111,-74.0158,casual
15da705cd4ef40aa,classic_bike,2024-06-05 12:23:09,2024-06-05 12:57:31,Lafayette St & E 8 St,5788.13,N 8 St & Driggs Ave,5453.07,40.7302,-73.9910,40.7177,-73.9560,casual
f4e559e596224348,electric_bike,2024-06-12 12:21:51,2024-06-12 12:32:43,Broadway & E 14 St,5905.12,Bedford Ave & Nassau Ave,5525.04,40.7345,-73.9907,40.7230,-73.9521,member
0d2b91efb8974ec5,electric_bike,2024-06-14 17:21:48,2024-06-14 17:52:40,E 17 St & Broadway,5905.14,Lafayette St & E 8 St,5788.13,40.7370,-73.9901,40.7302,-73.9910,casual
d8e7012f39684c81,classic_bike,2024-06-10 14:39:13,2024-06-10 14:51:46,Lafayette St & E 8 St,5788.13,Broadway & E 14 St,5905.12,40.7302,-73.9910,40.7345,-73.9907,casual
6dda4f8dcea64f4c,classic_bike,2024-06-06 07:57:48,2024-06-06 08:18:49,E 47 St & Park Ave,6551.09,Pier 40 - Hudson River Park,5573.05,40.7553,-73.9746,40.7276,-74.0115,casual
0190262059dc4bd0,classic_bike,2024-06-05 17:59:48,2024-06-05 18:22:53,W 21 St & 6 Ave,6140.05,1 Ave & E 68 St,6753.08,40.7418,-73.9945,40.7659,-73.9585,member
3712f2d187cd46a1,electric_bike,2024-06-07 07:11:09,2024-06-07 07:15:14,Grand Army Plaza & Plaza St West,4066.15,N 8 St & Driggs Ave,5453.07,40.6729,-73.9709,40.7177,-73.9560,casual
98a21f1c914d4fae,classic_bike,2024-06-03 12:18:19,2024-06-03 12:42:27,Central Park S & 6 Ave,6904.04,Lafayette St & E 8 St,5788.13,40.7659,-73.9764,40.7302,-73.9910,member
6c8c3b6aa9744079,electric_bike,2024-06-13 16:32:03,2024-06-13 16:39:37,1 Ave & E 68 St,6753.08,1 Ave & E 68 St,6753.08,40.7659,-73.9585,40.7659,-73.9585,casual
4882d73c1c6345ab,electric_bike,2024-06-04 18:53:32,2024-06-04 19:03:18,E 17 St & Broadway,5905.14,8 Ave & W 31 St,6450.12,40.7370,-73.9901,40.7502,-73.9978,casual
36136e15f2004261,classic_bike,2024-06-07 16:13:03,2024-06-07 16:15:34,W 21 St & 6 Ave,6140.05,West St & Chambers St,5470.10,40.7418,-73.9945,40.7175,-74.0134,casual
8857511761554667,classic_bike,2024-06-02 06:07:31,2024-06-02 06:38:54,8 Ave & W 31 St,6450.12,Lafayette St & E 8 St,5788.13,40.7502,-73.9978,40.7302,-73.9910,casual
13eecdc6ebd14d2c,electric_bike,2024-06-14 18:39:02,2024-06-14 19:10:48,Broadway & E 14 St,5905.12,E 17 St & Broadway,5905.14,40.7345,-73.9907,40.7370,-73.9901,casual
f758dce205564aea,electric_bike,2024-06-12 16:55:26,2024-06-12 17:17:11,Grand Army Plaza & Plaza St West,4066.15,E 17 St & Broadway,5905.14,40.6729,-73.9709,40.7370,-73.9901,member
1b19d8b8d8304081,classic_bike,2024-06-08 20:11:44,2024-06-08 20:38:26,9 Ave & W 45 St,6717.06,Grand Army Plaza & Plaza St West,4066.15,40.7602,-73.9913,40.6729,-73.9709,casual
5543fc3c38b8424e,classic_bike,2024-06-09 07:20:25,2024-06-09 07:43:35,Grand Army Plaza & Plaza St West,4066.15,E 17 St & Broadway,5905.14,40.6729,-73.9709,40.7370,-73.9901,member
59e1ac0959704859,classic_bike,2024-06-02 15:03:32,2024-06-02 15:18:46,Pier 40 - Hudson River Park,5573.05,N 8 St & Driggs Ave,5453.07,40.7276,-74.0115,40.7177,-73.9560,member
134a5a2fa7cf405c,classic_bike,2024-06-05 09:22:11,2024-06-05 09:34:37,Broadway & E 14 St,5905.12,1 Ave & E 68 St,6753.08,40.7345,-73.9907,40.7659,-73.9585,casual
9082889be1cd487f,electric_bike,2024-06-10 18:58:37,2024-06-10 19:31:15,Central Park S & 6 Ave,6904.04,9 Ave & W 45 St,6717.06,40.7659,-73.9764,40.7602,-73.9913,casual
0e614bcd97674900,electric_bike,2024-06-02 14:00:28,2024-06-02 14:23:08,1 Ave & E 68 St,6753.08,Central Park S & 6 Ave,6904.04,40.7659,-73.9585,40.7659,-73.9764,member
a508dc9513a44492,classic_bike,2024-06-08 06:38:03,2024-06-08 07:05:13,8 Ave & W 31 St,6450.12,Central Park S & 6 Ave,6904.04,40.7502,-73.9978,40.7659,-73.9764,casual
925817b7cf504889,classic_bike,2024-06-09 19:30:47,2024-06-09 19:35:35,Central Park S & 6 Ave,6904.04,Grand Army Plaza & Plaza St West,4066.15,40.7659,-73.9764,40.6729,-73.9709,casual
d65e59dde62d4d06,electric_bike,2024-06-09 08:34:03,2024-06-09 09:06:48,Grand Army Plaza & Plaza St West,4066.15,Central Park S & 6 Ave,6904.04,40.6729,-73.9709,40.7659,-73.9764,member
85d2d0a686294b5d,classic_bike,2024-06-03 06:40:15,2024-06-03 07:12:08,Pier 40 - Hudson River Park,5573.05,N 8 St & Driggs Ave,5453.07,40.7276,-74.0115,40.7177,-73.9560,casual
ca0ac6ac0d67438e,electric_bike,2024-06-05 12:36:26,2024-06-05 13:01:31,Lafayette St & E 8 St,5788.13,South End Ave & Liberty St,5303.06,40.7302,-73.9910,40.7111,-74.0158,member
a8149562da004f16,classic_bike,2024-06-09 17:34:24,2024-06-09 17:55:47,Lafayette St & E 8 St,5788.13,Broadway & E 14 St,5905.12,40.7302,-73.9910,40.7345,-73.9907,casual
b2cf952da7f343b3,electric_bike,2024-06-11 08:24:58,2024-06-11 08:50:50,Broadway & E 14 St,5905.12,Grand Army Plaza & Plaza St West,4066.15,40.7345,-73.9907,40.6729,-73.9709,member
d02ce0c154174a17,classic_bike,2024-06-02 11:17:35,2024-06-02 11:45:17,Grand Army Plaza & Plaza St West,4066.15,Bedford Ave & Nassau Ave,5525.04,40.6729,-73.9709,40.7230,-73.9521,member
f37fd50d2e2545ee,classic_bike,2024-06-07 14:40:23,2024-06-07 14:43:37,N 8 St & Driggs Ave,5453.07,N 8 St & Driggs Ave,5453.07,40.7177,-73.9560,40.7177,-73.9560,casual
c9c23e69d82c4565,classic_bike,2024-06-04 09:51:08,2024-06-04 10:03:42,9 Ave & W 45 St,6717.06,Central Park S & 6 Ave,6904.04,40.7602,-73.9913,40.7659,-73.9764,member
d4d307952e4b4bc4,classic_bike,2024-06-13 16:32:08,2024-06-13 16:59:51,N 8 St & Driggs Ave,5453.07,Lafayette St & E 8 St,5788.13,40.7177,-73.9560,40.7302,-73.9910,casual
48f1096d9c4f4b46,electric_bike,2024-06-06 17:32:46,2024-06-06 17:50:58,W 21 St & 6 Ave,6140.05,E 17 St & Broadway,5905.14,40.7418,-73.9945,40.7370,-73.9901,member
5e2ad32d31ab4b56,electric_bike,2024-06-05 19:48:50,2024-06-05 20:22:51,Pier 40 - Hudson River Park,5573.05,West St & Chambers St,5470.10,40.7276,-74.0115,40.7175,-74.0134,casual
d11fc8c0297c44ff,classic_bike,2024-06-13 12:31:32,2024-06-13 13:09:32,9 Ave & W 45 St,6717.06,8 Ave & W 31 St,6450.12,40.7602,-73.9913,40.7502,-73.9978,member
b61e5fdb1a434206,classic_bike,2024-06-01 16:56:30,2024-06-01 17:23:50,E 47 St & Park Ave,6551.09,8 Ave & W 31 St,6450.12,40.7553,-73.9746,40.7502,-73.9978,casual
177a8a5f6ffe43b3,classic_bike,2024-06-03 10:39:28,2024-06-03 11:16:30,Broadway & E 14 St,5905.12,9 Ave & W 45 St,6717.06,40.7345,-73.9907,40.7602,-73.9913,casual
62dbc8503c5b43a7,classic_bike,2024-06-01 13:04:03,2024-06-01 13:33:06,South End Ave & Liberty St,5303.06,Lafayette St & E 8 St,5788.13,40.7111,-74.0158,40.7302,-73.9910,casual
09ce3cfb23394a19,electric_bike,2024-06-06 21:53:06,2024-06-06 22:17:59,West St & Chambers St,5470.10,W 21 St & 6 Ave,6140.05,40.7175,-74.0134,40.7418,-73.9945,casual
e7e646c701584463,classic_bike,2024-06-03 18:57:45,2024-06-03 19:31:46,Bedford Ave & Nassau Ave,5525.04,E 47 St & Park Ave,6551.09,40.7230,-73.9521,40.7553,-73.9746,member
49c10669c6b34fe6,classic_bike,2024-06-14 08:33:35,2024-06-14 09:11:36,8 Ave & W 31 St,6450.12,West St & Chambers St,5470.10,40.7502,-73.9978,40.7175,-74.0134,casual
e7b7b4c6d6314a80,electric_bike,2024-06-04 13:09:40,2024-06-04 13:42:52,Broadway & E 14 St,5905.12,W 21 St & 6 Ave,6140.05,40.7345,-73.9907,40.7418,-73.9945,member
9d6429320066453d,electric_bike,2024-06-10 10:07:45,2024-06-10 10:19:33,N 8 St & Driggs Ave,5453.07,Pier 40 - Hudson River Park,5573.05,40.7177,-73.9560,40.7276,-74.0115,member
11536e995c504720,classic_bike,2024-06-03 17:20:42,2024-06-03 17:28:32,Grand Army Plaza & Plaza St West,4066.15,E 17 St & Broadway,5905.14,40.6729,-73.9709,40.7370,-73.9901,casual
5b6a810204284378,classic_bike,2024-06-01 16:50:24,2024-06-01 17:17:53,E 47 St & Park Ave,6551.09,Central Park S & 6 Ave,6904.04,40.7553,-73.9746,40.7659,-73.9764,casual
8bc78e815a304528,electric_bike,2024-06-11 16:43:06,2024-06-11 17:07:47,West St & Chambers St,5470.10,Bedford Ave & Nassau Ave,5525.04,40.7175,-74.0134,40.7230,-73.9521,member
2285b2efcfbe4fe9,classic_bike,2024-06-11 13:55:44,2024-06-11 14:30:24,E 47 St & Park Ave,6551.09,9 Ave & W 45 St,6717.06,40.7553,-73.9746,40.7602,-73.9913,casual
eef1669450ca432d,electric_bike,2024-06-04 06:44:50,2024-06-04 07:00:27,W 21 St & 6 Ave,6140.05,8 Ave & W 31 St,6450.12,40.7418,-73.9945,40.7502,-73.9978,casual
c7e53bbbdcb54c53,classic_bike,2024-06-08 10:19:02,2024-06-08 10:34:04,E 47 St & Park Ave,6551.09,Pier 40 - Hudson River Park,5573.05,40.7553,-73.9746,40.7276,-74.0115,casual
f4dbca07e5064670,electric_bike,2024-06-13 12:16:27,2024-06-13 12:45:45,8 Ave & W 31 St,6450.12,Broadway & E 14 St,5905.12,40.7502,-73.9978,40.7345,-73.9907,casual
ba22006515264718,electric_bike,2024-06-12 14:29:23,2024-06-12 15:06:49,1 Ave & E 68 St,6753.08,Central Park S & 6 Ave,6904.04,40.7659,-73.9585,40.7659,-73.9764,member
53f28f11147f4570,electric_bike,2024-06-14 09:04:34,2024-06-14 09:26:37,E 17 St & Broadway,5905.14,Grand Army Plaza & Plaza St West,4066.15,40.7370,-73.9901,40.6729,-73.9709,casual
ba1082170ad749a2,electric_bike,2024-06-12 13:16:10,2024-06-12 13:48:28,Central Park S & 6 Ave,6904.04,Grand Army Plaza & Plaza St West,4066.15,40.7659,-73.9764,40.6729,-73.9709,casual
bff9507dcd14403e,classic_bike,2024-06-13 06:58:04,2024-06-13 07:27:47,8 Ave & W 31 St,6450.12,N 8 St & Driggs Ave,5453.07,40.7502,-73.9978,40.7177,-73.9560,member
3c6a3174113644a5,electric_bike,2024-06-10 17:34:50,2024-06-10 18:06:44,1 Ave & E 68 St,6753.08,E 47 St & Park Ave,6551.09,40.7659,-73.9585,40.7553,-73.9746,casual
71a6014c5f3c44dc,classic_bike,2024-06-01 16:19:09,2024-06-01 16:51:51,E 17 St & Broadway,5905.14,Grand Army Plaza & Plaza St West,4066.15,40.7370,-73.9901,40.6729,-73.9709,member
06a241af1d0a47f7,classic_bike,2024-06-07 11:21:41,2024-06-07 11:42:42,Pier 40 - Hudson River Park,5573.05,Lafayette St & E 8 St,5788.13,40.7276,-74.0115,40.7302,-73.9910,casual
ff11c8ba36ee4640,electric_bike,2024-06-09 08:00:16,2024-06-09 08:20:02,Pier 40 - Hudson River Park,5573.05,E 17 St & Broadway,5905.14,40.7276,-74.0115,40.7370,-73.9901,casual
71f2ce8fb69f48c3,classic_bike,2024-06-03 20:33:04,2024-06-03 21:05:55,West St & Chambers St,5470.10,Broadway & E 14 St,5905.12,40.7175,-74.0134,40.7345,-73.9907,casual
d9f2dd0d4cc945f2,classic_bike,2024-06-12 07:06:35,2024-06-12 07:45:35,N 8 St & Driggs Ave,5453.07,Lafayette St & E 8 St,5788.13,40.7177,-73.9560,40.7302,-73.9910,member
ca55e38b3c9a4e10,electric_bike,2024-06-09 09:49:07,2024-06-09 10:04:50,9 Ave & W 45 St,6717.06,Lafayette St & E 8 St,5788.13,40.7602,-73.9913,40.7302,-73.9910,member
161237c9e25d49a8,classic_bike,2024-06-10 12:17:29,2024-06-10 12:57:08,Lafayette St & E 8 St,5788.13,Pier 40 - Hudson River Park,5573.05,40.7302,-73.9910,40.7276,-74.0115,casual
932cae01d2c64ee4,classic_bike,2024-06-12 14:10:33,2024-06-12 14:40:35,E 17 St & Broadway,5905.14,Bedford Ave & Nassau Ave,5525.04,40.7370,-73.9901,40.7230,-73.9521,member
d43cdd6de0c14f1e,classic_bike,2024-06-02 13:40:29,2024-06-02 14:17:48,Lafayette St & E 8 St,5788.13,N 8 St & Driggs Ave,5453.07,40.7302,-73.9910,40.7177,-73.9560,member
2a26f7704ddb4b36,classic_bike,2024-06-14 06:56:53,2024-06-14 07:07:21,E 17 St & Broadway,5905.14,Pier 40 - Hudson River Park,5573.05,40.7370,-73.9901,40.7276,-74.0115,casual
3240d7a140274b7d,electric_bike,2024-06-04 11:54:33,2024-06-04 12:15:56,South End Ave & Liberty St,5303.06,Bedford Ave & Nassau Ave,5525.04,40.7111,-74.0158,40.7230,-73.9521,member
f10d27c897804215,classic_bike,2024-06-10 15:06:05,2024-06-10 15:42:23,N 8 St & Driggs Ave,5453.07,8 Ave & W 31 St,6450.12,40.7177,-73.9560,40.7502,-73.9978,member
0a8bb5b490494583,classic_bike,2024-06-12 21:23:38,2024-06-12 21:48:40,N 8 St & Driggs Ave,5453.07,Grand Army Plaza & Plaza St West,4066.15,40.7177,-73.9560,40.6729,-73.9709,member
9e3c5a886aa54e6d,classic_bike,2024-06-13 15:50:16,2024-06-13 16:06:39,W 21 St & 6 Ave,6140.05,N 8 St & Driggs Ave,5453.07,40.7418,-73.9945,40.7177,-73.9560,casual
ceae71cfce004af0,electric_bike,2024-06-09 10:56:41,2024-06-09 11:19:18,South End Ave & Liberty St,5303.06,N 8 St & Driggs Ave,5453.07,40.7111,-74.0158,40.7177,-73.9560,casual
343ada2a76e54e78,electric_bike,2024-06-12 07:01:10,2024-06-12 07:33:10,Central Park S & 6 Ave,6904.04,Broadway & E 14 St,5905.12,40.7659,-73.9764,40.7345,-73.9907,member
c2baf0e0217943f0,electric_bike,2024-06-12 11:26:46,2024-06-12 11:52:20,Lafayette St & E 8 St,5788.13,E 47 St & Park Ave,6551.09,40.7302,-73.9910,40.7553,-73.9746,member
0cf477ef18c84616,electric_bike,2024-06-08 08:05:17,2024-06-08 08:37:58,Lafayette St & E 8 St,5788.13,West St & Chambers St,5470.10,40.7302,-73.9910,40.7175,-74.0134,casual
93e34c35ef0a473d,electric_bike,2024-06-07 10:14:55,2024-06-07 10:27:49,E 47 St & Park Ave,6551.09,Grand Army Plaza & Plaza St West,4066.15,40.7553,-73.9746,40.6729,-73.9709,member
05eee1d47f53488e,classic_bike,2024-06-08 14:47:29,2024-06-08 15:23:31,9 Ave & W 45 St,6717.06,1 Ave & E 68 St,6753.08,40.7602,-73.9913,40.7659,-73.9585,casual
7eb162f148064804,electric_bike,2024-06-04 09:40:37,2024-06-04 10:06:42,Pier 40 - Hudson River Park,5573.05,Central Park S & 6 Ave,6904.04,40.7276,-74.0115,40.7659,-73.9764,casual
5da39a73ba3d47ff,electric_bike,2024-06-14 07:50:27,2024-06-14 08:01:35,Pier 40 - Hudson River Park,5573.05,W 21 St & 6 Ave,6140.05,40.7276,-74.0115,40.7418,-73.9945,casual
12d2fa0649e14d13,electric_bike,2024-06-01 15:43:35,2024-06-01 15:58:52,W 21 St & 6 Ave,6140.05,E 17 St & Broadway,5905.14,40.7418,-73.9945,40.7370,-73.9901,casual
64d6dfbf18c04e2b,electric_bike,2024-06-05 20:05:39,2024-06-05 20:15:45,9 Ave & W 45 St,6717.06,Pier 40 - Hudson River Park,5573.05,40.7602,-73.9913,40.7276,-74.0115,casual
0b9900340a4e4552,classic_bike,2024-06-13 08:27:12,2024-06-13 09:03:57,Pier 40 - Hudson River Park,5573.05,Lafayette St & E 8 St,5788.13,40.7276,-74.0115,40.7302,-73.9910,member
83f82f16e4a4474c,classic_bike,2024-06-13 14:05:33,2024-06-13 14:38:44,Bedford Ave & Nassau Ave,5525.04,Lafayette St & E 8 St,5788.13,40.7230,-73.9521,40.7302,-73.9910,casual
d40ac5e981df4517,electric_bike,2024-06-06 08:46:25,2024-06-06 09:08:50,South End Ave & Liberty St,5303.06,Grand Army Plaza & Plaza St West,4066.15,40.7111,-74.0158,40.6729,-73.9709,casual
4ec3f970956d40e4,classic_bike,2024-06-01 12:17:21,2024-06-01 12:26:49,Central Park S & 6 Ave,6904.04,E 47 St & Park Ave,6551.09,40.7659,-73.9764,40.7553,-73.9746,casual
7afeb11495614813,classic_bike,2024-06-13 19:14:37,2024-06-13 19:32:09,8 Ave & W 31 St,6450.12,N 8 St & Driggs Ave,5453.07,40.7502,-73.9978,40.7177,-73.9560,casual
504e268770e74756,electric_bike,2024-06-11 10:08:02,2024-06-11 10:17:32,1 Ave & E 68 St,6753.08,E 47 St & Park Ave,6551.09,40.7659,-73.9585,40.7553,-73.9746,member
ba370623bc5f44dd,classic_bike,2024-06-04 13:00:32,2024-06-04 13:34:43,E 17 St & Broadway,5905.14,Bedford Ave & Nassau Ave,5525.04,40.7370,-73.9901,40.7230,-73.9521,member
f4e9573450524700,classic_bike,2024-06-09 11:32:42,2024-06-09 12:07:21,Pier 40 - Hudson River Park,5573.05,West St & Chambers St,5470.10,40.7276,-74.0115,40.7175,-74.0134,casual
f514105831384975,classic_bike,2024-06-06 15:19:22,2024-06-06 15:39:24,South End Ave & Liberty St,5303.06,Pier 40 - Hudson River Park,5573.05,40.7111,-74.0158,40.7276,-74.0115,casual
b47a1c5bb0b34015,electric_bike,2024-06-04 11:04:49,2024-06-04 11:26:32,Pier 40 - Hudson River Park,5573.05,8 Ave & W 31 St,6450.12,40.7276,-74.0115,40.7502,-73.9978,casual
ad371d9e92cf4021,electric_bike,2024-06-09 21:56:59,2024-06-09 22:17:39,Central Park S & 6 Ave,6904.04,Lafayette St & E 8 St,5788.13,40.7659,-73.9764,40.7302,-73.9910,casual
b6d1f6bbf48f409c,classic_bike,2024-06-13 19:43:09,2024-06-13 20:04:58,E 47 St & Park Ave,6551.09,Lafayette St & E 8 St,5788.13,40.7553,-73.9746,40.7302,-73.9910,casual
89e03e22d3f4449b,electric_bike,2024-06-11 10:22:47,2024-06-11 10:57:29,South End Ave & Liberty St,5303.06,Central Park S & 6 Ave,6904.04,40.7111,-74.0158,40.7659,-73.9764,casual
e7ba26acab7a4d1c,classic_bike,2024-06-10 18:38:37,2024-06-10 18:56:57,1 Ave & E 68 St,6753.08,Broadway & E 14 St,5905.12,40.7659,-73.9585,40.7345,-73.9907,member
23310a28c5504ca8,classic_bike,2024-06-07 11:38:45,2024-06-07 12:12:59,W 21 St & 6 Ave,6140.05,Broadway & E 14 St,5905.12,40.7418,-73.9945,40.7345,-73.9907,member
52380bf249884418,electric_bike,2024-06-08 14:08:41,2024-06-08 14:24:17,E 17 St & Broadway,5905.14,N 8 St & Driggs Ave,5453.07,40.7370,-73.9901,40.7177,-73.9560,member
d9af6e09b91e4d6e,classic_bike,2024-06-02 17:07:36,2024-06-02 17:25:27,South End Ave & Liberty St,5303.06,9 Ave & W 45 St,6717.06,40.7111,-74.0158,40.7602,-73.9913,member
c9b7c9bc65a14fa9,electric_bike,2024-06-14 09:00:59,2024-06-14 09:05:27,E 17 St & Broadway,5905.14,South End Ave & Liberty St,5303.06,40.7370,-73.9901,40.7111,-74.0158,member
9a4ffc0c916542ed,classic_bike,2024-06-14 21:48:18,2024-06-14 21:52:51,South End Ave & Liberty St,5303.06,Bedford Ave & Nassau Ave,5525.04,40.7111,-74.0158,40.7230,-73.9521,casual
d9df0d0e225a4d6c,electric_bike,2024-06-11 15:16:33,2024-06-11 15:52:16,8 Ave & W 31 St,6450.12,Central Park S & 6 Ave,6904.04,40.7502,-73.9978,40.7659,-73.9764,casual
2faabe0bb7f64cdf,classic_bike,2024-06-02 11:38:10,2024-06-02 12:11:29,West St & Chambers St,5470.10,9 Ave & W 45 St,6717.06,40.7175,-74.0134,40.7602,-73.9913,casual
a383889adb2c4ac8,electric_bike,2024-06-10 17:30:48,2024-06-10 17:45:59,9 Ave & W 45 St,6717.06,8 Ave & W 31 St,6450.12,40.7602,-73.9913,40.7502,-73.9978,casual
7a3a6e9623ff43d3,electric_bike,2024-06-02 12:50:42,2024-06-02 12:59:12,Pier 40 - Hudson River Park,5573.05,Lafayette St & E 8 St,5788.13,40.7276,-74.0115,40.7302,-73.9910,member
951c25d54d4c4280,classic_bike,2024-06-07 10:01:28,2024-06-07 10:21:41,W 21 St & 6 Ave,6140.05,8 Ave & W 31 St,6450.12,40.7418,-73.9945,40.7502,-73.9978,casual
67c9620428e343b6,electric_bike,2024-06-12 10:01:03,2024-06-12 10:11:07,N 8 St & Driggs Ave,5453.07,Lafayette St & E 8 St,5788.13,40.7177,-73.9560,40.7302,-73.9910,member
7a6a210722314050,classic_bike,2024-06-05 12:16:39,2024-06-05 12:33:43,N 8 St & Driggs Ave,5453.07,South End Ave & Liberty St,5303.06,40.7177,-73.9560,40.7111,-74.0158,casual
899ac252c1e1494a,classic_bike,2024-06-06 13:05:44,2024-06-06 13:45:13,Bedford Ave & Nassau Ave,5525.04,Grand Army Plaza & Plaza St West,4066.15,40.7230,-73.9521,40.6729,-73.9709,member
b42a045687364a84,electric_bike,2024-06-10 20:54:50,2024-06-10 21:02:25,N 8 St & Driggs Ave,5453.07,9 Ave & W 45 St,6717.06,40.7177,-73.9560,40.7602,-73.9913,member
929c93b333c04bf1,classic_bike,2024-06-02 07:03:53,2024-06-02 07:43:16,South End Ave & Liberty St,5303.06,Grand Army Plaza & Plaza St West,4066.15,40.7111,-74.0158,40.6729,-73.9709,member
1747f3877d234479,electric_bike,2024-06-09 13:32:07,2024-06-09 13:48:08,Lafayette St & E 8 St,5788.13,E 47 St & Park Ave,6551.09,40.7302,-73.9910,40.7553,-73.9746,member
ce920136ac3a412f,electric_bike,2024-06-09 13:05:29,2024-06-09 13:11:25,Central Park S & 6 Ave,6904.04,1 Ave & E 68 St,6753.08,40.7659,-73.9764,40.7659,-73.9585,member
6c776e950b984ccd,electric_bike,2024-06-14 06:03:47,2024-06-14 06:20:39,E 17 St & Broadway,5905.14,8 Ave & W 31 St,6450.12,40.7370,-73.9901,40.7502,-73.9978,member
c4db5a622e13418d,classic_bike,2024-06-02 21:56:30,2024-06-02 22:00:39,Pier 40 - Hudson River Park,5573.05,W 21 St & 6 Ave,6140.05,40.7276,-74.0115,40.7418,-73.9945,casual
f6d22a7baec74a82,classic_bike,2024-06-07 13:39:55,2024-06-07 14:07:41,Lafayette St & E 8 St,5788.13,South End Ave & Liberty St,5303.06,40.7302,-73.9910,40.7111,-74.0158,casual
d5b6de85390249d9,classic_bike,2024-06-09 12:42:33,2024-06-09 12:53:14,Broadway & E 14 St,5905.12,1 Ave & E 68 St,6753.08,40.7345,-73.9907,40.7659,-73.9585,member
3acb43a3d2c74ffb,classic_bike,2024-06-11 18:16:34,2024-06-11 18:47:31,8 Ave & W 31 St,6450.12,Central Park S & 6 Ave,6904.04,40.7502,-73.9978,40.7659,-73.9764,casual
6b535a19a902473f,classic_bike,2024-06-05 09:13:59,2024-06-05 09:23:41,Lafayette St & E 8 St,5788.13,1 Ave & E 68 St,6753.08,40.7302,-73.9910,40.7659,-73.9585,member
df495037b40a4181,classic_bike,2024-06-02 16:08:02,2024-06-02 16:40:30,West St & Chambers St,5470.10,Broadway & E 14 St,5905.12,40.7175,-74.0134,40.7345,-73.9907,member
c6ac1b04dd1d4cd1,classic_bike,2024-06-07 13:29:14,2024-06-07 14:08:04,Bedford Ave & Nassau Ave,5525.04,W 21 St & 6 Ave,6140.05,40.7230,-73.9521,40.7418,-73.9945,member
ac2b0cfcc5c54060,electric_bike,2024-06-04 19:55:58,2024-06-04 20:19:44,Pier 40 - Hudson River Park,5573.05,8 Ave & W 31 St,6450.12,40.7276,-74.0115,40.7502,-73.9978,member
0f9aeb7046704cd6,classic_bike,2024-06-03 17:16:33,2024-06-03 17:33:38,8 Ave & W 31 St,6450.12,South End Ave & Liberty St,5303.06,40.7502,-73.9978,40.7111,-74.0158,casual
b2414482519844d8,electric_bike,2024-06-01 11:52:41,2024-06-01 12:20:42,Pier 40 - Hudson River Park,5573.05,Central Park S & 6 Ave,6904.04,40.7276,-74.0115,40.7659,-73.9764,casual
39b02e2ad96e484f,electric_bike,2024-06-07 09:08:48,2024-06-07 09:47:31,1 Ave & E 68 St,6753.08,8 Ave & W 31 St,6450.12,40.7659,-73.9585,40.7502,-73.9978,member
636f6e5c22534706,classic_bike,2024-06-01 15:35:26,2024-06-01 16:05:52,9 Ave & W 45 St,6717.06,Central Park S & 6 Ave,6904.04,40.7602,-73.9913,40.7659,-73.9764,casual
891f691217ab4863,classic_bike,2024-06-11 07:20:59,2024-06-11 07:53:41,West St & Chambers St,5470.10,Lafayette St & E 8 St,5788.13,40.7175,-74.0134,40.7302,-73.9910,member
cdfd9531302b4831,classic_bike,2024-06-11 16:19:38,2024-06-11 16:24:19,8 Ave & W 31 St,6450.12,E 17 St & Broadway,5905.14,40.7502,-73.9978,40.7370,-73.9901,casual
f64ab6ec30a5448e,classic_bike,2024-06-06 11:10:58,2024-06-06 11:14:00,West St & Chambers St,5470.10,E 47 St & Park Ave,6551.09,40.7175,-74.0134,40.7553,-73.9746,casual
8d55119e3d444b2c,electric_bike,2024-06-12 16:18:45,2024-06-12 16:34:42,South End Ave & Liberty St,5303.06,West St & Chambers St,5470.10,40.7111,-74.0158,40.7175,-74.0134,casual
e1fff6c0834741da,electric_bike,2024-06-09 17:04:22,2024-06-09 17:27:25,E 17 St & Broadway,5905.14,Central Park S & 6 Ave,6904.04,40.7370,-73.9901,40.7659,-73.9764,casual
501ba8515ee64495,electric_bike,2024-06-12 14:00:48,2024-06-12 14:24:39,Broadway & E 14 St,5905.12,9 Ave & W 45 St,6717.06,40.7345,-73.9907,40.7602,-73.9913,member
95831d58ef4c4119,electric_bike,2024-06-04 18:39:09,2024-06-04 18:42:15,Grand Army Plaza & Plaza St West,4066.15,E 47 St & Park Ave,6551.09,40.6729,-73.9709,40.7553,-73.9746,casual
f186e47aa7944320,electric_bike,2024-06-06 09:55:24,2024-06-06 10:14:10,1 Ave & E 68 St,6753.08,West St & Chambers St,5470.10,40.7659,-73.9585,40.7175,-74.0134,casual
cb8383f2bb964602,electric_bike,2024-06-08 18:20:41,2024-06-08 18:56:10,9 Ave & W 45 St,6717.06,E 47 St & Park Ave,6551.09,40.7602,-73.9913,40.7553,-73.9746,member
0f09105cf50d4a37,classic_bike,2024-06-09 14:20:11,2024-06-09 14:59:11,1 Ave & E 68 St,6753.08,Bedford Ave & Nassau Ave,5525.04,40.7659,-73.9585,40.7230,-73.9521,member
3b3f3800a17549c3,classic_bike,2024-06-01 19:02:00,2024-06-01 19:32:09,E 47 St & Park Ave,6551.09,N 8 St & Driggs Ave,5453.07,40.7553,-73.9746,40.7177,-73.9560,member
ef145064aab04015,electric_bike,2024-06-09 13:46:23,2024-06-09 13:52:30,W 21 St & 6 Ave,6140.05,West St & Chambers St,5470.10,40.7418,-73.9945,40.7175,-74.0134,casual
465568b7b8e14f56,electric_bike,2024-06-09 15:24:26,2024-06-09 15:27:14,W 21 St & 6 Ave,6140.05,W 21 St & 6 Ave,6140.05,40.7418,-73.9945,40.7418,-73.9945,member
863e1f2a18a846ef,classic_bike,2024-06-12 17:30:27,2024-06-12 17:44:41,Pier 40 - Hudson River Park,5573.05,E 47 St & Park Ave,6551.09,40.7276,-74.0115,40.7553,-73.9746,member
143a9aff659b4105,electric_bike,2024-06-09 10:18:52,2024-06-09 10:45:03,West St & Chambers St,5470.10,Grand Army Plaza & Plaza St West,4066.15,40.7175,-74.0134,40.6729,-73.9709,casual
14a34f7fd90d419b,classic_bike,2024-06-04 17:53:14,2024-06-04 18:15:42,Central Park S & 6 Ave,6904.04,Grand Army Plaza & Plaza St West,4066.15,40.7659,-73.9764,40.6729,-73.9709,member
2bdfcb41b3ed48f1,classic_bike,2024-06-07 15:25:30,2024-06-07 15:31:19,E 17 St & Broadway,5905.14,E 17 St & Broadway,5905.14,40.7370,-73.9901,40.7370,-73.9901,casual
0ae4ac11eb4d4f42,classic_bike,2024-06-11 19:23:21,2024-06-11 19:31:51,E 47 St & Park Ave,6551.09,E 17 St & Broadway,5905.14,40.7553,-73.9746,40.7370,-73.9901,member
13087974ec9543ac,electric_bike,2024-06-12 21:08:36,2024-06-12 21:43:03,South End Ave & Liberty St,5303.06,E 47 St & Park Ave,6551.09,40.7111,-74.0158,40.7553,-73.9746,member
d218c9d6c0934fb0,electric_bike,2024-06-14 11:22:01,2024-06-14 11:38:09,1 Ave & E 68 St,6753.08,South End Ave & Liberty St,5303.06,40.7659,-73.9585,40.7111,-74.0158,member
54ec3f338a624cbd,electric_bike,2024-06-10 10:06:36,2024-06-10 10:35:09,8 Ave & W 31 St,6450.12,1 Ave & E 68 St,6753.08,40.7502,-73.9978,40.7659,-73.9585,member
3b6dca0d6fe5440b,classic_bike,2024-06-12 07:20:32,2024-06-12 07:46:08,9 Ave & W 45 St,6717.06,Bedford Ave & Nassau Ave,5525.04,40.7602,-73.9913,40.7230,-73.9521,casual
c8969c5b45f8428d,electric_bike,2024-06-10 16:09:25,2024-06-10 16:33:41,Grand Army Plaza & Plaza St West,4066.15,9 Ave & W 45 St,6717.06,40.6729,-73.9709,40.7602,-73.9913,casual
614c721da9214b4c,classic_bike,2024-06-09 12:24:27,2024-06-09 12:39:07,West St & Chambers St,5470.10,Lafayette St & E 8 St,5788.13,40.7175,-74.0134,40.7302,-73.9910,casual
c8ad0899b630494d,classic_bike,2024-06-12 07:15:05,2024-06-12 07:35:22,9 Ave & W 45 St,6717.06,West St & Chambers St,5470.10,40.7602,-73.9913,40.7175,-74.0134,casual
450f69eec2e74a98,classic_bike,2024-06-02 07:33:00,2024-06-02 07:56:02,Lafayette St & E 8 St,5788.13,Lafayette St & E 8 St,5788.13,40.7302,-73.9910,40.7302,-73.9910,member
06b919aa1a7147c7,classic_bike,2024-06-07 13:39:35,2024-06-07 14:19:27,Broadway & E 14 St,5905.12,1 Ave & E 68 St,6753.08,40.7345,-73.9907,40.7659,-73.9585,casual
4ab6821c03284136,electric_bike,2024-06-10 16:12:50,2024-06-10 16:36:58,Pier 40 - Hudson River Park,5573.05,Broadway & E 14 St,5905.12,40.7276,-74.0115,40.7345,-73.9907,casual
af70de702b69495e,electric_bike,2024-06-12 21:22:35,2024-06-12 21:41:09,9 Ave & W 45 St,6717.06,Broadway & E 14 St,5905.12,40.7602,-73.9913,40.7345,-73.9907,member
46a56fe86f4641b1,electric_bike,2024-06-05 10:34:31,2024-06-05 10:46:28,1 Ave & E 68 St,6753.08,8 Ave & W 31 St,6450.12,40.7659,-73.9585,40.7502,-73.9978,casual
9803b22e7eec488d,classic_bike,2024-06-02 12:09:16,2024-06-02 12:28:06,Central Park S & 6 Ave,6904.04,9 Ave & W 45 St,6717.06,40.7659,-73.9764,40.7602,-73.9913,casual
cdd7f460614047d3,electric_bike,2024-06-05 06:06:25,2024-06-05 06:31:05,Broadway & E 14 St,5905.12,1 Ave & E 68 St,6753.08,40.7345,-73.9907,40.7659,-73.9585,casual
f280df1d9a6c4db9,classic_bike,2024-06-14 20:03:55,2024-06-14 20:15:12,Lafayette St & E 8 St,5788.13,E 17 St & Broadway,5905.14,40.7302,-73.9910,40.7370,-73.9901,casual
3e0f84cec82f48fd,electric_bike,2024-06-07 11:26:18,2024-06-07 12:01:49,Lafayette St & E 8 St,5788.13,1 Ave & E 68 St,6753.08,40.7302,-73.9910,40.7659,-73.9585,casual
979c30cf33264887,classic_bike,2024-06-13 12:42:23,2024-06-13 12:52:09,8 Ave & W 31 St,6450.12,E 47 St & Park Ave,6551.09,40.7502,-73.9978,40.7553,-73.9746,member
d1a7ba2011b441e9,electric_bike,2024-06-12 09:34:28,2024-06-12 09:56:21,Bedford Ave & Nassau Ave,5525.04,Central Park S & 6 Ave,6904.04,40.7230,-73.9521,40.7659,-73.9764,casual
6082786fca004f58,classic_bike,2024-06-05 10:07:16,2024-06-05 10:19:47,1 Ave & E 68 St,6753.08,N 8 St & Driggs Ave,5453.07,40.7659,-73.9585,40.7177,-73.9560,casual
b113d50bdea040c6,electric_bike,2024-06-10 12:50:34,2024-06-10 13:27:09,Grand Army Plaza & Plaza St West,4066.15,Central Park S & 6 Ave,6904.04,40.6729,-73.9709,40.7659,-73.9764,member
15c1604fea164354,classic_bike,2024-06-12 21:16:51,2024-06-12 21:55:30,9 Ave & W 45 St,6717.06,Lafayette St & E 8 St,5788.13,40.7602,-73.9913,40.7302,-73.9910,member
ad6ecc57a52043d0,electric_bike,2024-06-06 08:50:41,2024-06-06 08:55:42,N 8 St & Driggs Ave,5453.07,N 8 St & Driggs Ave,5453.07,40.7177,-73.9560,40.7177,-73.9560,casual
84cfee39bf31429f,classic_bike,2024-06-02 06:10:06,2024-06-02 06:29:45,9 Ave & W 45 St,6717.06,E 17 St & Broadway,5905.14,40.7602,-73.9913,40.7370,-73.9901,casual
0649bcf6ff69423d,electric_bike,2024-06-08 19:10:43,2024-06-08 19:46:52,Lafayette St & E 8 St,5788.13,E 17 St & Broadway,5905.14,40.7302,-73.9910,40.7370,-73.9901,member
7490adeb57d347d3,classic_bike,2024-06-02 07:58:53,2024-06-02 08:10:33,8 Ave & W 31 St,6450.12,E 17 St & Broadway,5905.14,40.7502,-73.9978,40.7370,-73.9901,casual
0b7059334cde4b6b,classic_bike,2024-06-02 13:28:46,2024-06-02 14:01:39,Lafayette St & E 8 St,5788.13,Central Park S & 6 Ave,6904.04,40.7302,-73.9910,40.7659,-73.9764,member
3e711433bd90481a,classic_bike,2024-06-11 07:51:43,2024-06-11 08:04:56,E 47 St & Park Ave,6551.09,Lafayette St & E 8 St,5788.13,40.7553,-73.9746,40.7302,-73.9910,member
a3f66c612fb74dab,electric_bike,2024-06-07 13:53:14,2024-06-07 14:22:53,Lafayette St & E 8 St,5788.13,Pier 40 - Hudson River Park,5573.05,40.7302,-73.9910,40.7276,-74.0115,casual
0123a348638a4df6,classic_bike,2024-06-10 21:04:12,2024-06-10 21:36:53,W 21 St & 6 Ave,6140.05,Bedford Ave & Nassau Ave,5525.04,40.7418,-73.9945,40.7230,-73.9521,member
df3a098accac4fb5,classic_bike,2024-06-12 19:48:50,2024-06-12 19:55:06,8 Ave & W 31 St,6450.12,9 Ave & W 45 St,6717.06,40.7502,-73.9978,40.7602,-73.9913,casual
503b4078a39c4ec6,electric_bike,2024-06-08 07:56:16,2024-06-08 08:31:40,Lafayette St & E 8 St,5788.13,West St & Chambers St,5470.10,40.7302,-73.9910,40.7175,-74.0134,casual
ac7051d1d051467f,electric_bike,2024-06-06 12:00:54,2024-06-06 12:34:09,Grand Army Plaza & Plaza St West,4066.15,Broadway & E 14 St,5905.12,40.6729,-73.9709,40.7345,-73.9907,member
b1850eb85f904c87,classic_bike,2024-06-06 08:00:15,2024-06-06 08:23:05,N 8 St & Driggs Ave,5453.07,1 Ave & E 68 St,6753.08,40.7177,-73.9560,40.7659,-73.9585,casual
8991b01aa2b04c4b,classic_bike,2024-06-03 15:48:24,2024-06-03 16:19:16,E 17 St & Broadway,5905.14,Grand Army Plaza & Plaza St West,4066.15,40.7370,-73.9901,40.6729,-73.9709,member
5be9fdb3dd924d7c,classic_bike,2024-06-03 09:11:20,2024-06-03 09:44:07,Central Park S & 6 Ave,6904.04,8 Ave & W 31 St,6450.12,40.7659,-73.9764,40.7502,-73.9978,casual
af4847f068bd475b,electric_bike,2024-06-14 12:33:35,2024-06-14 13:10:05,1 Ave & E 68 St,6753.08,West St & Chambers St,5470.10,40.7659,-73.9585,40.7175,-74.0134,casual
c2d49b56cbbe4980,classic_bike,2024-06-08 14:20:10,2024-06-08 14:27:48,Bedford Ave & Nassau Ave,5525.04,E 47 St & Park Ave,6551.09,40.7230,-73.9521,40.7553,-73.9746,casual
be15ad1290ce47e9,electric_bike,2024-06-04 15:10:18,2024-06-04 15:23:46,W 21 St & 6 Ave,6140.05,8 Ave & W 31 St,6450.12,40.7418,-73.9945,40.7502,-73.9978,member
0aa6fcb9c1bc4e59,electric_bike,2024-06-05 19:13:34,2024-06-05 19:40:36,Grand Army Plaza & Plaza St West,4066.15,Broadway & E 14 St,5905.12,40.6729,-73.9709,40.7345,-73.9907,member
0840405affd24491,electric_bike,2024-06-12 20:09:41,2024-06-12 20:28:34,E 17 St & Broadway,5905.14,Broadway & E 14 St,5905.12,40.7370,-73.9901,40.7345,-73.9907,casual
35ba93573ca84f31,electric_bike,2024-06-14 07:29:28,2024-06-14 07:39:28,Lafayette St & E 8 St,5788.13,E 47 St & Park Ave,6551.09,40.7302,-73.9910,40.7553,-73.9746,casual
59cf0b0d91f0447d,electric_bike,2024-06-03 19:23:13,2024-06-03 19:39:20,1 Ave & E 68 St,6753.08,Grand Army Plaza & Plaza St West,4066.15,40.7659,-73.9585,40.6729,-73.9709,member
fc48f61583b0435c,classic_bike,2024-06-05 10:56:36,2024-06-05 11:16:51,Lafayette St & E 8 St,5788.13,Bedford Ave & Nassau Ave,5525.04,40.7302,-73.9910,40.7230,-73.9521,member
b390b059207b4e21,classic_bike,2024-06-07 21:40:03,2024-06-07 22:00:58,9 Ave & W 45 St,6717.06,9 Ave & W 45 St,6717.06,40.7602,-73.9913,40.7602,-73.9913,member
a1e518a293d248d4,electric_bike,2024-06-06 20:08:15,2024-06-06 20:37:03,1 Ave & E 68 St,6753.08,Bedford Ave & Nassau Ave,5525.04,40.7659,-73.9585,40.7230,-73.9521,casual
4739cc7bbff34c8d,electric_bike,2024-06-02 16:48:50,2024-06-02 16:57:11,E 17 St & Broadway,5905.14,Central Park S & 6 Ave,6904.04,40.7370,-73.9901,40.7659,-73.9764,casual
a284e8fd755c4e2a,electric_bike,2024-06-10 06:02:55,2024-06-10 06:11:16,Central Park S & 6 Ave,6904.04,Lafayette St & E 8 St,5788.13,40.7659,-73.9764,40.7302,-73.9910,member
d40e53ce52a74a41,electric_bike,2024-06-07 09:43:27,2024-06-07 09:59:54,9 Ave & W 45 St,6717.06,Pier 40 - Hudson River Park,5573.05,40.7602,-73.9913,40.7276,-74.0115,casual
aebbb90ee4e741de,classic_bike,2024-06-03 15:39:54,2024-06-03 16:15:01,Pier 40 - Hudson River Park,5573.05,Grand Army Plaza & Plaza St West,4066.15,40.7276,-74.0115,40.6729,-73.9709,member
28719b9bdb8f4e32,electric_bike,2024-06-13 20:16:29,2024-06-13 20:19:35,Broadway & E 14 St,5905.12,N 8 St & Driggs Ave,5453.07,40.7345,-73.9907,40.7177,-73.9560,casual
28b2bf214d474ed6,electric_bike,2024-06-04 17:45:58,2024-06-04 17:56:58,W 21 St & 6 Ave,6140.05,E 17 St & Broadway,5905.14,40.7418,-73.9945,40.7370,-73.9901,member
4e35da80a0274a18,classic_bike,2024-06-05 07:24:23,2024-06-05 07:37:40,N 8 St & Driggs Ave,5453.07,Lafayette St & E 8 St,5788.13,40.7177,-73.9560,40.7302,-73.9910,casual
97fb613a21f84d06,classic_bike,2024-06-12 07:37:00,2024-06-12 07:53:34,N 8 St & Driggs Ave,5453.07,Broadway & E 14 St,5905.12,40.7177,-73.9560,40.7345,-73.9907,casual
b1ac040d6c1c4405,classic_bike,2024-06-12 11:51:52,2024-06-12 12:02:05,W 21 St & 6 Ave,6140.05,W 21 St & 6 Ave,6140.05,40.7418,-73.9945,40.7418,-73.9945,casual
e1887eaf5e1845c3,electric_bike,2024-06-07 07:31:46,2024-06-07 07:40:45,Broadway & E 14 St,5905.12,West St & Chambers St,5470.10,40.7345,-73.9907,40.7175,-74.0134,member
249204c7ad584b1b,classic_bike,2024-06-14 18:51:55,2024-06-14 19:03:00,E 17 St & Broadway,5905.14,9 Ave & W 45 St,6717.06,40.7370,-73.9901,40.7602,-73.9913,member
eb7e2e6426c0447e,electric_bike,2024-06-03 13:30:22,2024-06-03 13:46:54,Grand Army Plaza & Plaza St West,4066.15,N 8 St & Driggs Ave,5453.07,40.6729,-73.9709,40.7177,-73.9560,casual
bae1e13796ee40e5,electric_bike,2024-06-02 21:18:06,2024-06-02 21:29:39,E 47 St & Park Ave,6551.09,West St & Chambers St,5470.10,40.7553,-73.9746,40.7175,-74.0134,casual
8dab66d33f874fc2,electric_bike,2024-06-13 08:23:15,2024-06-13 08:44:09,E 17 St & Broadway,5905.14,Lafayette St & E 8 St,5788.13,40.7370,-73.9901,40.7302,-73.9910,member
304b237082704238,electric_bike,2024-06-11 20:56:19,2024-06-11 21:12:20,E 47 St & Park Ave,6551.09,E 47 St & Park Ave,6551.09,40.7553,-73.9746,40.7553,-73.9746,casual
3db788a61cdc44c2,electric_bike,2024-06-13 21:19:50,2024-06-13 21:38:10,N 8 St & Driggs Ave,5453.07,W 21 St & 6 Ave,6140.05,40.7177,-73.9560,40.7418,-73.9945,member
d6c6f45cdc5e4e78,electric_bike,2024-06-01 12:09:59,2024-06-01 12:33:35,Pier 40 - Hudson River Park,5573.05,South End Ave & Liberty St,5303.06,40.7276,-74.0115,40.7111,-74.0158,casual
0387f74d11494096,electric_bike,2024-06-03 19:01:30,2024-06-03 19:08:28,Pier 40 - Hudson River Park,5573.05,N 8 St & Driggs Ave,5453.07,40.7276,-74.0115,40.7177,-73.9560,member
8044beb2b66e4bf4,electric_bike,2024-06-01 19:28:25,2024-06-01 20:05:00,W 21 St & 6 Ave,6140.05,South End Ave & Liberty St,5303.06,40.7418,-73.9945,40.7111,-74.0158,casual
15669e364708403b,electric_bike,2024-06-02 16:55:34,2024-06-02 17:34:16,Bedford Ave & Nassau Ave,5525.04,E 17 St & Broadway,5905.14,40.7230,-73.9521,40.7370,-73.9901,member
a2611b8d96204ee6,classic_bike,2024-06-04 19:47:09,2024-06-04 20:25:46,Pier 40 - Hudson River Park,5573.05,South End Ave & Liberty St,5303.06,40.7276,-74.0115,40.7111,-74.0158,casual
6f3a5115ecb4478c,classic_bike,2024-06-12 20:26:15,2024-06-12 20:32:12,Bedford Ave & Nassau Ave,5525.04,E 17 St & Broadway,5905.14,40.7230,-73.9521,40.7370,-73.9901,casual
23204ff5b538496c,classic_bike,2024-06-01 11:16:42,2024-06-01 11:30:41,Grand Army Plaza & Plaza St West,4066.15,Grand Army Plaza & Plaza St West,4066.15,40.6729,-73.9709,40.6729,-73.9709,member
bff15840207e463f,electric_bike,2024-06-09 14:49:50,2024-06-09 15:09:31,Central Park S & 6 Ave,6904.04,Lafayette St & E 8 St,5788.13,40.7659,-73.9764,40.7302,-73.9910,member
4350ab0610594a28,classic_bike,2024-06-01 11:43:51,2024-06-01 12:15:09,9 Ave & W 45 St,6717.06,South End Ave & Liberty St,5303.06,40.7602,-73.9913,40.7111,-74.0158,casual
c5f8e2f8414f4994,classic_bike,2024-06-06 06:56:31,2024-06-06 07:09:54,Central Park S & 6 Ave,6904.04,Pier 40 - Hudson River Park,5573.05,40.7659,-73.9764,40.7276,-74.0115,member
5d2d904f78c54073,electric_bike,2024-06-09 06:02:02,2024-06-09 06:04:52,West St & Chambers St,5470.10,Bedford Ave & Nassau Ave,5525.04,40.7175,-74.0134,40.7230,-73.9521,member
6a8fcacb3f8e4d0d,electric_bike,2024-06-14 06:36:35,2024-06-14 07:07:12,1 Ave & E 68 St,6753.08,South End Ave & Liberty St,5303.06,40.7659,-73.9585,40.7111,-74.0158,casual
2de982f80d7b4c04,classic_bike,2024-06-10 12:21:07,2024-06-10 12:57:23,E 47 St & Park Ave,6551.09,Broadway & E 14 St,5905.12,40.7553,-73.9746,40.7345,-73.9907,member
74ed51458d9745c7,classic_bike,2024-06-08 20:46:18,2024-06-08 21:09:30,E 17 St & Broadway,5905.14,Broadway & E 14 St,5905.12,40.7370,-73.9901,40.7345,-73.9907,casual
f8cbab4c97794e84,electric_bike,2024-06-10 19:23:19,2024-06-10 19:41:52,West St & Chambers St,5470.10,8 Ave & W 31 St,6450.12,40.7175,-74.0134,40.7502,-73.9978,member
68f82063eeb14ad2,classic_bike,2024-06-09 18:58:50,2024-06-09 19:17:34,Bedford Ave & Nassau Ave,5525.04,South End Ave & Liberty St,5303.06,40.7230,-73.9521,40.7111,-74.0158,member
c2492e5e005f40e6,electric_bike,2024-06-11 20:19:44,2024-06-11 20:22:23,Pier 40 - Hudson River Park,5573.05,Lafayette St & E 8 St,5788.13,40.7276,-74.0115,40.7302,-73.9910,casual
ff38b918f8f9445d,classic_bike,2024-06-09 10:03:26,2024-06-09 10:39:01,Broadway & E 14 St,5905.12,West St & Chambers St,5470.10,40.7345,-73.9907,40.7175,-74.0134,casual
5f5ba255e5444887,electric_bike,2024-06-04 21:18:54,2024-06-04 21:56:22,Broadway & E 14 St,5905.12,W 21 St & 6 Ave,6140.05,40.7345,-73.9907,40.7418,-73.9945,member
0ff1c51f915c431b,electric_bike,2024-06-09 08:16:40,2024-06-09 08:45:35,Grand Army Plaza & Plaza St West,4066.15,Broadway & E 14 St,5905.12,40.6729,-73.9709,40.7345,-73.9907,member
53853918bc4045fa,electric_bike,2024-06-05 20:31:20,2024-06-05 21:00:09,West St & Chambers St,5470.10,8 Ave & W 31 St,6450.12,40.7175,-74.0134,40.7502,-73.9978,casual
7316ce642a144a96,electric_bike,2024-06-02 09:27:08,2024-06-02 09:36:34,8 Ave & W 31 St,6450.12,West St & Chambers St,5470.10,40.7502,-73.9978,40.7175,-74.0134,casual
43d78f2b769d41e3,classic_bike,2024-06-09 12:06:49,2024-06-09 12:22:59,E 17 St & Broadway,5905.14,Broadway & E 14 St,5905.12,40.7370,-73.9901,40.7345,-73.9907,member
53ea4919db4842c2,classic_bike,2024-06-11 11:11:52,2024-06-11 11:16:37,1 Ave & E 68 St,6753.08,9 Ave & W 45 St,6717.06,40.7659,-73.9585,40.7602,-73.9913,member
d1f16485429a4a7c,classic_bike,2024-06-06 12:45:32,2024-06-06 12:50:52,Bedford Ave & Nassau Ave,5525.04,West St & Chambers St,5470.10,40.7230,-73.9521,40.7175,-74.0134,member
1a16998c7648476e,classic_bike,2024-06-08 15:29:47,2024-06-08 16:09:20,E 17 St & Broadway,5905.14,E 47 St & Park Ave,6551.09,40.7370,-73.9901,40.7553,-73.9746,member
5f4b1a97668c479b,classic_bike,2024-06-14 19:19:14,2024-06-14 19:30:09,W 21 St & 6 Ave,6140.05,W 21 St & 6 Ave,6140.05,40.7418,-73.9945,40.7418,-73.9945,casual
cf2e329671844713,classic_bike,2024-06-02 06:22:04,2024-06-02 06:37:33,South End Ave & Liberty St,5303.06,E 47 St & Park Ave,6551.09,40.7111,-74.0158,40.7553,-73.9746,member
0cf697a57603436c,classic_bike,2024-06-14 19:48:21,2024-06-14 19:58:42,South End Ave & Liberty St,5303.06,E 47 St & Park Ave,6551.09,40.7111,-74.0158,40.7553,-73.9746,casual
5a9c06792c3d47e2,classic_bike,2024-06-07 14:28:01,2024-06-07 14:56:08,E 47 St & Park Ave,6551.09,Bedford Ave & Nassau Ave,5525.04,40.7553,-73.9746,40.7230,-73.9521,member
3eebc04a9df2472e,electric_bike,2024-06-08 21:04:09,2024-06-08 21:08:30,8 Ave & W 31 St,6450.12,8 Ave & W 31 St,6450.12,40.7502,-73.9978,40.7502,-73.9978,casual
6b52f93c2321464e,classic_bike,2024-06-09 14:10:03,2024-06-09 14:18:02,E 17 St & Broadway,5905.14,South End Ave & Liberty St,5303.06,40.7370,-73.9901,40.7111,-74.0158,member
7acc99705bee4570,electric_bike,2024-06-09 19:33:01,2024-06-09 20:01:07,N 8 St & Driggs Ave,5453.07,9 Ave & W 45 St,6717.06,40.7177,-73.9560,40.7602,-73.9913,casual
98dc9e0b51a145df,classic_bike,2024-06-09 11:29:24,2024-06-09 11:49:51,South End Ave & Liberty St,5303.06,Grand Army Plaza & Plaza St West,4066.15,40.7111,-74.0158,40.6729,-73.9709,member
95804c2ac44f44b8,classic_bike,2024-06-13 10:47:03,2024-06-13 11:21:15,South End Ave & Liberty St,5303.06,9 Ave & W 45 St,6717.06,40.7111,-74.0158,40.7602,-73.9913,member
bcaff931ead14464,classic_bike,2024-06-11 10:06:17,2024-06-11 10:44:42,Broadway & E 14 St,5905.12,West St & Chambers St,5470.10,40.7345,-73.9907,40.7175,-74.0134,member
5168bbf297af4bde,electric_bike,2024-06-13 12:37:22,2024-06-13 12:51:13,Grand Army Plaza & Plaza St West,4066.15,E 47 St & Park Ave,6551.09,40.6729,-73.9709,40.7553,-73.9746,member
d631c383303044d0,electric_bike,2024-06-06 15:41:36,2024-06-06 15:53:18,Bedford Ave & Nassau Ave,5525.04,Bedford Ave & Nassau Ave,5525.04,40.7230,-73.9521,40.7230,-73.9521,casual
86c5547c051a4039,electric_bike,2024-06-01 07:32:03,2024-06-01 07:49:55,1 Ave & E 68 St,6753.08,Central Park S & 6 Ave,6904.04,40.7659,-73.9585,40.7659,-73.9764,member
eb3537a02d6e4291,electric_bike,2024-06-10 09:26:51,2024-06-10 09:37:45,Lafayette St & E 8 St,5788.13,South End Ave & Liberty St,5303.06,40.7302,-73.9910,40.7111,-74.0158,member
86bb42c7d8b248b6,electric_bike,2024-06-10 18:01:58,2024-06-10 18:13:38,W 21 St & 6 Ave,6140.05,1 Ave & E 68 St,6753.08,40.7418,-73.9945,40.7659,-73.9585,member
22ee7f0752964fb3,classic_bike,2024-06-11 12:45:37,2024-06-11 12:54:30,Lafayette St & E 8 St,5788.13,Bedford Ave & Nassau Ave,5525.04,40.7302,-73.9910,40.7230,-73.9521,casual
b18d2c8c8fdd4ebc,electric_bike,2024-06-08 17:04:20,2024-06-08 17:18:13,9 Ave & W 45 St,6717.06,N 8 St & Driggs Ave,5453.07,40.7602,-73.9913,40.7177,-73.9560,member
2099e71f4b654bcc,classic_bike,2024-06-14 08:59:24,2024-06-14 09:22:20,N 8 St & Driggs Ave,5453.07,Grand Army Plaza & Plaza St West,4066.15,40.7177,-73.9560,40.6729,-73.9709,member
ebc92914517649d1,classic_bike,2024-06-07 20:31:49,2024-06-07 20:36:01,Bedford Ave & Nassau Ave,5525.04,Grand Army Plaza & Plaza St West,4066.15,40.7230,-73.9521,40.6729,-73.9709,member
51cbf9e5fb7d4ba1,classic_bike,2024-06-03 11:39:47,2024-06-03 11:47:05,South End Ave & Liberty St,5303.06,Central Park S & 6 Ave,6904.04,40.7111,-74.0158,40.7659,-73.9764,member
35adde8843e44668,classic_bike,2024-06-11 16:54:46,2024-06-11 17:19:41,E 47 St & Park Ave,6551.09,Bedford Ave & Nassau Ave,5525.04,40.7553,-73.9746,40.7230,-73.9521,member
bb8aa843702f41e5,electric_bike,2024-06-13 07:50:46,2024-06-13 07:52:51,Lafayette St & E 8 St,5788.13,8 Ave & W 31 St,6450.12,40.7302,-73.9910,40.7502,-73.9978,member
d42cb1ae19f748cb,electric_bike,2024-06-08 21:02:24,2024-06-08 21:28:22,South End Ave & Liberty St,5303.06,E 17 St & Broadway,5905.14,40.7111,-74.0158,40.7370,-73.9901,member
42d943ee51974e75,classic_bike,2024-06-02 19:38:54,2024-06-02 19:43:10,1 Ave & E 68 St,6753.08,Central Park S & 6 Ave,6904.04,40.7659,-73.9585,40.7659,-73.9764,member
fa60ede1e5eb472d,classic_bike,2024-06-07 08:44:46,2024-06-07 08:51:53,Lafayette St & E 8 St,5788.13,1 Ave & E 68 St,6753.08,40.7302,-73.9910,40.7659,-73.9585,casual
9b792afa2a3d418d,electric_bike,2024-06-08 18:01:01,2024-06-08 18:32:27,Grand Army Plaza & Plaza St West,4066.15,Grand Army Plaza & Plaza St West,4066.15,40.6729,-73.9709,40.6729,-73.9709,member
ecf26429b8d74d2f,electric_bike,2024-06-06 09:30:12,2024-06-06 10:00:08,W 21 St & 6 Ave,6140.05,Broadway & E 14 St,5905.12,40.7418,-73.9945,40.7345,-73.9907,casual
0df407b827514b86,electric_bike,2024-06-02 06:50:25,2024-06-02 07:29:56,8 Ave & W 31 St,6450.12,West St & Chambers St,5470.10,40.7502,-73.9978,40.7175,-74.0134,member
34fadee106964d48,classic_bike,2024-06-05 20:03:42,2024-06-05 20:38:29,E 17 St & Broadway,5905.14,Broadway & E 14 St,5905.12,40.7370,-73.9901,40.7345,-73.9907,casual
a939ebd1e51640d4,electric_bike,2024-06-14 07:58:19,2024-06-14 08:27:27,Broadway & E 14 St,5905.12,Central Park S & 6 Ave,6904.04,40.7345,-73.9907,40.7659,-73.9764,member
0b6c03c8721e4419,electric_bike,2024-06-07 09:09:23,2024-06-07 09:37:25,N 8 St & Driggs Ave,5453.07,Pier 40 - Hudson River Park,5573.05,40.7177,-73.9560,40.7276,-74.0115,casual
aadf3692b24b4b96,classic_bike,2024-06-04 20:17:17,2024-06-04 20:23:29,Central Park S & 6 Ave,6904.04,8 Ave & W 31 St,6450.12,40.7659,-73.9764,40.7502,-73.9978,member
6319629bd73e4bb9,electric_bike,2024-06-13 15:14:26,2024-06-13 15:31:57,N 8 St & Driggs Ave,5453.07,Lafayette St & E 8 St,5788.13,40.7177,-73.9560,40.7302,-73.9910,casual
b6dcbd05da9b4cc1,classic_bike,2024-06-04 14:07:19,2024-06-04 14:14:42,Grand Army Plaza & Plaza St West,4066.15,South End Ave & Liberty St,5303.06,40.6729,-73.9709,40.7111,-74.0158,member
0aeccec7204d49da,electric_bike,2024-06-08 08:57:10,2024-06-08 09:13:37,Broadway & E 14 St,5905.12,9 Ave & W 45 St,6717.06,40.7345,-73.9907,40.7602,-73.9913,member
51db1a3742044733,classic_bike,2024-06-04 20:02:40,2024-06-04 20:14:45,N 8 St & Driggs Ave,5453.07,E 17 St & Broadway,5905.14,40.7177,-73.9560,40.7370,-73.9901,member
df9b7c1feacb4f6d,classic_bike,2024-06-07 15:25:20,2024-06-07 15:46:11,E 17 St & Broadway,5905.14,Pier 40 - Hudson River Park,5573.05,40.7370,-73.9901,40.7276,-74.0115,casual
c7903dc5900c4af7,classic_bike,2024-06-03 08:31:36,2024-06-03 08:40:26,Broadway & E 14 St,5905.12,E 17 St & Broadway,5905.14,40.7345,-73.9907,40.7370,-73.9901,casual
92701d607c4f48e4,electric_bike,2024-06-06 20:58:26,2024-06-06 21:18:27,E 47 St & Park Ave,6551.09,Pier 40 - Hudson River Park,5573.05,40.7553,-73.9746,40.7276,-74.0115,member
e1035e1ce3bb42ae,electric_bike,2024-06-07 08:27:39,2024-06-07 08:57:04,1 Ave & E 68 St,6753.08,8 Ave & W 31 St,6450.12,40.7659,-73.9585,40.7502,-73.9978,member
cb2cc805d1404430,electric_bike,2024-06-08 21:42:17,2024-06-08 22:09:42,W 21 St & 6 Ave,6140.05,Bedford Ave & Nassau Ave,5525.04,40.7418,-73.9945,40.7230,-73.9521,casual
226716e33a5b4ac5,electric_bike,2024-06-08 20:38:44,2024-06-08 20:47:26,8 Ave & W 31 St,6450.12,E 47 St & Park Ave,6551.09,40.7502,-73.9978,40.7553,-73.9746,casual
301c8db316db40db,electric_bike,2024-06-06 10:35:46,2024-06-06 11:06:13,9 Ave & W 45 St,6717.06,E 47 St & Park Ave,6551.09,40.7602,-73.9913,40.7553,-73.9746,member
0e63813ed22e4226,classic_bike,2024-06-07 18:38:31,2024-06-07 19:15:46,South End Ave & Liberty St,5303.06,E 47 St & Park Ave,6551.09,40.7111,-74.0158,40.7553,-73.9746,member
2c7a0d3107694583,classic_bike,2024-06-09 12:53:08,2024-06-09 13:30:55,8 Ave & W 31 St,6450.12,Bedford Ave & Nassau Ave,5525.04,40.7502,-73.9978,40.7230,-73.9521,member
32f8dbabb46243e8,electric_bike,2024-06-04 06:33:29,2024-06-04 06:38:56,E 47 St & Park Ave,6551.09,W 21 St & 6 Ave,6140.05,40.7553,-73.9746,40.7418,-73.9945,casual
5f59fb4d3def47ba,electric_bike,2024-06-09 12:46:40,2024-06-09 12:57:07,E 47 St & Park Ave,6551.09,Central Park S & 6 Ave,6904.04,40.7553,-73.9746,40.7659,-73.9764,casual
e4fd6c34d6704a21,electric_bike,2024-06-08 16:00:35,2024-06-08 16:26:27,1 Ave & E 68 St,6753.08,E 47 St & Park Ave,6551.09,40.7659,-73.9585,40.7553,-73.9746,member
39a0f145a5ba4050,classic_bike,2024-06-07 06:50:10,2024-06-07 07:06:47,8 Ave & W 31 St,6450.12,W 21 St & 6 Ave,6140.05,40.7502,-73.9978,40.7418,-73.9945,casual
a5ba247221df4609,classic_bike,2024-06-09 06:20:55,2024-06-09 06:23:31,N 8 St & Driggs Ave,5453.07,E 17 St & Broadway,5905.14,40.7177,-73.9560,40.7370,-73.9901,member
da018d29606041eb,electric_bike,2024-06-10 19:44:19,2024-06-10 20:05:06,West St & Chambers St,5470.10,8 Ave & W 31 St,6450.12,40.7175,-74.0134,40.7502,-73.9978,casual
95a0f35665ab49ff,classic_bike,2024-06-08 11:09:43,2024-06-08 11:47:15,8 Ave & W 31 St,6450.12,West St & Chambers St,5470.10,40.7502,-73.9978,40.7175,-74.0134,member
7b53359e1bac4d0d,classic_bike,2024-06-14 20:19:23,2024-06-14 20:40:40,Pier 40 - Hudson River Park,5573.05,N 8 St & Driggs Ave,5453.07,40.7276,-74.0115,40.7177,-73.9560,casual
e4729be5f3c2444a,electric_bike,2024-06-06 20:42:17,2024-06-06 21:02:06,8 Ave & W 31 St,6450.12,N 8 St & Driggs Ave,5453.07,40.7502,-73.9978,40.7177,-73.9560,member
cf5e0f0bcd6745df,electric_bike,2024-06-13 10:06:57,2024-06-13 10:12:49,1 Ave & E 68 St,6753.08,Pier 40 - Hudson River Park,5573.05,40.7659,-73.9585,40.7276,-74.0115,casual
e82b5b364269428c,electric_bike,2024-06-12 06:26:41,2024-06-12 07:02:38,N 8 St & Driggs Ave,5453.07,1 Ave & E 68 St,6753.08,40.7177,-73.9560,40.7659,-73.9585,casual
38eccb4db69f4eab,electric_bike,2024-06-01 15:57:45,2024-06-01 16:12:42,E 17 St & Broadway,5905.14,Bedford Ave & Nassau Ave,5525.04,40.7370,-73.9901,40.7230,-73.9521,casual
20c0f2757885487d,electric_bike,2024-06-14 08:54:53,2024-06-14 09:09:14,Pier 40 - Hudson River Park,5573.05,8 Ave & W 31 St,6450.12,40.7276,-74.0115,40.7502,-73.9978,member
df162ec3be844aa2,electric_bike,2024-06-06 17:10:05,2024-06-06 17:27:15,N 8 St & Driggs Ave,5453.07,South End Ave & Liberty St,5303.06,40.7177,-73.9560,40.7111,-74.0158,casual
787515b91e264d31,classic_bike,2024-06-06 12:20:16,2024-06-06 12:42:20,9 Ave & W 45 St,6717.06,South End Ave & Liberty St,5303.06,40.7602,-73.9913,40.7111,-74.0158,member
0dd7015869c145ae,classic_bike,2024-06-04 14:32:07,2024-06-04 15:00:10,Central Park S & 6 Ave,6904.04,South End Ave & Liberty St,5303.06,40.7659,-73.9764,40.7111,-74.0158,member
b7360c4fdcc54975,classic_bike,2024-06-07 15:43:57,2024-06-07 16:17:11,West St & Chambers St,5470.10,Lafayette St & E 8 St,5788.13,40.7175,-74.0134,40.7302,-73.9910,member
359a153346054c0e,classic_bike,2024-06-11 09:01:20,2024-06-11 09:07:17,Central Park S & 6 Ave,6904.04,Lafayette St & E 8 St,5788.13,40.7659,-73.9764,40.7302,-73.9910,member
6dedcba5a22c4d4f,electric_bike,2024-06-13 19:18:05,2024-06-13 19:28:55,Central Park S & 6 Ave,6904.04,9 Ave & W 45 St,6717.06,40.7659,-73.9764,40.7602,-73.9913,casual
039a8ed5f3374261,electric_bike,2024-06-01 06:38:34,2024-06-01 06:54:10,Central Park S & 6 Ave,6904.04,E 17 St & Broadway,5905.14,40.7659,-73.9764,40.7370,-73.9901,member
58274e80e0824918,electric_bike,2024-06-01 16:41:46,2024-06-01 17:00:45,W 21 St & 6 Ave,6140.05,N 8 St & Driggs Ave,5453.07,40.7418,-73.9945,40.7177,-73.9560,member
4c56fb8f0bb442b3,electric_bike,2024-06-09 16:02:19,2024-06-09 16:15:43,Broadway & E 14 St,5905.12,E 17 St & Broadway,5905.14,40.7345,-73.9907,40.7370,-73.9901,casual
2240063bfed747be,electric_bike,2024-06-10 14:56:21,2024-06-10 15:27:57,Bedford Ave & Nassau Ave,5525.04,Pier 40 - Hudson River Park,5573.05,40.7230,-73.9521,40.7276,-74.0115,casual
ba27bc64396d4ffb,classic_bike,2024-06-04 08:48:58,2024-06-04 09:18:30,Lafayette St & E 8 St,5788.13,9 Ave & W 45 St,6717.06,40.7302,-73.9910,40.7602,-73.9913,member
cac8d87ea689407f,classic_bike,2024-06-10 14:36:10,2024-06-10 14:46:34,Bedford Ave & Nassau Ave,5525.04,W 21 St & 6 Ave,6140.05,40.7230,-73.9521,40.7418,-73.9945,casual
a976dc4d0c474187,classic_bike,2024-06-05 19:09:34,2024-06-05 19:14:53,South End Ave & Liberty St,5303.06,N 8 St & Driggs Ave,5453.07,40.7111,-74.0158,40.7177,-73.9560,member
797209c040b344f8,classic_bike,2024-06-02 13:06:28,2024-06-02 13:34:25,W 21 St & 6 Ave,6140.05,Bedford Ave & Nassau Ave,5525.04,40.7418,-73.9945,40.7230,-73.9521,member
8532fc74a9984bdf,electric_bike,2024-06-11 06:09:19,2024-06-11 06:40:02,Bedford Ave & Nassau Ave,5525.04,N 8 St & Driggs Ave,5453.07,40.7230,-73.9521,40.7177,-73.9560,member
1b341937c8e64939,electric_bike,2024-06-02 14:43:46,2024-06-02 14:53:48,E 17 St & Broadway,5905.14,E 47 St & Park Ave,6551.09,40.7370,-73.9901,40.7553,-73.9746,member
b4146e4a5ba043e0,electric_bike,2024-06-13 10:29:53,2024-06-13 11:07:35,Grand Army Plaza & Plaza St West,4066.15,West St & Chambers St,5470.10,40.6729,-73.9709,40.7175,-74.0134,casual
54a270517b0c4ad9,classic_bike,2024-06-09 14:28:58,2024-06-09 14:45:08,1 Ave & E 68 St,6753.08,W 21 St & 6 Ave,6140.05,40.7659,-73.9585,40.7418,-73.9945,member
c78f07cf170f487b,classic_bike,2024-06-02 21:28:07,2024-06-02 22:03:50,W 21 St & 6 Ave,6140.05,N 8 St & Driggs Ave,5453.07,40.7418,-73.9945,40.7177,-73.9560,member
198d13a40cd24e43,classic_bike,2024-06-11 09:56:29,2024-06-11 10:18:41,South End Ave & Liberty St,5303.06,8 Ave & W 31 St,6450.12,40.7111,-74.0158,40.7502,-73.9978,member
1851d1cf1dab410a,classic_bike,2024-06-06 19:40:43,2024-06-06 20:04:03,E 47 St & Park Ave,6551.09,8 Ave & W 31 St,6450.12,40.7553,-73.9746,40.7502,-73.9978,member
f480b91e700e4efc,electric_bike,2024-06-11 17:02:10,2024-06-11 17:26:36,E 47 St & Park Ave,6551.09,1 Ave & E 68 St,6753.08,40.7553,-73.9746,40.7659,-73.9585,member
4596da7574df483f,electric_bike,2024-06-06 09:07:07,2024-06-06 09:36:28,Lafayette St & E 8 St,5788.13,E 47 St & Park Ave,6551.09,40.7302,-73.9910,40.7553,-73.9746,casual
b9f6143bb2384056,classic_bike,2024-06-11 21:07:51,2024-06-11 21:21:14,9 Ave & W 45 St,6717.06,E 17 St & Broadway,5905.14,40.7602,-73.9913,40.7370,-73.9901,member
c7774fae613748c3,electric_bike,2024-06-10 14:14:51,2024-06-10 14:46:45,Broadway & E 14 St,5905.12,E 17 St & Broadway,5905.14,40.7345,-73.9907,40.7370,-73.9901,member
1ce978717cf54d5f,electric_bike,2024-06-14 18:24:57,2024-06-14 18:35:52,E 47 St & Park Ave,6551.09,N 8 St & Driggs Ave,5453.07,40.7553,-73.9746,40.7177,-73.9560,casual
865a7766ad8c4fea,classic_bike,2024-06-05 17:10:20,2024-06-05 17:13:10,W 21 St & 6 Ave,6140.05,Broadway & E 14 St,5905.12,40.7418,-73.9945,40.7345,-73.9907,casual
3fa2bde0ba054d0f,electric_bike,2024-06-12 17:57:39,2024-06-12 18:06:09,Pier 40 - Hudson River Park,5573.05,Pier 40 - Hudson River Park,5573.05,40.7276,-74.0115,40.7276,-74.0115,casual
282c6470ef32472a,electric_bike,2024-06-11 12:34:09,2024-06-11 12:39:52,N 8 St & Driggs Ave,5453.07,N 8 St & Driggs Ave,5453.07,40.7177,-73.9560,40.7177,-73.9560,casual
47354e4ff85b4d0a,classic_bike,2024-06-02 18:49:31,2024-06-02 19:13:24,E 47 St & Park Ave,6551.09,1 Ave & E 68 St,6753.08,40.7553,-73.9746,40.7659,-73.9585,member
cd1f75a371b64ca1,electric_bike,2024-06-07 12:52:52,2024-06-07 13:10:54,Pier 40 - Hudson River Park,5573.05,N 8 St & Driggs Ave,5453.07,40.7276,-74.0115,40.7177,-73.9560,member
1a46d536048c4480,electric_bike,2024-06-08 11:23:07,2024-06-08 11:59:04,E 47 St & Park Ave,6551.09,Central Park S & 6 Ave,6904.04,40.7553,-73.9746,40.7659,-73.9764,casual
9e7b1e95f692441a,electric_bike,2024-06-09 06:00:52,2024-06-09 06:09:04,W 21 St & 6 Ave,6140.05,Pier 40 - Hudson River Park,5573.05,40.7418,-73.9945,40.7276,-74.0115,member
74577d47d8254010,electric_bike,2024-06-08 11:49:23,2024-06-08 11:55:05,N 8 St & Driggs Ave,5453.07,N 8 St & Driggs Ave,5453.07,40.7177,-73.9560,40.7177,-73.9560,casual
38c46b38a8ae47b9,classic_bike,2024-06-06 18:13:28,2024-06-06 18:23:15,Bedford Ave & Nassau Ave,5525.04,N 8 St & Driggs Ave,5453.07,40.7230,-73.9521,40.7177,-73.9560,casual
1b37ef19b3bc412f,classic_bike,2024-06-11 19:39:18,2024-06-11 20:18:41,Lafayette St & E 8 St,5788.13,E 47 St & Park Ave,6551.09,40.7302,-73.9910,40.7553,-73.9746,member
3227e8d89c60481b,classic_bike,2024-06-14 18:14:47,2024-06-14 18:44:43,Central Park S & 6 Ave,6904.04,1 Ave & E 68 St,6753.08,40.7659,-73.9764,40.7659,-73.9585,member
c1d48a101b964925,electric_bike,2024-06-07 09:40:29,2024-06-07 09:55:29,South End Ave & Liberty St,5303.06,E 47 St & Park Ave,6551.09,40.7111,-74.0158,40.7553,-73.9746,member
75175f39735444fb,classic_bike,2024-06-14 17:28:37,2024-06-14 17:39:01,South End Ave & Liberty St,5303.06,N 8 St & Driggs Ave,5453.07,40.7111,-74.0158,40.7177,-73.9560,casual
eca391d47ba14dd7,classic_bike,2024-06-12 06:49:35,2024-06-12 07:21:07,W 21 St & 6 Ave,6140.05,Pier 40 - Hudson River Park,5573.05,40.7418,-73.9945,40.7276,-74.0115,member
6b2d9ccc6279403c,classic_bike,2024-06-03 07:46:24,2024-06-03 08:10:22,Bedford Ave & Nassau Ave,5525.04,E 47 St & Park Ave,6551.09,40.7230,-73.9521,40.7553,-73.9746,casual
b33422cb9a3f4ad1,electric_bike,2024-06-05 13:43:51,2024-06-05 13:54:57,E 17 St & Broadway,5905.14,Lafayette St & E 8 St,5788.13,40.7370,-73.9901,40.7302,-73.9910,casual
4a636af5b6e147ac,electric_bike,2024-06-09 16:47:13,2024-06-09 17:02:55,Bedford Ave & Nassau Ave,5525.04,Bedford Ave & Nassau Ave,5525.04,40.7230,-73.9521,40.7230,-73.9521,member
5a2c41bcc2c246ff,electric_bike,2024-06-03 14:35:34,2024-06-03 14:59:34,Bedford Ave & Nassau Ave,5525.04,N 8 St & Driggs Ave,5453.07,40.7230,-73.9521,40.7177,-73.9560,casual
1b41a61e85d141ef,classic_bike,2024-06-14 15:06:18,2024-06-14 15:37:08,N 8 St & Driggs Ave,5453.07,Bedford Ave & Nassau Ave,5525.04,40.7177,-73.9560,40.7230,-73.9521,casual
fbc8c77e29334fc4,electric_bike,2024-06-11 06:57:12,2024-06-11 07:17:25,1 Ave & E 68 St,6753.08,W 21 St & 6 Ave,6140.05,40.7659,-73.9585,40.7418,-73.9945,casual
08453b2f8a8a4105,electric_bike,2024-06-01 17:47:50,2024-06-01 18:09:58,1 Ave & E 68 St,6753.08,E 47 St & Park Ave,6551.09,40.7659,-73.9585,40.7553,-73.9746,casual
638e13888faf4d4a,classic_bike,2024-06-14 17:31:47,2024-06-14 17:49:05,Broadway & E 14 St,5905.12,Grand Army Plaza & Plaza St West,4066.15,40.7345,-73.9907,40.6729,-73.9709,casual
f9cf8499c9c14d45,electric_bike,2024-06-01 21:48:24,2024-06-01 22:16:51,Bedford Ave & Nassau Ave,5525.04,N 8 St & Driggs Ave,5453.07,40.7230,-73.9521,40.7177,-73.9560,member
a23ff67de9574bc2,electric_bike,2024-06-05 09:27:39,2024-06-05 09:59:53,W 21 St & 6 Ave,6140.05,Bedford Ave & Nassau Ave,5525.04,40.7418,-73.9945,40.7230,-73.9521,member
2fddb26a13104665,classic_bike,2024-06-04 11:01:28,2024-06-04 11:15:34,9 Ave & W 45 St,6717.06,Bedford Ave & Nassau Ave,5525.04,40.7602,-73.9913,40.7230,-73.9521,member
d89462e895804c3a,electric_bike,2024-06-07 10:45:35,2024-06-07 11:05:37,E 17 St & Broadway,5905.14,W 21 St & 6 Ave,6140.05,40.7370,-73.9901,40.7418,-73.9945,member
98cd2655529741ad,classic_bike,2024-06-12 21:59:09,2024-06-12 22:03:52,Lafayette St & E 8 St,5788.13,Central Park S & 6 Ave,6904.04,40.7302,-73.9910,40.7659,-73.9764,casual
86804a8a515f452c,classic_bike,2024-06-10 15:23:22,2024-06-10 15:30:20,Central Park S & 6 Ave,6904.04,9 Ave & W 45 St,6717.06,40.7659,-73.9764,40.7602,-73.9913,member
1789be6367464743,electric_bike,2024-06-13 14:37:10,2024-06-13 15:07:33,Pier 40 - Hudson River Park,5573.05,Broadway & E 14 St,5905.12,40.7276,-74.0115,40.7345,-73.9907,member
c0ae0b1af3474736,electric_bike,2024-06-11 11:39:21,2024-06-11 12:05:58,South End Ave & Liberty St,5303.06,West St & Chambers St,5470.10,40.7111,-74.0158,40.7175,-74.0134,member
e2ba9fceaebb4f9c,electric_bike,2024-06-06 13:36:15,2024-06-06 13:54:53,Broadway & E 14 St,5905.12,N 8 St & Driggs Ave,5453.07,40.7345,-73.9907,40.7177,-73.9560,casual
e94d4fbe06534d47,electric_bike,2024-06-02 12:35:16,2024-06-02 13:14:08,South End Ave & Liberty St,5303.06,9 Ave & W 45 St,6717.06,40.7111,-74.0158,40.7602,-73.9913,casual
f2be029f15144755,classic_bike,2024-06-05 21:19:41,2024-06-05 21:34:49,Central Park S & 6 Ave,6904.04,W 21 St & 6 Ave,6140.05,40.7659,-73.9764,40.7418,-73.9945,member
c6097cd8a1274c6b,classic_bike,2024-06-09 06:07:40,2024-06-09 06:14:08,9 Ave & W 45 St,6717.06,Pier 40 - Hudson River Park,5573.05,40.7602,-73.9913,40.7276,-74.0115,casual
12767d13f0934776,classic_bike,2024-06-04 15:10:53,2024-06-04 15:42:35,E 47 St & Park Ave,6551.09,Broadway & E 14 St,5905.12,40.7553,-73.9746,40.7345,-73.9907,member
407d0affcb514911,classic_bike,2024-06-06 06:38:05,2024-06-06 06:45:05,Central Park S & 6 Ave,6904.04,Bedford Ave & Nassau Ave,5525.04,40.7659,-73.9764,40.7230,-73.9521,member
63b664f404524779,classic_bike,2024-06-07 12:37:28,2024-06-07 13:07:04,South End Ave & Liberty St,5303.06,8 Ave & W 31 St,6450.12,40.7111,-74.0158,40.7502,-73.9978,member
5b923c67129548df,classic_bike,2024-06-10 07:04:48,2024-06-10 07:09:54,N 8 St & Driggs Ave,5453.07,Bedford Ave & Nassau Ave,5525.04,40.7177,-73.9560,40.7230,-73.9521,casual
61a451ff700b4b43,electric_bike,2024-06-05 16:21:05,2024-06-05 16:42:18,9 Ave & W 45 St,6717.06,N 8 St & Driggs Ave,5453.07,40.7602,-73.9913,40.7177,-73.9560,member
8bb4995ad97642ba,electric_bike,2024-06-09 09:45:08,2024-06-09 10:13:49,Central Park S & 6 Ave,6904.04,1 Ave & E 68 St,6753.08,40.7659,-73.9764,40.7659,-73.9585,member
8db3c2c102da4d76,classic_bike,2024-06-13 20:47:46,2024-06-13 21:15:14,8 Ave & W 31 St,6450.12,N 8 St & Driggs Ave,5453.07,40.7502,-73.9978,40.7177,-73.9560,member
4e003d5515ca4faf,classic_bike,2024-06-10 16:10:25,2024-06-10 16:49:05,W 21 St & 6 Ave,6140.05,W 21 St & 6 Ave,6140.05,40.7418,-73.9945,40.7418,-73.9945,casual
9dec2b8338854f7e,electric_bike,2024-06-11 20:31:32,2024-06-11 20:43:15,West St & Chambers St,5470.10,E 17 St & Broadway,5905.14,40.7175,-74.0134,40.7370,-73.9901,member
fd75a5f3eeaf4a83,electric_bike,2024-06-11 19:38:36,2024-06-11 19:44:18,Broadway & E 14 St,5905.12,1 Ave & E 68 St,6753.08,40.7345,-73.9907,40.7659,-73.9585,member
f3981e9e7cb842a0,electric_bike,2024-06-02 10:16:06,2024-06-02 10:31:34,8 Ave & W 31 St,6450.12,N 8 St & Driggs Ave,5453.07,40.7502,-73.9978,40.7177,-73.9560,casual
31891f48e66e4c11,electric_bike,2024-06-11 10:00:06,2024-06-11 10:21:33,1 Ave & E 68 St,6753.08,N 8 St & Driggs Ave,5453.07,40.7659,-73.9585,40.7177,-73.9560,casual
cec569695d4f4107,electric_bike,2024-06-10 17:15:19,2024-06-10 17:27:43,Central Park S & 6 Ave,6904.04,Lafayette St & E 8 St,5788.13,40.7659,-73.9764,40.7302,-73.9910,casual
6fa5d3b0a40d4ea5,electric_bike,2024-06-06 10:12:50,2024-06-06 10:29:57,1 Ave & E 68 St,6753.08,W 21 St & 6 Ave,6140.05,40.7659,-73.9585,40.7418,-73.9945,casual
c65720ae5bd64d4d,electric_bike,2024-06-12 11:39:56,2024-06-12 12:14:41,1 Ave & E 68 St,6753.08,N 8 St & Driggs Ave,5453.07,40.7659,-73.9585,40.7177,-73.9560,casual
d391d017dbd4486d,classic_bike,2024-06-03 17:01:38,2024-06-03 17:09:13,Pier 40 - Hudson River Park,5573.05,Broadway & E 14 St,5905.12,40.7276,-74.0115,40.7345,-73.9907,member
81d67019d97e4d3c,classic_bike,2024-06-11 07:18:46,2024-06-11 07:25:54,8 Ave & W 31 St,6450.12,Bedford Ave & Nassau Ave,5525.04,40.7502,-73.9978,40.7230,-73.9521,casual
ffaca645e4dc4306,electric_bike,2024-06-04 21:28:02,2024-06-04 22:07:41,9 Ave & W 45 St,6717.06,Grand Army Plaza & Plaza St West,4066.15,40.7602,-73.9913,40.6729,-73.9709,member
82aa5c4680494bbf,classic_bike,2024-06-04 21:12:49,2024-06-04 21:34:40,Lafayette St & E 8 St,5788.13,E 17 St & Broadway,5905.14,40.7302,-73.9910,40.7370,-73.9901,casual
723b80d423ef4561,classic_bike,2024-06-01 17:18:15,2024-06-01 17:31:34,Lafayette St & E 8 St,5788.13,Pier 40 - Hudson River Park,5573.05,40.7302,-73.9910,40.7276,-74.0115,member
380487860a58443c,electric_bike,2024-06-11 20:53:09,2024-06-11 21:28:09,Grand Army Plaza & Plaza St West,4066.15,Grand Army Plaza & Plaza St West,4066.15,40.6729,-73.9709,40.6729,-73.9709,member
5c7af83dca9d4704,electric_bike,2024-06-06 09:59:02,2024-06-06 10:15:08,Broadway & E 14 St,5905.12,8 Ave & W 31 St,6450.12,40.7345,-73.9907,40.7502,-73.9978,casual
8578b1c6f7eb469a,electric_bike,2024-06-01 06:40:41,2024-06-01 07:04:48,South End Ave & Liberty St,5303.06,Central Park S & 6 Ave,6904.04,40.7111,-74.0158,40.7659,-73.9764,casual
e5f22dfba741404b,classic_bike,2024-06-10 08:58:24,2024-06-10 09:26:14,Grand Army Plaza & Plaza St West,4066.15,Pier 40 - Hudson River Park,5573.05,40.6729,-73.9709,40.7276,-74.0115,casual
7ca2f582585449d9,electric_bike,2024-06-04 14:48:25,2024-06-04 15:14:30,E 17 St & Broadway,5905.14,South End Ave & Liberty St,5303.06,40.7370,-73.9901,40.7111,-74.0158,member
47e321c2a4ba48bf,classic_bike,2024-06-03 13:30:10,2024-06-03 13:47:52,Pier 40 - Hudson River Park,5573.05,South End Ave & Liberty St,5303.06,40.7276,-74.0115,40.7111,-74.0158,member
cfa9026b6a244f46,electric_bike,2024-06-06 16:16:45,2024-06-06 16:26:49,1 Ave & E 68 St,6753.08,1 Ave & E 68 St,6753.08,40.7659,-73.9585,40.7659,-73.9585,member
05bf0618693040c4,classic_bike,2024-06-08 14:10:13,2024-06-08 14:23:13,Central Park S & 6 Ave,6904.04,N 8 St & Driggs Ave,5453.07,40.7659,-73.9764,40.7177,-73.9560,member
2598f38392804da2,classic_bike,2024-06-10 08:44:08,2024-06-10 09:21:07,1 Ave & E 68 St,6753.08,Grand Army Plaza & Plaza St West,4066.15,40.7659,-73.9585,40.6729,-73.9709,member
a9681fc1ba5c465d,electric_bike,2024-06-03 14:49:25,2024-06-03 14:52:41,8 Ave & W 31 St,6450.12,South End Ave & Liberty St,5303.06,40.7502,-73.9978,40.7111,-74.0158,member
6928043ed492451a,classic_bike,2024-06-10 14:02:55,2024-06-10 14:37:47,West St & Chambers St,5470.10,Central Park S & 6 Ave,6904.04,40.7175,-74.0134,40.7659,-73.9764,member
97314c9198b6491b,classic_bike,2024-06-09 10:30:10,2024-06-09 10:55:33,Grand Army Plaza & Plaza St West,4066.15,N 8 St & Driggs Ave,5453.07,40.6729,-73.9709,40.7177,-73.9560,member
811db4afe8ca4483,electric_bike,2024-06-03 07:51:01,2024-06-03 08:06:49,E 17 St & Broadway,5905.14,E 17 St & Broadway,5905.14,40.7370,-73.9901,40.7370,-73.9901,member
80da2ed7880b4b0e,classic_bike,2024-06-03 14:07:57,2024-06-03 14:12:36,Grand Army Plaza & Plaza St West,4066.15,Broadway & E 14 St,5905.12,40.6729,-73.9709,40.7345,-73.9907,member
f00f63efe59f41c2,electric_bike,2024-06-03 21:23:38,2024-06-03 22:02:26,Central Park S & 6 Ave,6904.04,N 8 St & Driggs Ave,5453.07,40.7659,-73.9764,40.7177,-73.9560,casual
7b6c7129cd634ba8,electric_bike,2024-06-01 17:54:33,2024-06-01 18:25:50,Lafayette St & E 8 St,5788.13,E 47 St & Park Ave,6551.09,40.7302,-73.9910,40.7553,-73.9746,casual
7a25ed81412847eb,classic_bike,2024-06-12 21:29:48,2024-06-12 21:38:28,Grand Army Plaza & Plaza St West,4066.15,9 Ave & W 45 St,6717.06,40.6729,-73.9709,40.7602,-73.9913,member
ca179780be5f402f,classic_bike,2024-06-09 12:58:16,2024-06-09 13:13:10,8 Ave & W 31 St,6450.12,Grand Army Plaza & Plaza St West,4066.15,40.7502,-73.9978,40.6729,-73.9709,member
279f91ab1b4949b6,electric_bike,2024-06-07 17:10:13,2024-06-07 17:33:46,Pier 40 - Hudson River Park,5573.05,W 21 St & 6 Ave,6140.05,40.7276,-74.0115,40.7418,-73.9945,casual
ae3c2ce6fde6449b,electric_bike,2024-06-09 13:13:36,2024-06-09 13:40:33,8 Ave & W 31 St,6450.12,E 47 St & Park Ave,6551.09,40.7502,-73.9978,40.7553,-73.9746,member
7bd7b4bf8e0e4bb7,electric_bike,2024-06-13 15:30:30,2024-06-13 15:44:42,E 17 St & Broadway,5905.14,Pier 40 - Hudson River Park,5573.05,40.7370,-73.9901,40.7276,-74.0115,casual
1e7c6795a8c642df,classic_bike,2024-06-13 18:02:25,2024-06-13 18:13:50,Grand Army Plaza & Plaza St West,4066.15,Lafayette St & E 8 St,5788.13,40.6729,-73.9709,40.7302,-73.9910,casual
cd04c00156a34ccc,classic_bike,2024-06-03 07:42:13,2024-06-03 08:18:55,9 Ave & W 45 St,6717.06,Bedford Ave & Nassau Ave,5525.04,40.7602,-73.9913,40.7230,-73.9521,member
6f74e55d99a94f6a,classic_bike,2024-06-01 19:43:05,2024-06-01 19:55:00,E 17 St & Broadway,5905.14,N 8 St & Driggs Ave,5453.07,40.7370,-73.9901,40.7177,-73.9560,member
fc04ca7aee414f16,electric_bike,2024-06-06 07:21:38,2024-06-06 07:26:12,8 Ave & W 31 St,6450.12,West St & Chambers St,5470.10,40.7502,-73.9978,40.7175,-74.0134,casual
02bdeabe706048eb,classic_bike,2024-06-01 19:12:52,2024-06-01 19:26:49,Bedford Ave & Nassau Ave,5525.04,Grand Army Plaza & Plaza St West,4066.15,40.7230,-73.9521,40.6729,-73.9709,casual
2b633b189d7d4756,classic_bike,2024-06-13 16:13:32,2024-06-13 16:50:44,West St & Chambers St,5470.10,W 21 St & 6 Ave,6140.05,40.7175,-74.0134,40.7418,-73.9945,casual
ab6ef8dd5a664316,electric_bike,2024-06-01 08:41:05,2024-06-01 09:01:55,West St & Chambers St,5470.10,N 8 St & Driggs Ave,5453.07,40.7175,-74.0134,40.7177,-73.9560,casual
48d495a48cb24aa2,electric_bike,2024-06-09 06:15:47,2024-06-09 06:22:28,Grand Army Plaza & Plaza St West,4066.15,West St & Chambers St,5470.10,40.6729,-73.9709,40.7175,-74.0134,casual
0130d66b932d4648,electric_bike,2024-06-04 16:20:12,2024-06-04 16:53:14,E 47 St & Park Ave,6551.09,8 Ave & W 31 St,6450.12,40.7553,-73.9746,40.7502,-73.9978,member
1df44d3ef26f4b19,electric_bike,2024-06-02 15:32:04,2024-06-02 16:08:24,E 17 St & Broadway,5905.14,Pier 40 - Hudson River Park,5573.05,40.7370,-73.9901,40.7276,-74.0115,casual
c68da4b2f6134da0,electric_bike,2024-06-07 15:36:30,2024-06-07 15:55:06,Bedford Ave & Nassau Ave,5525.04,Central Park S & 6 Ave,6904.04,40.7230,-73.9521,40.7659,-73.9764,casual
a237a8c161f64fbe,classic_bike,2024-06-14 06:28:30,2024-06-14 06:38:26,South End Ave & Liberty St,5303.06,Grand Army Plaza & Plaza St West,4066.15,40.7111,-74.0158,40.6729,-73.9709,member
436ae2bbd5094e07,classic_bike,2024-06-07 12:01:33,2024-06-07 12:40:07,9 Ave & W 45 St,6717.06,Lafayette St & E 8 St,5788.13,40.7602,-73.9913,40.7302,-73.9910,casual
2db13debee6f4bea,electric_bike,2024-06-11 18:46:52,2024-06-11 19:12:12,Broadway & E 14 St,5905.12,E 17 St & Broadway,5905.14,40.7345,-73.9907,40.7370,-73.9901,casual
3c1fdff0331d48bb,classic_bike,2024-06-10 10:35:11,2024-06-10 10:50:09,Lafayette St & E 8 St,5788.13,West St & Chambers St,5470.10,40.7302,-73.9910,40.7175,-74.0134,casual
1eb05b4a1b4f4d5f,classic_bike,2024-06-04 20:14:15,2024-06-04 20:40:33,West St & Chambers St,5470.10,West St & Chambers St,5470.10,40.7175,-74.0134,40.7175,-74.0134,casual
9ee4105d5f064c76,electric_bike,2024-06-13 20:37:34,2024-06-13 20:42:27,Grand Army Plaza & Plaza St West,4066.15,W 21 St & 6 Ave,6140.05,40.6729,-73.9709,40.7418,-73.9945,casual
ea7f6c7dc3a64204,electric_bike,2024-06-10 20:49:17,2024-06-10 21:24:47,South End Ave & Liberty St,5303.06,South End Ave & Liberty St,5303.06,40.7111,-74.0158,40.7111,-74.0158,casual
f08d312e7a734f35,classic_bike,2024-06-10 08:11:03,2024-06-10 08:48:56,West St & Chambers St,5470.10,9 Ave & W 45 St,6717.06,40.7175,-74.0134,40.7602,-73.9913,casual
84a91789b2c047e8,electric_bike,2024-06-11 19:14:11,2024-06-11 19:47:23,E 17 St & Broadway,5905.14,E 47 St & Park Ave,6551.09,40.7370,-73.9901,40.7553,-73.9746,casual
5c91f845534f496d,electric_bike,2024-06-01 17:30:13,2024-06-01 17:58:07,Bedford Ave & Nassau Ave,5525.04,W 21 St & 6 Ave,6140.05,40.7230,-73.9521,40.7418,-73.9945,member
6c8785467faf4458,classic_bike,2024-06-04 10:35:30,2024-06-04 11:00:55,Pier 40 - Hudson River Park,5573.05,8 Ave & W 31 St,6450.12,40.7276,-74.0115,40.7502,-73.9978,casual
9247e8512e0d4860,classic_bike,2024-06-06 12:13:54,2024-06-06 12:43:14,Bedford Ave & Nassau Ave,5525.04,9 Ave & W 45 St,6717.06,40.7230,-73.9521,40.7602,-73.9913,member
618192dedb374ca7,classic_bike,2024-06-12 10:36:51,2024-06-12 10:54:56,E 47 St & Park Ave,6551.09,Broadway & E 14 St,5905.12,40.7553,-73.9746,40.7345,-73.9907,member
226cbc6a7fe544b6,electric_bike,2024-06-03 14:04:51,2024-06-03 14:07:30,9 Ave & W 45 St,6717.06,Bedford Ave & Nassau Ave,5525.04,40.7602,-73.9913,40.7230,-73.9521,casual
29d0c613b0c74002,classic_bike,2024-06-09 20:39:36,2024-06-09 20:44:51,8 Ave & W 31 St,6450.12,8 Ave & W 31 St,6450.12,40.7502,-73.9978,40.7502,-73.9978,member
42803aa055ac4d06,electric_bike,2024-06-08 20:19:40,2024-06-08 20:28:14,E 47 St & Park Ave,6551.09,8 Ave & W 31 St,6450.12,40.7553,-73.9746,40.7502,-73.9978,casual
de0bde1859e140eb,classic_bike,2024-06-13 10:23:22,2024-06-13 10:26:43,Pier 40 - Hudson River Park,5573.05,Pier 40 - Hudson River Park,5573.05,40.7276,-74.0115,40.7276,-74.0115,member
726a030dbc8c4a8f,classic_bike,2024-06-06 11:32:43,2024-06-06 12:09:33,9 Ave & W 45 St,6717.06,8 Ave & W 31 St,6450.12,40.7602,-73.9913,40.7502,-73.9978,casual
565f1491edb64b81,electric_bike,2024-06-08 16:46:09,2024-06-08 16:59:35,Grand Army Plaza & Plaza St West,4066.15,8 Ave & W 31 St,6450.12,40.6729,-73.9709,40.7502,-73.9978,casual
a72bdddd511e4eb8,electric_bike,2024-06-02 07:21:10,2024-06-02 07:46:37,E 47 St & Park Ave,6551.09,South End Ave & Liberty St,5303.06,40.7553,-73.9746,40.7111,-74.0158,casual
5cf85eebf0534851,electric_bike,2024-06-07 10:37:56,2024-06-07 11:10:18,Grand Army Plaza & Plaza St West,4066.15,N 8 St & Driggs Ave,5453.07,40.6729,-73.9709,40.7177,-73.9560,casual
be6e9d47f0c0404b,classic_bike,2024-06-14 06:23:08,2024-06-14 06:41:09,1 Ave & E 68 St,6753.08,1 Ave & E 68 St,6753.08,40.7659,-73.9585,40.7659,-73.9585,member
c55be95d06bf49c4,electric_bike,2024-06-02 07:37:04,2024-06-02 08:11:22,1 Ave & E 68 St,6753.08,E 17 St & Broadway,5905.14,40.7659,-73.9585,40.7370,-73.9901,member
bcd2e8eb3f5540cd,electric_bike,2024-06-10 08:39:05,2024-06-10 09:07:41,Broadway & E 14 St,5905.12,8 Ave & W 31 St,6450.12,40.7345,-73.9907,40.7502,-73.9978,casual
5b59f28ea9de4b26,electric_bike,2024-06-03 14:59:53,2024-06-03 15:13:31,N 8 St & Driggs Ave,5453.07,1 Ave & E 68 St,6753.08,40.7177,-73.9560,40.7659,-73.9585,casual
f2cffcaef8334bfb,classic_bike,2024-06-09 21:57:17,2024-06-09 22:36:43,Central Park S & 6 Ave,6904.04,E 47 St & Park Ave,6551.09,40.7659,-73.9764,40.7553,-73.9746,casual
88a613b4a3b84f92,electric_bike,2024-06-11 20:58:36,2024-06-11 21:30:17,N 8 St & Driggs Ave,5453.07,Bedford Ave & Nassau Ave,5525.04,40.7177,-73.9560,40.7230,-73.9521,casual
4282b6e46986405a,classic_bike,2024-06-04 19:44:05,2024-06-04 20:16:14,Central Park S & 6 Ave,6904.04,Pier 40 - Hudson River Park,5573.05,40.7659,-73.9764,40.7276,-74.0115,casual
88fc3da1781d4b6c,classic_bike,2024-06-09 19:54:48,2024-06-09 20:06:06,W 21 St & 6 Ave,6140.05,W 21 St & 6 Ave,6140.05,40.7418,-73.9945,40.7418,-73.9945,casual
3b30ee9798d54cf5,classic_bike,2024-06-05 06:09:49,2024-06-05 06:41:12,9 Ave & W 45 St,6717.06,Central Park S & 6 Ave,6904.04,40.7602,-73.9913,40.7659,-73.9764,casual
a55fa725bcb34168,electric_bike,2024-06-09 13:27:25,2024-06-09 13:46:28,West St & Chambers St,5470.10,E 17 St & Broadway,5905.14,40.7175,-74.0134,40.7370,-73.9901,casual
e8f2c584ccca4e14,electric_bike,2024-06-02 13:12:40,2024-06-02 13:31:01,West St & Chambers St,5470.10,8 Ave & W 31 St,6450.12,40.7175,-74.0134,40.7502,-73.9978,casual
2eb23ca311864a93,classic_bike,2024-06-09 19:48:17,2024-06-09 20:18:28,N 8 St & Driggs Ave,5453.07,Bedford Ave & Nassau Ave,5525.04,40.7177,-73.9560,40.7230,-73.9521,casual
3012f8197df34378,electric_bike,2024-06-08 16:32:28,2024-06-08 16:53:02,Broadway & E 14 St,5905.12,N 8 St & Driggs Ave,5453.07,40.7345,-73.9907,40.7177,-73.9560,member
b71714cd200241bb,electric_bike,2024-06-09 06:22:11,2024-06-09 06:31:09,1 Ave & E 68 St,6753.08,W 21 St & 6 Ave,6140.05,40.7659,-73.9585,40.7418,-73.9945,member
c9254bb54fc34d4e,electric_bike,2024-06-03 06:15:31,2024-06-03 06:32:20,West St & Chambers St,5470.10,Broadway & E 14 St,5905.12,40.7175,-74.0134,40.7345,-73.9907,casual
25660316f39e41be,classic_bike,2024-06-13 06:32:21,2024-06-13 06:39:49,Central Park S & 6 Ave,6904.04,Bedford Ave & Nassau Ave,5525.04,40.7659,-73.9764,40.7230,-73.9521,casual
4005353dd76f4e65,electric_bike,2024-06-02 15:16:30,2024-06-02 15:30:53,9 Ave & W 45 St,6717.06,E 17 St & Broadway,5905.14,40.7602,-73.9913,40.7370,-73.9901,member
08942176fe994f69,classic_bike,2024-06-12 10:14:24,2024-06-12 10:46:38,Broadway & E 14 St,5905.12,9 Ave & W 45 St,6717.06,40.7345,-73.9907,40.7602,-73.9913,casual
f6121d2cae7340eb,electric_bike,2024-06-02 14:53:42,2024-06-02 15:09:55,Bedford Ave & Nassau Ave,5525.04,9 Ave & W 45 St,6717.06,40.7230,-73.9521,40.7602,-73.9913,casual
7b31dcdc40d94a8e,electric_bike,2024-06-12 06:43:47,2024-06-12 07:23:18,1 Ave & E 68 St,6753.08,N 8 St & Driggs Ave,5453.07,40.7659,-73.9585,40.7177,-73.9560,member
a206527c3c6841d6,electric_bike,2024-06-01 20:44:42,2024-06-01 21:01:34,Lafayette St & E 8 St,5788.13,South End Ave & Liberty St,5303.06,40.7302,-73.9910,40.7111,-74.0158,casual
02493a093e3b4a40,classic_bike,2024-06-13 10:42:37,2024-06-13 10:52:47,W 21 St & 6 Ave,6140.05,1 Ave & E 68 St,6753.08,40.7418,-73.9945,40.7659,-73.9585,casual
176617957ffa4493,electric_bike,2024-06-03 12:20:49,2024-06-03 12:28:55,Bedford Ave & Nassau Ave,5525.04,Grand Army Plaza & Plaza St West,4066.15,40.7230,-73.9521,40.6729,-73.9709,member
7ce3456320364a73,classic_bike,2024-06-11 08:37:44,2024-06-11 09:16:20,W 21 St & 6 Ave,6140.05,Lafayette St & E 8 St,5788.13,40.7418,-73.9945,40.7302,-73.9910,casual
b072afc805774108,electric_bike,2024-06-11 18:54:22,2024-06-11 19:26:18,Pier 40 - Hudson River Park,5573.05,9 Ave & W 45 St,6717.06,40.7276,-74.0115,40.7602,-73.9913,casual
4b726a7c8f1c4fa0,electric_bike,2024-06-05 21:20:02,2024-06-05 21:55:09,Bedford Ave & Nassau Ave,5525.04,1 Ave & E 68 St,6753.08,40.7230,-73.9521,40.7659,-73.9585,member
994316bbd4d343a5,classic_bike,2024-06-09 11:56:20,2024-06-09 12:30:18,Grand Army Plaza & Plaza St West,4066.15,1 Ave & E 68 St,6753.08,40.6729,-73.9709,40.7659,-73.9585,member
002f2ca4743e4531,electric_bike,2024-06-08 11:02:52,2024-06-08 11:22:50,Pier 40 - Hudson River Park,5573.05,1 Ave & E 68 St,6753.08,40.7276,-74.0115,40.7659,-73.9585,member
a885a7b410374a5c,electric_bike,2024-06-10 20:37:23,2024-06-10 20:55:41,South End Ave & Liberty St,5303.06,W 21 St & 6 Ave,6140.05,40.7111,-74.0158,40.7418,-73.9945,member
68e8f31152954a96,electric_bike,2024-06-08 19:04:35,2024-06-08 19:17:06,Pier 40 - Hudson River Park,5573.05,N 8 St & Driggs Ave,5453.07,40.7276,-74.0115,40.7177,-73.9560,member
33bb738208014e83,classic_bike,2024-06-11 07:08:02,2024-06-11 07:18:53,Broadway & E 14 St,5905.12,Pier 40 - Hudson River Park,5573.05,40.7345,-73.9907,40.7276,-74.0115,casual
9fbc879e869c4a8e,electric_bike,2024-06-01 15:44:41,2024-06-01 16:13:12,West St & Chambers St,5470.10,Broadway & E 14 St,5905.12,40.7175,-74.0134,40.7345,-73.9907,member
a7df30b2356f4c0a,electric_bike,2024-06-10 18:15:04,2024-06-10 18:17:57,Lafayette St & E 8 St,5788.13,West St & Chambers St,5470.10,40.7302,-73.9910,40.7175,-74.0134,member
b55beaaacb5340be,classic_bike,2024-06-11 07:02:23,2024-06-11 07:32:46,Central Park S & 6 Ave,6904.04,9 Ave & W 45 St,6717.06,40.7659,-73.9764,40.7602,-73.9913,casual
f5e90352374549f2,classic_bike,2024-06-12 07:12:53,2024-06-12 07:35:37,Pier 40 - Hudson River Park,5573.05,W 21 St & 6 Ave,6140.05,40.7276,-74.0115,40.7418,-73.9945,member
91ed554a3fae4f01,classic_bike,2024-06-09 12:34:12,2024-06-09 12:49:23,Bedford Ave & Nassau Ave,5525.04,West St & Chambers St,5470.10,40.7230,-73.9521,40.7175,-74.0134,casual
aa4d52a8b3da4808,electric_bike,2024-06-13 16:53:36,2024-06-13 17:20:02,Bedford Ave & Nassau Ave,5525.04,Broadway & E 14 St,5905.12,40.7230,-73.9521,40.7345,-73.9907,member
88adb388287e4086,electric_bike,2024-06-03 15:23:25,2024-06-03 15:59:52,1 Ave & E 68 St,6753.08,9 Ave & W 45 St,6717.06,40.7659,-73.9585,40.7602,-73.9913,casual
6e3b0507a21c4209,electric_bike,2024-06-09 11:32:54,2024-06-09 12:00:16,South End Ave & Liberty St,5303.06,Lafayette St & E 8 St,5788.13,40.7111,-74.0158,40.7302,-73.9910,member
5c29850b410b4c29,electric_bike,2024-06-04 12:24:49,2024-06-04 13:04:22,Grand Army Plaza & Plaza St West,4066.15,Pier 40 - Hudson River Park,5573.05,40.6729,-73.9709,40.7276,-74.0115,casual
e3ec4f6afe504fdc,electric_bike,2024-06-12 06:35:18,2024-06-12 06:38:24,E 17 St & Broadway,5905.14,W 21 St & 6 Ave,6140.05,40.7370,-73.9901,40.7418,-73.9945,member
b0916fb7f17f4f92,electric_bike,2024-06-04 20:36:20,2024-06-04 20:39:48,8 Ave & W 31 St,6450.12,West St & Chambers St,5470.10,40.7502,-73.9978,40.7175,-74.0134,member
95082801e3be4ca0,classic_bike,2024-06-08 12:04:09,2024-06-08 12:15:35,Broadway & E 14 St,5905.12,W 21 St & 6 Ave,6140.05,40.7345,-73.9907,40.7418,-73.9945,member
bbf8da9137a94824,classic_bike,2024-06-05 07:34:36,2024-06-05 08:03:53,8 Ave & W 31 St,6450.12,9 Ave & W 45 St,6717.06,40.7502,-73.9978,40.7602,-73.9913,casual
09912f464ce6428b,electric_bike,2024-06-03 14:19:52,2024-06-03 14:28:22,9 Ave & W 45 St,6717.06,Central Park S & 6 Ave,6904.04,40.7602,-73.9913,40.7659,-73.9764,member
1edbbe71de2a4ddf,classic_bike,2024-06-13 11:42:22,2024-06-13 12:14:00,9 Ave & W 45 St,6717.06,W 21 St & 6 Ave,6140.05,40.7602,-73.9913,40.7418,-73.9945,member
8a38d5aa51be4a8e,classic_bike,2024-06-11 12:31:03,2024-06-11 12:53:51,N 8 St & Driggs Ave,5453.07,9 Ave & W 45 St,6717.06,40.7177,-73.9560,40.7602,-73.9913,casual
985a9548c0ba42a4,classic_bike,2024-06-04 08:36:03,2024-06-04 09:04:52,Pier 40 - Hudson River Park,5573.05,Bedford Ave & Nassau Ave,5525.04,40.7276,-74.0115,40.7230,-73.9521,member
9249ee3a79d14c4e,classic_bike,2024-06-13 12:43:09,2024-06-13 12:54:10,E 17 St & Broadway,5905.14,8 Ave & W 31 St,6450.12,40.7370,-73.9901,40.7502,-73.9978,casual
8f2e08d37b1d4ca3,classic_bike,2024-06-07 14:33:27,2024-06-07 14:44:21,8 Ave & W 31 St,6450.12,Broadway & E 14 St,5905.12,40.7502,-73.9978,40.7345,-73.9907,casual
44296ca21257429e,electric_bike,2024-06-10 09:20:35,2024-06-10 09:58:22,E 17 St & Broadway,5905.14,N 8 St & Driggs Ave,5453.07,40.7370,-73.9901,40.7177,-73.9560,casual
30c3ef8a592a443d,electric_bike,2024-06-10 07:31:07,2024-06-10 08:01:21,N 8 St & Driggs Ave,5453.07,South End Ave & Liberty St,5303.06,40.7177,-73.9560,40.7111,-74.0158,casual
d25355159dc048b5,electric_bike,2024-06-01 19:08:19,2024-06-01 19:21:52,Grand Army Plaza & Plaza St West,4066.15,N 8 St & Driggs Ave,5453.07,40.6729,-73.9709,40.7177,-73.9560,member
da4ec04cba7e4b86,classic_bike,2024-06-14 09:59:12,2024-06-14 10:26:43,Central Park S & 6 Ave,6904.04,W 21 St & 6 Ave,6140.05,40.7659,-73.9764,40.7418,-73.9945,member
49a5baebd1f44c8d,classic_bike,2024-06-04 16:35:59,2024-06-04 16:48:03,Bedford Ave & Nassau Ave,5525.04,W 21 St & 6 Ave,6140.05,40.7230,-73.9521,40.7418,-73.9945,casual
bd717da335814632,classic_bike,2024-06-02 11:12:28,2024-06-02 11:46:37,Bedford Ave & Nassau Ave,5525.04,9 Ave & W 45 St,6717.06,40.7230,-73.9521,40.7602,-73.9913,member
242f5829fe07432a,classic_bike,2024-06-13 10:24:35,2024-06-13 10:59:33,Pier 40 - Hudson River Park,5573.05,Pier 40 - Hudson River Park,5573.05,40.7276,-74.0115,40.7276,-74.0115,casual
3360d11548b54c88,electric_bike,2024-06-11 14:59:02,2024-06-11 15:18:28,Grand Army Plaza & Plaza St West,4066.15,South End Ave & Liberty St,5303.06,40.6729,-73.9709,40.7111,-74.0158,member
a8fc5690e9b144a1,electric_bike,2024-06-01 07:08:24,2024-06-01 07:28:55,Central Park S & 6 Ave,6904.04,N 8 St & Driggs Ave,5453.07,40.7659,-73.9764,40.7177,-73.9560,member
822fb2f061754257,classic_bike,2024-06-14 21:04:41,2024-06-14 21:33:04,W 21 St & 6 Ave,6140.05,8 Ave & W 31 St,6450.12,40.7418,-73.9945,40.7502,-73.9978,casual
753e9662f77f43a7,classic_bike,2024-06-10 15:04:05,2024-06-10 15:18:48,Central Park S & 6 Ave,6904.04,E 47 St & Park Ave,6551.09,40.7659,-73.9764,40.7553,-73.9746,member
04b40ac928314f0d,electric_bike,2024-06-09 11:12:21,2024-06-09 11:47:47,West St & Chambers St,5470.10,South End Ave & Liberty St,5303.06,40.7175,-74.0134,40.7111,-74.0158,casual
41f74651a0334dad,electric_bike,2024-06-05 10:01:32,2024-06-05 10:22:21,Lafayette St & E 8 St,5788.13,N 8 St & Driggs Ave,5453.07,40.7302,-73.9910,40.7177,-73.9560,member
bada0c9416794be0,electric_bike,2024-06-04 08:35:21,2024-06-04 09:04:10,Pier 40 - Hudson River Park,5573.05,8 Ave & W 31 St,6450.12,40.7276,-74.0115,40.7502,-73.9978,member
72fcc072544c4132,classic_bike,2024-06-10 08:36:27,2024-06-10 08:59:46,E 17 St & Broadway,5905.14,West St & Chambers St,5470.10,40.7370,-73.9901,40.7175,-74.0134,member
b043a39a4f1a44cb,classic_bike,2024-06-10 15:14:43,2024-06-10 15:30:31,N 8 St & Driggs Ave,5453.07,1 Ave & E 68 St,6753.08,40.7177,-73.9560,40.7659,-73.9585,casual
88702ae78ead4a9a,classic_bike,2024-06-03 17:11:59,2024-06-03 17:24:46,South End Ave & Liberty St,5303.06,9 Ave & W 45 St,6717.06,40.7111,-74.0158,40.7602,-73.9913,member
f610f40d69fe490f,electric_bike,2024-06-03 18:24:01,2024-06-03 18:47:46,Lafayette St & E 8 St,5788.13,E 47 St & Park Ave,6551.09,40.7302,-73.9910,40.7553,-73.9746,casual
1b555f6d301c4abf,classic_bike,2024-06-14 21:15:40,2024-06-14 21:36:21,Central Park S & 6 Ave,6904.04,Bedford Ave & Nassau Ave,5525.04,40.7659,-73.9764,40.7230,-73.9521,member
aff7ff5d3b1d42cf,classic_bike,2024-06-10 16:31:17,2024-06-10 16:49:02,W 21 St & 6 Ave,6140.05,9 Ave & W 45 St,6717.06,40.7418,-73.9945,40.7602,-73.9913,casual
b646e2b17800427a,electric_bike,2024-06-13 14:08:08,2024-06-13 14:44:25,Broadway & E 14 St,5905.12,Bedford Ave & Nassau Ave,5525.04,40.7345,-73.9907,40.7230,-73.9521,member
68994c8408404234,classic_bike,2024-06-08 14:05:08,2024-06-08 14:18:18,E 47 St & Park Ave,6551.09,E 17 St & Broadway,5905.14,40.7553,-73.9746,40.7370,-73.9901,casual
f4672866ed5642a0,electric_bike,2024-06-12 17:27:12,2024-06-12 17:43:09,E 17 St & Broadway,5905.14,West St & Chambers St,5470.10,40.7370,-73.9901,40.7175,-74.0134,casual
0ab5207fc6b6420a,electric_bike,2024-06-14 13:48:56,2024-06-14 14:07:46,Bedford Ave & Nassau Ave,5525.04,Lafayette St & E 8 St,5788.13,40.7230,-73.9521,40.7302,-73.9910,casual
b440b852e033400e,classic_bike,2024-06-12 15:45:38,2024-06-12 16:24:14,E 17 St & Broadway,5905.14,Grand Army Plaza & Plaza St West,4066.15,40.7370,-73.9901,40.6729,-73.9709,member
fbdc532e6546466d,classic_bike,2024-06-14 20:58:02,2024-06-14 21:16:48,Central Park S & 6 Ave,6904.04,Central Park S & 6 Ave,6904.04,40.7659,-73.9764,40.7659,-73.9764,casual
4df742aee267412b,electric_bike,2024-06-11 06:50:12,2024-06-11 07:12:04,Pier 40 - Hudson River Park,5573.05,9 Ave & W 45 St,6717.06,40.7276,-74.0115,40.7602,-73.9913,casual
2469d0c2e7574997,electric_bike,2024-06-05 16:27:58,2024-06-05 16:33:41,1 Ave & E 68 St,6753.08,E 17 St & Broadway,5905.14,40.7659,-73.9585,40.7370,-73.9901,casual
52ce55e369df45c7,electric_bike,2024-06-09 07:55:11,2024-06-09 08:34:29,Broadway & E 14 St,5905.12,Bedford Ave & Nassau Ave,5525.04,40.7345,-73.9907,40.7230,-73.9521,member
400564b8171643b1,electric_bike,2024-06-10 21:18:45,2024-06-10 21:34:32,1 Ave & E 68 St,6753.08,Central Park S & 6 Ave,6904.04,40.7659,-73.9585,40.7659,-73.9764,member
8618e40d15d64658,electric_bike,2024-06-02 07:33:07,2024-06-02 08:05:47,Bedford Ave & Nassau Ave,5525.04,Bedford Ave & Nassau Ave,5525.04,40.7230,-73.9521,40.7230,-73.9521,member
df0ddef190c44e45,classic_bike,2024-06-07 06:44:49,2024-06-07 06:58:28,E 17 St & Broadway,5905.14,Pier 40 - Hudson River Park,5573.05,40.7370,-73.9901,40.7276,-74.0115,member
baebe15d4f3c4771,electric_bike,2024-06-03 19:07:45,2024-06-03 19:13:15,E 47 St & Park Ave,6551.09,1 Ave & E 68 St,6753.08,40.7553,-73.9746,40.7659,-73.9585,casual
40cbe188c3f04ac3,classic_bike,2024-06-02 21:20:08,2024-06-02 21:35:58,N 8 St & Driggs Ave,5453.07,1 Ave & E 68 St,6753.08,40.7177,-73.9560,40.7659,-73.9585,casual
3ce5988c7e534702,classic_bike,2024-06-08 15:16:51,2024-06-08 15:19:14,Central Park S & 6 Ave,6904.04,E 47 St & Park Ave,6551.09,40.7659,-73.9764,40.7553,-73.9746,casual
473268c98c1e4464,classic_bike,2024-06-08 07:21:38,2024-06-08 07:24:04,Central Park S & 6 Ave,6904.04,E 17 St & Broadway,5905.14,40.7659,-73.9764,40.7370,-73.9901,member
aac04912084d4822,electric_bike,2024-06-01 17:08:22,2024-06-01 17:12:52,1 Ave & E 68 St,6753.08,1 Ave & E 68 St,6753.08,40.7659,-73.9585,40.7659,-73.9585,casual
9c7060da48cd49c5,classic_bike,2024-06-01 07:51:26,2024-06-01 08:05:36,South End Ave & Liberty St,5303.06,Broadway & E 14 St,5905.12,40.7111,-74.0158,40.7345,-73.9907,casual
5e5a90c152a443f9,electric_bike,2024-06-06 21:53:02,2024-06-06 22:01:23,Bedford Ave & Nassau Ave,5525.04,Grand Army Plaza & Plaza St West,4066.15,40.7230,-73.9521,40.6729,-73.9709,member
b1d294571f3c4a1d,electric_bike,2024-06-14 15:23:04,2024-06-14 15:45:03,9 Ave & W 45 St,6717.06,E 17 St & Broadway,5905.14,40.7602,-73.9913,40.7370,-73.9901,casual
92451cc41bfb4b3d,classic_bike,2024-06-09 09:34:44,2024-06-09 09:51:00,Pier 40 - Hudson River Park,5573.05,E 17 St & Broadway,5905.14,40.7276,-74.0115,40.7370,-73.9901,casual
510564f9d90949aa,electric_bike,2024-06-10 21:56:50,2024-06-10 22:18:26,Bedford Ave & Nassau Ave,5525.04,Bedford Ave & Nassau Ave,5525.04,40.7230,-73.9521,40.7230,-73.9521,casual
7e14c5957f6b462c,classic_bike,2024-06-10 15:36:31,2024-06-10 16:13:59,South End Ave & Liberty St,5303.06,1 Ave & E 68 St,6753.08,40.7111,-74.0158,40.7659,-73.9585,member
1e30614fcbf64a23,classic_bike,2024-06-04 06:01:07,2024-06-04 06:04:45,Bedford Ave & Nassau Ave,5525.04,8 Ave & W 31 St,6450.12,40.7230,-73.9521,40.7502,-73.9978,casual
b0a4f5573381401f,electric_bike,2024-06-06 11:58:35,2024-06-06 12:15:04,E 17 St & Broadway,5905.14,W 21 St & 6 Ave,6140.05,40.7370,-73.9901,40.7418,-73.9945,casual
1d2467e20191419d,electric_bike,2024-06-05 11:07:32,2024-06-05 11:47:04,9 Ave & W 45 St,6717.06,Broadway & E 14 St,5905.12,40.7602,-73.9913,40.7345,-73.9907,casual
56830783d5754337,electric_bike,2024-06-10 16:30:01,2024-06-10 16:44:00,E 17 St & Broadway,5905.14,Bedford Ave & Nassau Ave,5525.04,40.7370,-73.9901,40.7230,-73.9521,casual
dd7f57d1e45d4f26,electric_bike,2024-06-11 08:19:30,2024-06-11 08:32:06,9 Ave & W 45 St,6717.06,W 21 St & 6 Ave,6140.05,40.7602,-73.9913,40.7418,-73.9945,casual
90a014ab4ca14abd,electric_bike,2024-06-07 21:50:47,2024-06-07 21:56:36,9 Ave & W 45 St,6717.06,E 47 St & Park Ave,6551.09,40.7602,-73.9913,40.7553,-73.9746,member
47cc3a66263848be,classic_bike,2024-06-11 11:39:51,2024-06-11 12:05:59,West St & Chambers St,5470.10,Grand Army Plaza & Plaza St West,4066.15,40.7175,-74.0134,40.6729,-73.9709,casual
dd56030e1de947a2,electric_bike,2024-06-09 20:22:10,2024-06-09 20:50:45,E 17 St & Broadway,5905.14,N 8 St & Driggs Ave,5453.07,40.7370,-73.9901,40.7177,-73.9560,casual
73b0220d5f2049ea,electric_bike,2024-06-05 13:03:05,2024-06-05 13:39:00,Bedford Ave & Nassau Ave,5525.04,W 21 St & 6 Ave,6140.05,40.7230,-73.9521,40.7418,-73.9945,member
17b4e75be9d14ec2,electric_bike,2024-06-03 07:54:23,2024-06-03 07:58:56,Pier 40 - Hudson River Park,5573.05,8 Ave & W 31 St,6450.12,40.7276,-74.0115,40.7502,-73.9978,member
dfb68a5fbb8141f0,electric_bike,2024-06-09 08:37:12,2024-06-09 09:02:25,9 Ave & W 45 St,6717.06,Central Park S & 6 Ave,6904.04,40.7602,-73.9913,40.7659,-73.9764,casual
3487246c21f94072,classic_bike,2024-06-14 07:40:52,2024-06-14 08:18:06,1 Ave & E 68 St,6753.08,9 Ave & W 45 St,6717.06,40.7659,-73.9585,40.7602,-73.9913,casual
afe2a9400b454c23,classic_bike,2024-06-14 14:54:07,2024-06-14 14:56:23,E 17 St & Broadway,5905.14,Bedford Ave & Nassau Ave,5525.04,40.7370,-73.9901,40.7230,-73.9521,casual
4fe898d8c22c46a8,classic_bike,2024-06-01 07:45:33,2024-06-01 08:08:52,Central Park S & 6 Ave,6904.04,South End Ave & Liberty St,5303.06,40.7659,-73.9764,40.7111,-74.0158,casual
1e1e5d91abce490f,electric_bike,2024-06-05 10:43:34,2024-06-05 11:07:21,West St & Chambers St,5470.10,West St & Chambers St,5470.10,40.7175,-74.0134,40.7175,-74.0134,member
59ae73028ae3497e,electric_bike,2024-06-02 06:15:39,2024-06-02 06:52:44,1 Ave & E 68 St,6753.08,8 Ave & W 31 St,6450.12,40.7659,-73.9585,40.7502,-73.9978,casual
9cfecbd84fb64094,electric_bike,2024-06-13 10:50:36,2024-06-13 11:09:18,1 Ave & E 68 St,6753.08,Bedford Ave & Nassau Ave,5525.04,40.7659,-73.9585,40.7230,-73.9521,casual
160beed40dc5442e,electric_bike,2024-06-01 14:02:57,2024-06-01 14:08:23,W 21 St & 6 Ave,6140.05,1 Ave & E 68 St,6753.08,40.7418,-73.9945,40.7659,-73.9585,casual
5513b74f4ffc4c54,classic_bike,2024-06-10 21:12:37,2024-06-10 21:45:03,1 Ave & E 68 St,6753.08,Bedford Ave & Nassau Ave,5525.04,40.7659,-73.9585,40.7230,-73.9521,member
eb70bda9cd66479d,electric_bike,2024-06-13 13:56:36,2024-06-13 14:07:35,South End Ave & Liberty St,5303.06,9 Ave & W 45 St,6717.06,40.7111,-74.0158,40.7602,-73.9913,member
394a97fdf28b4846,classic_bike,2024-06-11 16:59:45,2024-06-11 17:33:31,Central Park S & 6 Ave,6904.04,8 Ave & W 31 St,6450.12,40.7659,-73.9764,40.7502,-73.9978,casual
53238affe1e548a1,electric_bike,2024-06-07 09:07:44,2024-06-07 09:32:17,South End Ave & Liberty St,5303.06,Lafayette St & E 8 St,5788.13,40.7111,-74.0158,40.7302,-73.9910,casual
484204d52bb94661,electric_bike,2024-06-08 07:55:22,2024-06-08 08:30:02,W 21 St & 6 Ave,6140.05,Broadway & E 14 St,5905.12,40.7418,-73.9945,40.7345,-73.9907,member
1228130ba64242a2,electric_bike,2024-06-07 19:57:45,2024-06-07 20:07:03,Pier 40 - Hudson River Park,5573.05,Broadway & E 14 St,5905.12,40.7276,-74.0115,40.7345,-73.9907,casual
7b7ce7ccf95047fa,electric_bike,2024-06-07 10:04:39,2024-06-07 10:23:17,E 17 St & Broadway,5905.14,Grand Army Plaza & Plaza St West,4066.15,40.7370,-73.9901,40.6729,-73.9709,member
9134c0b76f73473b,electric_bike,2024-06-14 17:50:37,2024-06-14 18:22:02,Lafayette St & E 8 St,5788.13,West St & Chambers St,5470.10,40.7302,-73.9910,40.7175,-74.0134,member
76812ad798984758,electric_bike,2024-06-11 07:19:47,2024-06-11 07:55:00,1 Ave & E 68 St,6753.08,N 8 St & Driggs Ave,5453.07,40.7659,-73.9585,40.7177,-73.9560,member
d066ad21af7d4f21,electric_bike,2024-06-03 11:15:25,2024-06-03 11:22:10,E 47 St & Park Ave,6551.09,Central Park S & 6 Ave,6904.04,40.7553,-73.9746,40.7659,-73.9764,casual
94ad345ae3234264,classic_bike,2024-06-11 07:02:05,2024-06-11 07:18:56,Central Park S & 6 Ave,6904.04,N 8 St & Driggs Ave,5453.07,40.7659,-73.9764,40.7177,-73.9560,member
321735257279401c,classic_bike,2024-06-08 15:04:18,2024-06-08 15:32:55,N 8 St & Driggs Ave,5453.07,1 Ave & E 68 St,6753.08,40.7177,-73.9560,40.7659,-73.9585,casual
6f4a454fefca47ae,electric_bike,2024-06-13 21:35:43,2024-06-13 21:58:30,8 Ave & W 31 St,6450.12,Grand Army Plaza & Plaza St West,4066.15,40.7502,-73.9978,40.6729,-73.9709,member
5e85643c0ffa4366,classic_bike,2024-06-10 14:42:25,2024-06-10 14:53:07,Grand Army Plaza & Plaza St West,4066.15,W 21 St & 6 Ave,6140.05,40.6729,-73.9709,40.7418,-73.9945,member
6e84e8323c3843f0,electric_bike,2024-06-14 12:07:07,2024-06-14 12:28:22,Bedford Ave & Nassau Ave,5525.04,Pier 40 - Hudson River Park,5573.05,40.7230,-73.9521,40.7276,-74.0115,casual
79912c512c644adf,classic_bike,2024-06-07 12:30:27,2024-06-07 13:09:39,Bedford Ave & Nassau Ave,5525.04,E 17 St & Broadway,5905.14,40.7230,-73.9521,40.7370,-73.9901,member
df6b9b3fff594778,classic_bike,2024-06-14 21:46:23,2024-06-14 22:16:51,Pier 40 - Hudson River Park,5573.05,E 17 St & Broadway,5905.14,40.7276,-74.0115,40.7370,-73.9901,member
fd7ee75cf9974697,classic_bike,2024-06-11 06:16:09,2024-06-11 06:51:22,W 21 St & 6 Ave,6140.05,Broadway & E 14 St,5905.12,40.7418,-73.9945,40.7345,-73.9907,member
9abbe46bb2054cec,electric_bike,2024-06-13 13:05:55,2024-06-13 13:39:02,1 Ave & E 68 St,6753.08,N 8 St & Driggs Ave,5453.07,40.7659,-73.9585,40.7177,-73.9560,member
2f90005839ca4826,electric_bike,2024-06-07 15:25:52,2024-06-07 15:58:35,Central Park S & 6 Ave,6904.04,Pier 40 - Hudson River Park,5573.05,40.7659,-73.9764,40.7276,-74.0115,member
8bd18d4bed3343fc,electric_bike,2024-06-14 18:28:15,2024-06-14 19:04:30,Grand Army Plaza & Plaza St West,4066.15,Central Park S & 6 Ave,6904.04,40.6729,-73.9709,40.7659,-73.9764,member
b0c46ddcf63441f8,classic_bike,2024-06-08 18:01:23,2024-06-08 18:11:06,W 21 St & 6 Ave,6140.05,Grand Army Plaza & Plaza St West,4066.15,40.7418,-73.9945,40.6729,-73.9709,member
85fab5ea14074edb,classic_bike,2024-06-09 20:39:48,2024-06-09 21:00:52,Bedford Ave & Nassau Ave,5525.04,Bedford Ave & Nassau Ave,5525.04,40.7230,-73.9521,40.7230,-73.9521,member
cc502a898a08440e,electric_bike,2024-06-12 17:19:42,2024-06-12 17:27:01,Central Park S & 6 Ave,6904.04,N 8 St & Driggs Ave,5453.07,40.7659,-73.9764,40.7177,-73.9560,member
781f9d3fe7f349dc,electric_bike,2024-06-09 19:17:00,2024-06-09 19:51:00,South End Ave & Liberty St,5303.06,Lafayette St & E 8 St,5788.13,40.7111,-74.0158,40.7302,-73.9910,casual
bfda55c998fe44f3,electric_bike,2024-06-05 10:56:10,2024-06-05 11:00:34,Lafayette St & E 8 St,5788.13,9 Ave & W 45 St,6717.06,40.7302,-73.9910,40.7602,-73.9913,casual
cf13cb3d4ab04699,classic_bike,2024-06-08 15:52:10,2024-06-08 15:57:41,W 21 St & 6 Ave,6140.05,N 8 St & Driggs Ave,5453.07,40.7418,-73.9945,40.7177,-73.9560,casual
47edc6dd9da44c0f,electric_bike,2024-06-03 14:37:04,2024-06-03 14:58:02,Central Park S & 6 Ave,6904.04,Broadway & E 14 St,5905.12,40.7659,-73.9764,40.7345,-73.9907,casual
cecea5d35ea949ef,classic_bike,2024-06-02 16:18:11,2024-06-02 16:30:30,W 21 St & 6 Ave,6140.05,Bedford Ave & Nassau Ave,5525.04,40.7418,-73.9945,40.7230,-73.9521,casual
fbec1ed857c442c3,classic_bike,2024-06-04 14:16:11,2024-06-04 14:54:11,9 Ave & W 45 St,6717.06,Bedford Ave & Nassau Ave,5525.04,40.7602,-73.9913,40.7230,-73.9521,member
c536d2ce69b643b7,electric_bike,2024-06-14 08:37:53,2024-06-14 09:13:44,Grand Army Plaza & Plaza St West,4066.15,South End Ave & Liberty St,5303.06,40.6729,-73.9709,40.7111,-74.0158,member
5856e1fcd7824ea3,classic_bike,2024-06-12 16:52:10,2024-06-12 17:08:33,N 8 St & Driggs Ave,5453.07,Central Park S & 6 Ave,6904.04,40.7177,-73.9560,40.7659,-73.9764,casual
79ec958b4d264574,classic_bike,2024-06-02 06:53:10,2024-06-02 07:26:50,9 Ave & W 45 St,6717.06,E 47 St & Park Ave,6551.09,40.7602,-73.9913,40.7553,-73.9746,casual
030974c06f4a4fcc,electric_bike,2024-06-07 14:05:16,2024-06-07 14:17:10,N 8 St & Driggs Ave,5453.07,Bedford Ave & Nassau Ave,5525.04,40.7177,-73.9560,40.7230,-73.9521,casual
a32e3ab58802474a,electric_bike,2024-06-06 15:02:43,2024-06-06 15:07:31,E 17 St & Broadway,5905.14,N 8 St & Driggs Ave,5453.07,40.7370,-73.9901,40.7177,-73.9560,casual
1928aae5cd644aff,electric_bike,2024-06-11 20:38:17,2024-06-11 21:03:09,Grand Army Plaza & Plaza St West,4066.15,South End Ave & Liberty St,5303.06,40.6729,-73.9709,40.7111,-74.0158,casual
b0b6148cad7e4ff7,classic_bike,2024-06-11 18:47:15,2024-06-11 19:02:33,Central Park S & 6 Ave,6904.04,9 Ave & W 45 St,6717.06,40.7659,-73.9764,40.7602,-73.9913,casual
8677b81d1902493b,classic_bike,2024-06-11 06:08:53,2024-06-11 06:15:31,Pier 40 - Hudson River Park,5573.05,W 21 St & 6 Ave,6140.05,40.7276,-74.0115,40.7418,-73.9945,casual
178976de9e904107,classic_bike,2024-06-12 10:50:16,2024-06-12 11:05:26,Lafayette St & E 8 St,5788.13,West St & Chambers St,5470.10,40.7302,-73.9910,40.7175,-74.0134,member
603ecfef21414a14,classic_bike,2024-06-02 18:05:07,2024-06-02 18:13:00,Grand Army Plaza & Plaza St West,4066.15,N 8 St & Driggs Ave,5453.07,40.6729,-73.9709,40.7177,-73.9560,member
fec88839ec3543de,electric_bike,2024-06-05 11:01:29,2024-06-05 11:08:39,Bedford Ave & Nassau Ave,5525.04,1 Ave & E 68 St,6753.08,40.7230,-73.9521,40.7659,-73.9585,casual
12f178bdc7de41a9,electric_bike,2024-06-11 19:08:49,2024-06-11 19:32:53,Bedford Ave & Nassau Ave,5525.04,South End Ave & Liberty St,5303.06,40.7230,-73.9521,40.7111,-74.0158,member
7de17a8511c4494a,classic_bike,2024-06-06 07:01:16,2024-06-06 07:21:20,E 17 St & Broadway,5905.14,E 17 St & Broadway,5905.14,40.7370,-73.9901,40.7370,-73.9901,casual
9d2ce51b37e84d71,classic_bike,2024-06-08 07:51:09,2024-06-08 08:30:03,1 Ave & E 68 St,6753.08,N 8 St & Driggs Ave,5453.07,40.7659,-73.9585,40.7177,-73.9560,casual
c6f903cf40274514,electric_bike,2024-06-02 06:35:04,2024-06-02 06:41:52,Bedford Ave & Nassau Ave,5525.04,8 Ave & W 31 St,6450.12,40.7230,-73.9521,40.7502,-73.9978,member
63f6bf77aa234ba2,electric_bike,2024-06-03 17:08:40,2024-06-03 17:10:43,South End Ave & Liberty St,5303.06,Central Park S & 6 Ave,6904.04,40.7111,-74.0158,40.7659,-73.9764,member
7d9d2b3bc55f4445,electric_bike,2024-06-07 15:48:00,2024-06-07 16:25:11,Bedford Ave & Nassau Ave,5525.04,Lafayette St & E 8 St,5788.13,40.7230,-73.9521,40.7302,-73.9910,casual
62699a4400d84046,electric_bike,2024-06-12 19:19:51,2024-06-12 19:26:38,E 17 St & Broadway,5905.14,E 47 St & Park Ave,6551.09,40.7370,-73.9901,40.7553,-73.9746,member
ff3c6d4ea1dc4cab,classic_bike,2024-06-06 11:41:43,2024-06-06 12:04:23,Grand Army Plaza & Plaza St West,4066.15,Pier 40 - Hudson River Park,5573.05,40.6729,-73.9709,40.7276,-74.0115,casual
a5d5bbf94a3a4b3a,classic_bike,2024-06-06 07:22:53,2024-06-06 07:56:15,Pier 40 - Hudson River Park,5573.05,E 47 St & Park Ave,6551.09,40.7276,-74.0115,40.7553,-73.9746,member
1b552618e57e42d3,electric_bike,2024-06-07 17:16:12,2024-06-07 17:38:36,Pier 40 - Hudson River Park,5573.05,W 21 St & 6 Ave,6140.05,40.7276,-74.0115,40.7418,-73.9945,casual
067e4b72316e4645,classic_bike,2024-06-11 13:28:47,2024-06-11 13:43:43,Broadway & E 14 St,5905.12,South End Ave & Liberty St,5303.06,40.7345,-73.9907,40.7111,-74.0158,casual
d5916d49f7074712,electric_bike,2024-06-13 15:13:41,2024-06-13 15:36:41,E 17 St & Broadway,5905.14,Broadway & E 14 St,5905.12,40.7370,-73.9901,40.7345,-73.9907,member
ce9e592936304a60,electric_bike,2024-06-01 11:45:50,2024-06-01 11:50:45,W 21 St & 6 Ave,6140.05,Lafayette St & E 8 St,5788.13,40.7418,-73.9945,40.7302,-73.9910,member
a76180c77d284421,classic_bike,2024-06-04 21:47:04,2024-06-04 21:51:35,Bedford Ave & Nassau Ave,5525.04,Grand Army Plaza & Plaza St West,4066.15,40.7230,-73.9521,40.6729,-73.9709,casual
0cca0c05a1f649ed,electric_bike,2024-06-10 06:46:15,2024-06-10 06:57:09,South End Ave & Liberty St,5303.06,South End Ave & Liberty St,5303.06,40.7111,-74.0158,40.7111,-74.0158,member
1d3ae1311b384581,electric_bike,2024-06-03 20:15:37,2024-06-03 20:21:58,Central Park S & 6 Ave,6904.04,Grand Army Plaza & Plaza St West,4066.15,40.7659,-73.9764,40.6729,-73.9709,member
af206a9df9d14507,classic_bike,2024-06-04 13:16:21,2024-06-04 13:45:47,Broadway & E 14 St,5905.12,9 Ave & W 45 St,6717.06,40.7345,-73.9907,40.7602,-73.9913,casual
461de0171ee94d3b,classic_bike,2024-06-04 19:02:02,2024-06-04 19:15:52,E 47 St & Park Ave,6551.09,9 Ave & W 45 St,6717.06,40.7553,-73.9746,40.7602,-73.9913,casual
0a6b3e3d94fd4594,classic_bike,2024-06-06 15:26:10,2024-06-06 15:58:06,1 Ave & E 68 St,6753.08,Bedford Ave & Nassau Ave,5525.04,40.7659,-73.9585,40.7230,-73.9521,member
14aa3ca37ca9468f,classic_bike,2024-06-11 16:27:24,2024-06-11 16:40:10,9 Ave & W 45 St,6717.06,E 47 St & Park Ave,6551.09,40.7602,-73.9913,40.7553,-73.9746,member
cad04982ceb24a32,electric_bike,2024-06-02 18:03:41,2024-06-02 18:25:03,1 Ave & E 68 St,6753.08,South End Ave & Liberty St,5303.06,40.7659,-73.9585,40.7111,-74.0158,member
2caf3d2ff0264418,classic_bike,2024-06-11 10:37:33,2024-06-11 11:10:17,West St & Chambers St,5470.10,1 Ave & E 68 St,6753.08,40.7175,-74.0134,40.7659,-73.9585,member
8ec61be5012b409e,classic_bike,2024-06-10 07:30:40,2024-06-10 07:53:13,Bedford Ave & Nassau Ave,5525.04,Central Park S & 6 Ave,6904.04,40.7230,-73.9521,40.7659,-73.9764,member
c5346e4176d64c39,classic_bike,2024-06-02 16:33:23,2024-06-02 17:12:13,Broadway & E 14 St,5905.12,Pier 40 - Hudson River Park,5573.05,40.7345,-73.9907,40.7276,-74.0115,casual
ab8e77a128e64130,classic_bike,2024-06-02 19:35:09,2024-06-02 20:09:32,W 21 St & 6 Ave,6140.05,West St & Chambers St,5470.10,40.7418,-73.9945,40.7175,-74.0134,member
e3dc419dce1e4d1f,electric_bike,2024-06-05 09:34:27,2024-06-05 09:53:36,N 8 St & Driggs Ave,5453.07,Lafayette St & E 8 St,5788.13,40.7177,-73.9560,40.7302,-73.9910,member
7c2cfbcf0770418f,classic_bike,2024-06-01 21:47:34,2024-06-01 22:01:34,Broadway & E 14 St,5905.12,Bedford Ave & Nassau Ave,5525.04,40.7345,-73.9907,40.7230,-73.9521,member
ad463549bf4143cb,electric_bike,2024-06-12 13:35:37,2024-06-12 13:59:52,South End Ave & Liberty St,5303.06,West St & Chambers St,5470.10,40.7111,-74.0158,40.7175,-74.0134,member
33304e33deb04e7d,electric_bike,2024-06-06 09:53:06,2024-06-06 10:11:17,9 Ave & W 45 St,6717.06,Broadway & E 14 St,5905.12,40.7602,-73.9913,40.7345,-73.9907,member
9c03d65ced8a428c,electric_bike,2024-06-10 14:16:03,2024-06-10 14:47:48,Broadway & E 14 St,5905.12,Central Park S & 6 Ave,6904.04,40.7345,-73.9907,40.7659,-73.9764,member
450ab36df9be47f3,classic_bike,2024-06-03 13:48:46,2024-06-03 14:04:01,E 17 St & Broadway,5905.14,Lafayette St & E 8 St,5788.13,40.7370,-73.9901,40.7302,-73.9910,casual
772d416dda0542fc,electric_bike,2024-06-12 15:42:03,2024-06-12 16:03:12,1 Ave & E 68 St,6753.08,W 21 St & 6 Ave,6140.05,40.7659,-73.9585,40.7418,-73.9945,casual
cb68a34eca1f4ff2,classic_bike,2024-06-06 09:45:56,2024-06-06 10:08:04,1 Ave & E 68 St,6753.08,9 Ave & W 45 St,6717.06,40.7659,-73.9585,40.7602,-73.9913,member
7677a166d64449ae,electric_bike,2024-06-14 14:54:31,2024-06-14 15:11:17,Broadway & E 14 St,5905.12,E 17 St & Broadway,5905.14,40.7345,-73.9907,40.7370,-73.9901,member
38efa3bc94574388,classic_bike,2024-06-12 20:53:15,2024-06-12 21:12:10,Bedford Ave & Nassau Ave,5525.04,E 17 St & Broadway,5905.14,40.7230,-73.9521,40.7370,-73.9901,member
64f22a7c87f747fa,electric_bike,2024-06-01 14:01:46,2024-06-01 14:38:11,E 17 St & Broadway,5905.14,W 21 St & 6 Ave,6140.05,40.7370,-73.9901,40.7418,-73.9945,member
f32ede3c68184f5b,classic_bike,2024-06-04 07:25:35,2024-06-04 07:28:25,Central Park S & 6 Ave,6904.04,Central Park S & 6 Ave,6904.04,40.7659,-73.9764,40.7659,-73.9764,member
296be9034e094596,electric_bike,2024-06-04 17:03:05,2024-06-04 17:06:10,Lafayette St & E 8 St,5788.13,8 Ave & W 31 St,6450.12,40.7302,-73.9910,40.7502,-73.9978,member
5ed3e00edf1e44cb,electric_bike,2024-06-13 08:21:55,2024-06-13 08:51:35,Central Park S & 6 Ave,6904.04,Central Park S & 6 Ave,6904.04,40.7659,-73.9764,40.7659,-73.9764,member
6d07ee0b4bed423c,electric_bike,2024-06-02 12:34:57,2024-06-02 12:59:40,E 47 St & Park Ave,6551.09,N 8 St & Driggs Ave,5453.07,40.7553,-73.9746,40.7177,-73.9560,member
83c5c5100e084343,electric_bike,2024-06-02 16:35:56,2024-06-02 17:00:51,9 Ave & W 45 St,6717.06,N 8 St & Driggs Ave,5453.07,40.7602,-73.9913,40.7177,-73.9560,member
a5eea4a22cde431f,classic_bike,2024-06-06 13:56:39,2024-06-06 14:01:26,Broadway & E 14 St,5905.12,E 17 St & Broadway,5905.14,40.7345,-73.9907,40.7370,-73.9901,member
9482b42fc0954c13,classic_bike,2024-06-04 15:12:07,2024-06-04 15:46:46,1 Ave & E 68 St,6753.08,Lafayette St & E 8 St,5788.13,40.7659,-73.9585,40.7302,-73.9910,member
5f70b95110384676,electric_bike,2024-06-05 14:35:43,2024-06-05 15:06:35,Lafayette St & E 8 St,5788.13,Lafayette St & E 8 St,5788.13,40.7302,-73.9910,40.7302,-73.9910,casual
d34c0a09ada54cb2,electric_bike,2024-06-09 20:09:07,2024-06-09 20:43:12,Central Park S & 6 Ave,6904.04,Pier 40 - Hudson River Park,5573.05,40.7659,-73.9764,40.7276,-74.0115,casual
75373d14e24c424b,classic_bike,2024-06-13 17:29:44,2024-06-13 17:36:12,Grand Army Plaza & Plaza St West,4066.15,Lafayette St & E 8 St,5788.13,40.6729,-73.9709,40.7302,-73.9910,member
b273f93c1cad448a,classic_bike,2024-06-03 10:55:04,2024-06-03 11:04:31,E 17 St & Broadway,5905.14,South End Ave & Liberty St,5303.06,40.7370,-73.9901,40.7111,-74.0158,casual
aeb1fcd3f8364a87,classic_bike,2024-06-04 14:53:40,2024-06-04 14:57:12,1 Ave & E 68 St,6753.08,E 47 St & Park Ave,6551.09,40.7659,-73.9585,40.7553,-73.9746,casual
05a43113101d459e,classic_bike,2024-06-08 18:35:41,2024-06-08 18:39:08,Lafayette St & E 8 St,5788.13,E 17 St & Broadway,5905.14,40.7302,-73.9910,40.7370,-73.9901,casual
b265a6c2aa754eeb,electric_bike,2024-06-06 17:11:41,2024-06-06 17:35:57,E 17 St & Broadway,5905.14,Grand Army Plaza & Plaza St West,4066.15,40.7370,-73.9901,40.6729,-73.9709,casual
3a0e618f428f4941,electric_bike,2024-06-03 21:19:50,2024-06-03 21:42:45,8 Ave & W 31 St,6450.12,Grand Army Plaza & Plaza St West,4066.15,40.7502,-73.9978,40.6729,-73.9709,casual
2a96c526f4ca4e70,classic_bike,2024-06-14 06:48:09,2024-06-14 07:14:15,8 Ave & W 31 St,6450.12,9 Ave & W 45 St,6717.06,40.7502,-73.9978,40.7602,-73.9913,casual
0a88e6ca1dee4b6d,electric_bike,2024-06-14 18:05:44,2024-06-14 18:18:12,1 Ave & E 68 St,6753.08,1 Ave & E 68 St,6753.08,40.7659,-73.9585,40.7659,-73.9585,member
58065baefa5f4fdb,classic_bike,2024-06-06 09:08:13,2024-06-06 09:12:35,Central Park S & 6 Ave,6904.04,8 Ave & W 31 St,6450.12,40.7659,-73.9764,40.7502,-73.9978,casual
ee5a88566791459c,electric_bike,2024-06-03 15:06:19,2024-06-03 15:16:36,Central Park S & 6 Ave,6904.04,Pier 40 - Hudson River Park,5573.05,40.7659,-73.9764,40.7276,-74.0115,member
a5b1c79954ce4ee7,electric_bike,2024-06-06 08:39:00,2024-06-06 09:18:17,Central Park S & 6 Ave,6904.04,South End Ave & Liberty St,5303.06,40.7659,-73.9764,40.7111,-74.0158,casual
e82956cfba814860,electric_bike,2024-06-13 15:47:42,2024-06-13 15:59:44,South End Ave & Liberty St,5303.06,8 Ave & W 31 St,6450.12,40.7111,-74.0158,40.7502,-73.9978,casual
1deb979d8d0b46d7,electric_bike,2024-06-12 14:10:57,2024-06-12 14:15:41,Bedford Ave & Nassau Ave,5525.04,Broadway & E 14 St,5905.12,40.7230,-73.9521,40.7345,-73.9907,member
9bafcc200e164f3f,classic_bike,2024-06-14 09:45:28,2024-06-14 10:11:51,E 17 St & Broadway,5905.14,Grand Army Plaza & Plaza St West,4066.15,40.7370,-73.9901,40.6729,-73.9709,member
72098a7bd9754562,classic_bike,2024-06-13 10:44:12,2024-06-13 10:47:44,9 Ave & W 45 St,6717.06,South End Ave & Liberty St,5303.06,40.7602,-73.9913,40.7111,-74.0158,casual
aab133bae88f4ab5,electric_bike,2024-06-06 16:17:38,2024-06-06 16:54:33,West St & Chambers St,5470.10,Central Park S & 6 Ave,6904.04,40.7175,-74.0134,40.7659,-73.9764,casual
584cb0f748de48be,electric_bike,2024-06-14 13:17:23,2024-06-14 13:45:44,1 Ave & E 68 St,6753.08,Bedford Ave & Nassau Ave,5525.04,40.7659,-73.9585,40.7230,-73.9521,casual
cdbe55486a6546e8,electric_bike,2024-06-09 07:29:13,2024-06-09 08:01:32,Central Park S & 6 Ave,6904.04,E 47 St & Park Ave,6551.09,40.7659,-73.9764,40.7553,-73.9746,casual
9912509096514ec2,classic_bike,2024-06-12 21:19:27,2024-06-12 21:49:43,1 Ave & E 68 St,6753.08,9 Ave & W 45 St,6717.06,40.7659,-73.9585,40.7602,-73.9913,member
9736bb4ff5c84e3c,electric_bike,2024-06-08 20:48:33,2024-06-08 21:13:26,West St & Chambers St,5470.10,8 Ave & W 31 St,6450.12,40.7175,-74.0134,40.7502,-73.9978,member
b5d2bf7f764d4e7c,classic_bike,2024-06-11 21:36:17,2024-06-11 22:06:34,W 21 St & 6 Ave,6140.05,E 17 St & Broadway,5905.14,40.7418,-73.9945,40.7370,-73.9901,member
4d4f6814d3854240,electric_bike,2024-06-07 10:56:35,2024-06-07 11:32:04,1 Ave & E 68 St,6753.08,E 47 St & Park Ave,6551.09,40.7659,-73.9585,40.7553,-73.9746,casual
f4be28b44cd746f7,electric_bike,2024-06-08 09:49:01,2024-06-08 09:51:11,Pier 40 - Hudson River Park,5573.05,Bedford Ave & Nassau Ave,5525.04,40.7276,-74.0115,40.7230,-73.9521,member
3ea7f419a5104f65,classic_bike,2024-06-05 13:07:11,2024-06-05 13:42:45,N 8 St & Driggs Ave,5453.07,N 8 St & Driggs Ave,5453.07,40.7177,-73.9560,40.7177,-73.9560,member
6fa22f9290c94f00,electric_bike,2024-06-08 07:08:38,2024-06-08 07:35:19,9 Ave & W 45 St,6717.06,8 Ave & W 31 St,6450.12,40.7602,-73.9913,40.7502,-73.9978,casual
94e74f2629b04b37,classic_bike,2024-06-02 12:22:32,2024-06-02 12:25:43,Bedford Ave & Nassau Ave,5525.04,E 47 St & Park Ave,6551.09,40.7230,-73.9521,40.7553,-73.9746,member
6b65450b5c75452c,electric_bike,2024-06-12 08:18:22,2024-06-12 08:31:30,Lafayette St & E 8 St,5788.13,Central Park S & 6 Ave,6904.04,40.7302,-73.9910,40.7659,-73.9764,member
a0c69223c4354252,classic_bike,2024-06-09 16:54:59,2024-06-09 17:02:13,8 Ave & W 31 St,6450.12,8 Ave & W 31 St,6450.12,40.7502,-73.9978,40.7502,-73.9978,member
ccc4c0a9af5a41cc,electric_bike,2024-06-03 15:16:20,2024-06-03 15:39:55,Grand Army Plaza & Plaza St West,4066.15,9 Ave & W 45 St,6717.06,40.6729,-73.9709,40.7602,-73.9913,casual
24caabcbd2c44286,classic_bike,2024-06-12 12:11:06,2024-06-12 12:49:34,N 8 St & Driggs Ave,5453.07,Bedford Ave & Nassau Ave,5525.04,40.7177,-73.9560,40.7230,-73.9521,member
29bc4734e92946be,classic_bike,2024-06-06 19:17:31,2024-06-06 19:47:38,Pier 40 - Hudson River Park,5573.05,8 Ave & W 31 St,6450.12,40.7276,-74.0115,40.7502,-73.9978,member
8d15baefb6694d0a,classic_bike,2024-06-04 20:11:12,2024-06-04 20:49:05,1 Ave & E 68 St,6753.08,Pier 40 - Hudson River Park,5573.05,40.7659,-73.9585,40.7276,-74.0115,casual
592448ee7ac144f9,electric_bike,2024-06-02 07:59:52,2024-06-02 08:10:49,Central Park S & 6 Ave,6904.04,South End Ave & Liberty St,5303.06,40.7659,-73.9764,40.7111,-74.0158,casual
2c15c4ad57904515,electric_bike,2024-06-08 21:11:38,2024-06-08 21:49:20,1 Ave & E 68 St,6753.08,E 47 St & Park Ave,6551.09,40.7659,-73.9585,40.7553,-73.9746,member
20168e6d4eb34f63,classic_bike,2024-06-02 09:47:08,2024-06-02 09:58:51,Bedford Ave & Nassau Ave,5525.04,E 47 St & Park Ave,6551.09,40.7230,-73.9521,40.7553,-73.9746,member
7bf820f6c6524c3d,electric_bike,2024-06-12 19:01:50,2024-06-12 19:11:27,Broadway & E 14 St,5905.12,E 17 St & Broadway,5905.14,40.7345,-73.9907,40.7370,-73.9901,member
1e71afa9781547df,electric_bike,2024-06-01 19:32:42,2024-06-01 20:09:45,West St & Chambers St,5470.10,Broadway & E 14 St,5905.12,40.7175,-74.0134,40.7345,-73.9907,member
9a0f09e9eb8b4c11,classic_bike,2024-06-11 06:10:48,2024-06-11 06:19:23,Broadway & E 14 St,5905.12,8 Ave & W 31 St,6450.12,40.7345,-73.9907,40.7502,-73.9978,member
47021755f11c40a4,electric_bike,2024-06-06 06:29:05,2024-06-06 06:41:01,1 Ave & E 68 St,6753.08,N 8 St & Driggs Ave,5453.07,40.7659,-73.9585,40.7177,-73.9560,casual
195efd72117e494e,classic_bike,2024-06-09 19:19:46,2024-06-09 19:38:16,1 Ave & E 68 St,6753.08,E 47 St & Park Ave,6551.09,40.7659,-73.9585,40.7553,-73.9746,member
19437791b9b04ec4,classic_bike,2024-06-05 08:55:57,2024-06-05 09:34:37,Bedford Ave & Nassau Ave,5525.04,West St & Chambers St,5470.10,40.7230,-73.9521,40.7175,-74.0134,casual
fb368cf45ad54309,electric_bike,2024-06-10 09:09:28,2024-06-10 09:18:47,Lafayette St & E 8 St,5788.13,Bedford Ave & Nassau Ave,5525.04,40.7302,-73.9910,40.7230,-73.9521,casual
850cddfd1c3d4e19,classic_bike,2024-06-04 12:57:07,2024-06-04 13:20:34,West St & Chambers St,5470.10,Pier 40 - Hudson River Park,5573.05,40.7175,-74.0134,40.7276,-74.0115,casual
1d9fff257e634654,electric_bike,2024-06-12 10:55:35,2024-06-12 11:00:21,9 Ave & W 45 St,6717.06,Lafayette St & E 8 St,5788.13,40.7602,-73.9913,40.7302,-73.9910,casual
4a640fc1684345c3,electric_bike,2024-06-12 11:19:43,2024-06-12 11:52:01,Central Park S & 6 Ave,6904.04,Grand Army Plaza & Plaza St West,4066.15,40.7659,-73.9764,40.6729,-73.9709,member
ac95adb1ffac44fd,electric_bike,2024-06-14 19:41:30,2024-06-14 20:08:35,E 47 St & Park Ave,6551.09,Broadway & E 14 St,5905.12,40.7553,-73.9746,40.7345,-73.9907,member
668f503265124d2e,classic_bike,2024-06-09 17:14:43,2024-06-09 17:22:31,E 17 St & Broadway,5905.14,Central Park S & 6 Ave,6904.04,40.7370,-73.9901,40.7659,-73.9764,member
6cb96a2cd68e41f0,electric_bike,2024-06-04 11:46:12,2024-06-04 12:15:47,Broadway & E 14 St,5905.12,Lafayette St & E 8 St,5788.13,40.7345,-73.9907,40.7302,-73.9910,casual
a4d21eaecd0d4d73,electric_bike,2024-06-13 15:55:37,2024-06-13 16:16:15,9 Ave & W 45 St,6717.06,Bedford Ave & Nassau Ave,5525.04,40.7602,-73.9913,40.7230,-73.9521,casual
7462f144c49b4e62,classic_bike,2024-06-10 12:54:31,2024-06-10 13:31:25,Central Park S & 6 Ave,6904.04,N 8 St & Driggs Ave,5453.07,40.7659,-73.9764,40.7177,-73.9560,member
0d87bc72bce04a63,classic_bike,2024-06-08 09:56:40,2024-06-08 10:07:51,8 Ave & W 31 St,6450.12,Central Park S & 6 Ave,6904.04,40.7502,-73.9978,40.7659,-73.9764,casual
9f8c2c519f3946a5,classic_bike,2024-06-03 12:31:38,2024-06-03 12:55:57,N 8 St & Driggs Ave,5453.07,W 21 St & 6 Ave,6140.05,40.7177,-73.9560,40.7418,-73.9945,member
7f764fcea97e4131,electric_bike,2024-06-09 19:05:31,2024-06-09 19:39:19,N 8 St & Driggs Ave,5453.07,9 Ave & W 45 St,6717.06,40.7177,-73.9560,40.7602,-73.9913,casual
0816d739c3934447,electric_bike,2024-06-13 20:40:34,2024-06-13 21:19:52,Pier 40 - Hudson River Park,5573.05,Lafayette St & E 8 St,5788.13,40.7276,-74.0115,40.7302,-73.9910,member
2d474c4f08694ffa,electric_bike,2024-06-06 20:33:24,2024-06-06 21:05:36,E 17 St & Broadway,5905.14,Central Park S & 6 Ave,6904.04,40.7370,-73.9901,40.7659,-73.9764,member
91a07ef21c004554,electric_bike,2024-06-03 11:19:45,2024-06-03 11:48:18,Central Park S & 6 Ave,6904.04,E 17 St & Broadway,5905.14,40.7659,-73.9764,40.7370,-73.9901,casual
974ebb877ea443e5,electric_bike,2024-06-14 08:40:32,2024-06-14 08:46:20,Central Park S & 6 Ave,6904.04,Pier 40 - Hudson River Park,5573.05,40.7659,-73.9764,40.7276,-74.0115,casual
594ffd275dcd4d40,classic_bike,2024-06-06 07:02:01,2024-06-06 07:07:05,9 Ave & W 45 St,6717.06,8 Ave & W 31 St,6450.12,40.7602,-73.9913,40.7502,-73.9978,casual
3e85c8c4a9474663,classic_bike,2024-06-07 11:53:22,2024-06-07 12:23:29,E 17 St & Broadway,5905.14,Broadway & E 14 St,5905.12,40.7370,-73.9901,40.7345,-73.9907,member
566c93cc1d4d4db1,classic_bike,2024-06-10 07:26:58,2024-06-10 07:33:26,N 8 St & Driggs Ave,5453.07,8 Ave & W 31 St,6450.12,40.7177,-73.9560,40.7502,-73.9978,member
6bd1f826e6c24bb7,electric_bike,2024-06-01 13:51:42,2024-06-01 14:22:32,Pier 40 - Hudson River Park,5573.05,Lafayette St & E 8 St,5788.13,40.7276,-74.0115,40.7302,-73.9910,member
9291e493528a44f3,classic_bike,2024-06-10 06:22:20,2024-06-10 06:50:07,Bedford Ave & Nassau Ave,5525.04,Central Park S & 6 Ave,6904.04,40.7230,-73.9521,40.7659,-73.9764,casual
aad9e93dc3d04de3,electric_bike,2024-06-11 09:30:21,2024-06-11 10:06:15,Broadway & E 14 St,5905.12,Bedford Ave & Nassau Ave,5525.04,40.7345,-73.9907,40.7230,-73.9521,member
c982a300f95f47e6,classic_bike,2024-06-06 13:26:12,2024-06-06 14:02:07,Grand Army Plaza & Plaza St West,4066.15,8 Ave & W 31 St,6450.12,40.6729,-73.9709,40.7502,-73.9978,member
be2de8c89fe34824,classic_bike,2024-06-01 11:04:36,2024-06-01 11:34:02,8 Ave & W 31 St,6450.12,8 Ave & W 31 St,6450.12,40.7502,-73.9978,40.7502,-73.9978,member
58e9bbad35b1473c,classic_bike,2024-06-05 07:08:36,2024-06-05 07:46:51,Grand Army Plaza & Plaza St West,4066.15,Lafayette St & E 8 St,5788.13,40.6729,-73.9709,40.7302,-73.9910,casual
66fd32156a104fb7,electric_bike,2024-06-05 13:23:42,2024-06-05 14:02:33,Pier 40 - Hudson River Park,5573.05,9 Ave & W 45 St,6717.06,40.7276,-74.0115,40.7602,-73.9913,casual
dcda8cc184274378,classic_bike,2024-06-09 09:04:56,2024-06-09 09:08:12,N 8 St & Driggs Ave,5453.07,9 Ave & W 45 St,6717.06,40.7177,-73.9560,40.7602,-73.9913,casual
cf1643a088604b56,electric_bike,2024-06-14 18:40:29,2024-06-14 19:00:46,West St & Chambers St,5470.10,N 8 St & Driggs Ave,5453.07,40.7175,-74.0134,40.7177,-73.9560,member
c3f9c78caf704164,electric_bike,2024-06-06 13:53:09,2024-06-06 14:11:33,Pier 40 - Hudson River Park,5573.05,West St & Chambers St,5470.10,40.7276,-74.0115,40.7175,-74.0134,casual
69958fd1d8914adf,electric_bike,2024-06-14 20:10:58,2024-06-14 20:17:21,E 17 St & Broadway,5905.14,Lafayette St & E 8 St,5788.13,40.7370,-73.9901,40.7302,-73.9910,casual
2663ed111d124ccf,classic_bike,2024-06-05 17:43:38,2024-06-05 18:01:45,N 8 St & Driggs Ave,5453.07,1 Ave & E 68 St,6753.08,40.7177,-73.9560,40.7659,-73.9585,member
6c0972046fa6481c,classic_bike,2024-06-14 11:17:29,2024-06-14 11:52:37,West St & Chambers St,5470.10,9 Ave & W 45 St,6717.06,40.7175,-74.0134,40.7602,-73.9913,member
a4f0708a2d0d4e1d,classic_bike,2024-06-03 06:29:16,2024-06-03 06:50:13,1 Ave & E 68 St,6753.08,8 Ave & W 31 St,6450.12,40.7659,-73.9585,40.7502,-73.9978,casual
ddfef8494c484cfc,classic_bike,2024-06-01 20:40:57,2024-06-01 20:48:40,9 Ave & W 45 St,6717.06,W 21 St & 6 Ave,6140.05,40.7602,-73.9913,40.7418,-73.9945,casual
b9676dc6d6fd41a5,classic_bike,2024-06-11 17:13:56,2024-06-11 17:22:05,South End Ave & Liberty St,5303.06,Lafayette St & E 8 St,5788.13,40.7111,-74.0158,40.7302,-73.9910,member
9496634fd438431d,electric_bike,2024-06-12 14:32:59,2024-06-12 14:43:13,Broadway & E 14 St,5905.12,Grand Army Plaza & Plaza St West,4066.15,40.7345,-73.9907,40.6729,-73.9709,casual
bcbb859a95964725,electric_bike,2024-06-04 16:14:07,2024-06-04 16:37:30,South End Ave & Liberty St,5303.06,Broadway & E 14 St,5905.12,40.7111,-74.0158,40.7345,-73.9907,member
708175fd46484be8,electric_bike,2024-06-04 08:27:06,2024-06-04 08:41:03,South End Ave & Liberty St,5303.06,E 17 St & Broadway,5905.14,40.7111,-74.0158,40.7370,-73.9901,casual
51057c351ceb48fe,electric_bike,2024-06-01 14:22:34,2024-06-01 14:50:08,E 47 St & Park Ave,6551.09,Grand Army Plaza & Plaza St West,4066.15,40.7553,-73.9746,40.6729,-73.9709,casual
5e24296eb7364ad9,electric_bike,2024-06-05 21:00:50,2024-06-05 21:12:43,N 8 St & Driggs Ave,5453.07,West St & Chambers St,5470.10,40.7177,-73.9560,40.7175,-74.0134,member
abede2b6c9ee497c,classic_bike,2024-06-10 06:35:53,2024-06-10 06:41:36,N 8 St & Driggs Ave,5453.07,South End Ave & Liberty St,5303.06,40.7177,-73.9560,40.7111,-74.0158,casual
1f3eea66af6c4f61,classic_bike,2024-06-05 16:54:44,2024-06-05 17:21:30,Pier 40 - Hudson River Park,5573.05,E 17 St & Broadway,5905.14,40.7276,-74.0115,40.7370,-73.9901,casual
d29cf92aefb2433c,classic_bike,2024-06-07 21:49:58,2024-06-07 22:09:24,E 17 St & Broadway,5905.14,W 21 St & 6 Ave,6140.05,40.7370,-73.9901,40.7418,-73.9945,casual
a4f954fcc44941b6,electric_bike,2024-06-03 21:37:28,2024-06-03 22:01:07,West St & Chambers St,5470.10,E 47 St & Park Ave,6551.09,40.7175,-74.0134,40.7553,-73.9746,member
ed2eebea69b74533,electric_bike,2024-06-02 20:02:49,2024-06-02 20:38:22,8 Ave & W 31 St,6450.12,E 47 St & Park Ave,6551.09,40.7502,-73.9978,40.7553,-73.9746,casual
10fd7164819f4393,electric_bike,2024-06-14 07:42:52,2024-06-14 07:55:48,South End Ave & Liberty St,5303.06,South End Ave & Liberty St,5303.06,40.7111,-74.0158,40.7111,-74.0158,casual
c310d2a2070047c1,classic_bike,2024-06-14 15:20:47,2024-06-14 15:45:05,Grand Army Plaza & Plaza St West,4066.15,Bedford Ave & Nassau Ave,5525.04,40.6729,-73.9709,40.7230,-73.9521,member
4e385d03a0d84651,electric_bike,2024-06-13 16:56:08,2024-06-13 16:58:20,N 8 St & Driggs Ave,5453.07,Central Park S & 6 Ave,6904.04,40.7177,-73.9560,40.7659,-73.9764,member
690a7b80af8d488d,electric_bike,2024-06-04 14:48:45,2024-06-04 14:59:37,Broadway & E 14 St,5905.12,1 Ave & E 68 St,6753.08,40.7345,-73.9907,40.7659,-73.9585,casual
53dc4faed3a74b83,electric_bike,2024-06-12 08:16:16,2024-06-12 08:30:06,Central Park S & 6 Ave,6904.04,E 47 St & Park Ave,6551.09,40.7659,-73.9764,40.7553,-73.9746,member
92051da0e2644336,classic_bike,2024-06-06 09:06:25,2024-06-06 09:34:10,Broadway & E 14 St,5905.12,E 17 St & Broadway,5905.14,40.7345,-73.9907,40.7370,-73.9901,member
76617a3bf9604ca3,classic_bike,2024-06-09 17:02:39,2024-06-09 17:20:15,W 21 St & 6 Ave,6140.05,South End Ave & Liberty St,5303.06,40.7418,-73.9945,40.7111,-74.0158,casual
16ccb813263543ba,electric_bike,2024-06-03 06:50:25,2024-06-03 07:21:41,Bedford Ave & Nassau Ave,5525.04,E 47 St & Park Ave,6551.09,40.7230,-73.9521,40.7553,-73.9746,member
742632d7eda443c6,electric_bike,2024-06-01 18:15:33,2024-06-01 18:47:15,Grand Army Plaza & Plaza St West,4066.15,Broadway & E 14 St,5905.12,40.6729,-73.9709,40.7345,-73.9907,member
61cf91fb7e814dfa,classic_bike,2024-06-04 09:15:55,2024-06-04 09:36:05,West St & Chambers St,5470.10,Bedford Ave & Nassau Ave,5525.04,40.7175,-74.0134,40.7230,-73.9521,casual
6b17bd75307a4acb,classic_bike,2024-06-10 09:40:52,2024-06-10 10:02:11,E 47 St & Park Ave,6551.09,West St & Chambers St,5470.10,40.7553,-73.9746,40.7175,-74.0134,casual
3f91c419e84649df,electric_bike,2024-06-01 10:57:16,2024-06-01 11:15:20,9 Ave & W 45 St,6717.06,1 Ave & E 68 St,6753.08,40.7602,-73.9913,40.7659,-73.9585,casual
afd58fe765c64548,classic_bike,2024-06-08 08:16:55,2024-06-08 08:40:59,Broadway & E 14 St,5905.12,W 21 St & 6 Ave,6140.05,40.7345,-73.9907,40.7418,-73.9945,casual
0d5740850f0a4450,electric_bike,2024-06-12 16:11:16,2024-06-12 16:18:15,Bedford Ave & Nassau Ave,5525.04,E 17 St & Broadway,5905.14,40.7230,-73.9521,40.7370,-73.9901,member
9ea1e61781294a0c,electric_bike,2024-06-06 16:20:42,2024-06-06 16:25:48,Central Park S & 6 Ave,6904.04,South End Ave & Liberty St,5303.06,40.7659,-73.9764,40.7111,-74.0158,casual
2b7c5ee342a24950,electric_bike,2024-06-06 08:15:57,2024-06-06 08:20:45,E 17 St & Broadway,5905.14,N 8 St & Driggs Ave,5453.07,40.7370,-73.9901,40.7177,-73.9560,casual
1de95c7242a947e5,electric_bike,2024-06-03 07:31:20,2024-06-03 08:09:32,South End Ave & Liberty St,5303.06,Central Park S & 6 Ave,6904.04,40.7111,-74.0158,40.7659,-73.9764,member
e71d6ba3486d4e57,electric_bike,2024-06-14 20:14:17,2024-06-14 20:40:53,1 Ave & E 68 St,6753.08,Central Park S & 6 Ave,6904.04,40.7659,-73.9585,40.7659,-73.9764,casual
c3803b4a7dc44f12,classic_bike,2024-06-07 21:14:10,2024-06-07 21:37:42,Pier 40 - Hudson River Park,5573.05,Lafayette St & E 8 St,5788.13,40.7276,-74.0115,40.7302,-73.9910,casual
29debccc429e49bd,electric_bike,2024-06-03 06:55:14,2024-06-03 07:09:44,W 21 St & 6 Ave,6140.05,West St & Chambers St,5470.10,40.7418,-73.9945,40.7175,-74.0134,casual
7c3609088f944977,electric_bike,2024-06-08 06:41:28,2024-06-08 07:07:48,Broadway & E 14 St,5905.12,South End Ave & Liberty St,5303.06,40.7345,-73.9907,40.7111,-74.0158,casual
de4097c334274466,electric_bike,2024-06-12 20:47:09,2024-06-12 20:57:35,Broadway & E 14 St,5905.12,E 47 St & Park Ave,6551.09,40.7345,-73.9907,40.7553,-73.9746,member
95eef45ca9c3440d,classic_bike,2024-06-12 14:40:52,2024-06-12 15:01:29,E 47 St & Park Ave,6551.09,1 Ave & E 68 St,6753.08,40.7553,-73.9746,40.7659,-73.9585,member
ad49e0727f844004,classic_bike,2024-06-10 09:04:26,2024-06-10 09:11:40,Pier 40 - Hudson River Park,5573.05,9 Ave & W 45 St,6717.06,40.7276,-74.0115,40.7602,-73.9913,casual
f38324f7eddc4c0a,classic_bike,2024-06-11 17:36:07,2024-06-11 18:05:01,W 21 St & 6 Ave,6140.05,8 Ave & W 31 St,6450.12,40.7418,-73.9945,40.7502,-73.9978,casual
44f20d97f4884671,classic_bike,2024-06-02 13:51:53,2024-06-02 14:26:38,1 Ave & E 68 St,6753.08,W 21 St & 6 Ave,6140.05,40.7659,-73.9585,40.7418,-73.9945,casual
cd32e7120c764092,electric_bike,2024-06-10 13:43:20,2024-06-10 13:54:09,W 21 St & 6 Ave,6140.05,N 8 St & Driggs Ave,5453.07,40.7418,-73.9945,40.7177,-73.9560,casual
2d921dab41524bff,classic_bike,2024-06-12 07:12:35,2024-06-12 07:40:37,9 Ave & W 45 St,6717.06,W 21 St & 6 Ave,6140.05,40.7602,-73.9913,40.7418,-73.9945,casual
a5accd5a48f14eed,classic_bike,2024-06-14 09:33:10,2024-06-14 10:01:41,Broadway & E 14 St,5905.12,W 21 St & 6 Ave,6140.05,40.7345,-73.9907,40.7418,-73.9945,member
219c00cb9a7f4e23,electric_bike,2024-06-13 13:22:47,2024-06-13 13:45:57,8 Ave & W 31 St,6450.12,Central Park S & 6 Ave,6904.04,40.7502,-73.9978,40.7659,-73.9764,member
44bb10e079f7438c,electric_bike,2024-06-09 09:24:31,2024-06-09 09:56:55,E 47 St & Park Ave,6551.09,Lafayette St & E 8 St,5788.13,40.7553,-73.9746,40.7302,-73.9910,member
17cb67b86d0f44e6,classic_bike,2024-06-13 12:17:39,2024-06-13 12:32:22,9 Ave & W 45 St,6717.06,E 17 St & Broadway,5905.14,40.7602,-73.9913,40.7370,-73.9901,casual
a12ad11986fb4cdb,classic_bike,2024-06-04 17:03:43,2024-06-04 17:16:18,Central Park S & 6 Ave,6904.04,N 8 St & Driggs Ave,5453.07,40.7659,-73.9764,40.7177,-73.9560,casual
20b6d43cfbf34106,electric_bike,2024-06-02 21:28:51,2024-06-02 22:03:27,Central Park S & 6 Ave,6904.04,E 17 St & Broadway,5905.14,40.7659,-73.9764,40.7370,-73.9901,member
836f224b0b8b46f7,classic_bike,2024-06-05 15:42:03,2024-06-05 16:21:39,Pier 40 - Hudson River Park,5573.05,E 17 St & Broadway,5905.14,40.7276,-74.0115,40.7370,-73.9901,casual
14eed98795e746e4,classic_bike,2024-06-08 17:16:46,2024-06-08 17:36:03,E 17 St & Broadway,5905.14,Broadway & E 14 St,5905.12,40.7370,-73.9901,40.7345,-73.9907,member
155287c70b964346,electric_bike,2024-06-08 09:03:50,2024-06-08 09:18:16,Bedford Ave & Nassau Ave,5525.04,N 8 St & Driggs Ave,5453.07,40.7230,-73.9521,40.7177,-73.9560,casual
5761b09943db4a42,classic_bike,2024-06-12 13:45:48,2024-06-12 14:18:30,Lafayette St & E 8 St,5788.13,Grand Army Plaza & Plaza St West,4066.15,40.7302,-73.9910,40.6729,-73.9709,member
017f319f04964795,electric_bike,2024-06-12 16:18:16,2024-06-12 16:27:31,1 Ave & E 68 St,6753.08,Broadway & E 14 St,5905.12,40.7659,-73.9585,40.7345,-73.9907,member
be86f5d0f73e4b07,electric_bike,2024-06-11 14:08:29,2024-06-11 14:38:08,W 21 St & 6 Ave,6140.05,1 Ave & E 68 St,6753.08,40.7418,-73.9945,40.7659,-73.9585,casual
2005dd7e166f419a,classic_bike,2024-06-10 12:09:44,2024-06-10 12:38:41,Grand Army Plaza & Plaza St West,4066.15,E 47 St & Park Ave,6551.09,40.6729,-73.9709,40.7553,-73.9746,member
7b2a7f1035904039,classic_bike,2024-06-14 06:16:44,2024-06-14 06:31:34,West St & Chambers St,5470.10,Broadway & E 14 St,5905.12,40.7175,-74.0134,40.7345,-73.9907,member
c50c71f44d084416,electric_bike,2024-06-11 20:38:50,2024-06-11 21:17:36,E 17 St & Broadway,5905.14,E 47 St & Park Ave,6551.09,40.7370,-73.9901,40.7553,-73.9746,member
f6bffaa971fc42e6,electric_bike,2024-06-01 07:59:10,2024-06-01 08:11:34,Central Park S & 6 Ave,6904.04,E 17 St & Broadway,5905.14,40.7659,-73.9764,40.7370,-73.9901,casual
d5767137d456429d,electric_bike,2024-06-08 15:59:15,2024-06-08 16:14:59,W 21 St & 6 Ave,6140.05,E 47 St & Park Ave,6551.09,40.7418,-73.9945,40.7553,-73.9746,member
7ee667ded93e4a4d,electric_bike,2024-06-02 16:45:54,2024-06-02 17:17:22,Lafayette St & E 8 St,5788.13,W 21 St & 6 Ave,6140.05,40.7302,-73.9910,40.7418,-73.9945,member
873f3f030f8a479c,classic_bike,2024-06-08 14:45:37,2024-06-08 15:20:55,Central Park S & 6 Ave,6904.04,E 17 St & Broadway,5905.14,40.7659,-73.9764,40.7370,-73.9901,casual
7eaa7a911def4401,electric_bike,2024-06-09 07:05:17,2024-06-09 07:35:45,Grand Army Plaza & Plaza St West,4066.15,Lafayette St & E 8 St,5788.13,40.6729,-73.9709,40.7302,-73.9910,casual
3b6b1c0d702845af,classic_bike,2024-06-01 08:45:18,2024-06-01 09:00:25,Bedford Ave & Nassau Ave,5525.04,E 17 St & Broadway,5905.14,40.7230,-73.9521,40.7370,-73.9901,casual
b91633574b1b4f3b,electric_bike,2024-06-14 20:22:45,2024-06-14 20:56:43,South End Ave & Liberty St,5303.06,Grand Army Plaza & Plaza St West,4066.15,40.7111,-74.0158,40.6729,-73.9709,casual
297a8503d83343c3,classic_bike,2024-06-11 18:32:23,2024-06-11 19:06:37,E 47 St & Park Ave,6551.09,N 8 St & Driggs Ave,5453.07,40.7553,-73.9746,40.7177,-73.9560,casual
9b125dfb2804435a,electric_bike,2024-06-02 17:23:30,2024-06-02 17:34:18,Bedford Ave & Nassau Ave,5525.04,Bedford Ave & Nassau Ave,5525.04,40.7230,-73.9521,40.7230,-73.9521,member
04a434e7ffcf456e,electric_bike,2024-06-08 11:10:15,2024-06-08 11:26:32,9 Ave & W 45 St,6717.06,E 17 St & Broadway,5905.14,40.7602,-73.9913,40.7370,-73.9901,casual
5675c8f3104c4350,electric_bike,2024-06-03 08:58:52,2024-06-03 09:35:14,Lafayette St & E 8 St,5788.13,N 8 St & Driggs Ave,5453.07,40.7302,-73.9910,40.7177,-73.9560,member
c8ee46bf571f4cdb,electric_bike,2024-06-02 15:35:14,2024-06-02 16:10:26,Grand Army Plaza & Plaza St West,4066.15,West St & Chambers St,5470.10,40.6729,-73.9709,40.7175,-74.0134,member
83f06e7ddfaa4505,classic_bike,2024-06-09 10:33:57,2024-06-09 10:46:16,9 Ave & W 45 St,6717.06,South End Ave & Liberty St,5303.06,40.7602,-73.9913,40.7111,-74.0158,member
9c4e7b65c81a4f0f,classic_bike,2024-06-13 13:48:53,2024-06-13 13:58:27,South End Ave & Liberty St,5303.06,Central Park S & 6 Ave,6904.04,40.7111,-74.0158,40.7659,-73.9764,member
ba751921283348ea,electric_bike,2024-06-03 16:45:07,2024-06-03 17:01:08,Pier 40 - Hudson River Park,5573.05,Broadway & E 14 St,5905.12,40.7276,-74.0115,40.7345,-73.9907,casual
55a8d6a15d1d4cb7,classic_bike,2024-06-08 18:30:55,2024-06-08 18:39:41,9 Ave & W 45 St,6717.06,Pier 40 - Hudson River Park,5573.05,40.7602,-73.9913,40.7276,-74.0115,member
7942000acf244413,electric_bike,2024-06-08 13:05:49,2024-06-08 13:08:15,E 47 St & Park Ave,6551.09,West St & Chambers St,5470.10,40.7553,-73.9746,40.7175,-74.0134,casual
3ed5e52eaa3d4111,classic_bike,2024-06-02 10:32:23,2024-06-02 11:02:42,Pier 40 - Hudson River Park,5573.05,1 Ave & E 68 St,6753.08,40.7276,-74.0115,40.7659,-73.9585,casual
7570d730e5e74add,electric_bike,2024-06-03 19:41:27,2024-06-03 20:11:40,9 Ave & W 45 St,6717.06,West St & Chambers St,5470.10,40.7602,-73.9913,40.7175,-74.0134,member
569b111f15b4466e,electric_bike,2024-06-13 06:10:45,2024-06-13 06:48:04,Central Park S & 6 Ave,6904.04,1 Ave & E 68 St,6753.08,40.7659,-73.9764,40.7659,-73.9585,casual
26a4cbefa437499c,classic_bike,2024-06-07 07:02:25,2024-06-07 07:06:56,9 Ave & W 45 St,6717.06,1 Ave & E 68 St,6753.08,40.7602,-73.9913,40.7659,-73.9585,casual
e8c35a79504e44ac,electric_bike,2024-06-11 17:57:35,2024-06-11 18:20:21,E 17 St & Broadway,5905.14,E 17 St & Broadway,5905.14,40.7370,-73.9901,40.7370,-73.9901,member
a4d546e172394201,classic_bike,2024-06-09 16:25:58,2024-06-09 16:37:59,E 47 St & Park Ave,6551.09,8 Ave & W 31 St,6450.12,40.7553,-73.9746,40.7502,-73.9978,casual
4d3129b3e1874e93,classic_bike,2024-06-13 19:20:41,2024-06-13 19:50:17,Bedford Ave & Nassau Ave,5525.04,Lafayette St & E 8 St,5788.13,40.7230,-73.9521,40.7302,-73.9910,member
48af7f108a714a73,classic_bike,2024-06-07 18:22:46,2024-06-07 18:33:22,Pier 40 - Hudson River Park,5573.05,Lafayette St & E 8 St,5788.13,40.7276,-74.0115,40.7302,-73.9910,member
cbede473e3eb47c1,electric_bike,2024-06-05 14:53:21,2024-06-05 15:06:16,Pier 40 - Hudson River Park,5573.05,Pier 40 - Hudson River Park,5573.05,40.7276,-74.0115,40.7276,-74.0115,member
d77203300f584a93,electric_bike,2024-06-05 18:23:27,2024-06-05 18:59:56,E 47 St & Park Ave,6551.09,9 Ave & W 45 St,6717.06,40.7553,-73.9746,40.7602,-73.9913,casual
bca2c581928b4e4b,classic_bike,2024-06-06 08:06:03,2024-06-06 08:16:33,N 8 St & Driggs Ave,5453.07,Pier 40 - Hudson River Park,5573.05,40.7177,-73.9560,40.7276,-74.0115,casual
59afb1d13bdc4ce0,electric_bike,2024-06-13 18:43:37,2024-06-13 19:22:01,Lafayette St & E 8 St,5788.13,West St & Chambers St,5470.10,40.7302,-73.9910,40.7175,-74.0134,casual
bccd9b8c85084f91,classic_bike,2024-06-14 18:12:36,2024-06-14 18:24:09,N 8 St & Driggs Ave,5453.07,9 Ave & W 45 St,6717.06,40.7177,-73.9560,40.7602,-73.9913,member
b62e110a25844385,electric_bike,2024-06-10 09:17:52,2024-06-10 09:44:31,Lafayette St & E 8 St,5788.13,Pier 40 - Hudson River Park,5573.05,40.7302,-73.9910,40.7276,-74.0115,casual
13fc927f72374f5b,electric_bike,2024-06-01 13:15:56,2024-06-01 13:26:48,Broadway & E 14 St,5905.12,Broadway & E 14 St,5905.12,40.7345,-73.9907,40.7345,-73.9907,casual
6c65659da2ef4e21,electric_bike,2024-06-09 19:17:25,2024-06-09 19:37:25,Grand Army Plaza & Plaza St West,4066.15,Pier 40 - Hudson River Park,5573.05,40.6729,-73.9709,40.7276,-74.0115,casual
752caa97b60d46a3,classic_bike,2024-06-14 08:46:09,2024-06-14 09:22:40,Bedford Ave & Nassau Ave,5525.04,E 17 St & Broadway,5905.14,40.7230,-73.9521,40.7370,-73.9901,member
ebf45b9d5e8c4bbf,classic_bike,2024-06-08 14:04:02,2024-06-08 14:16:44,Bedford Ave & Nassau Ave,5525.04,West St & Chambers St,5470.10,40.7230,-73.9521,40.7175,-74.0134,casual
5f187c021e244a97,electric_bike,2024-06-06 15:45:18,2024-06-06 15:50:02,Broadway & E 14 St,5905.12,Broadway & E 14 St,5905.12,40.7345,-73.9907,40.7345,-73.9907,casual
6bf843df96f14d54,classic_bike,2024-06-08 06:28:50,2024-06-08 06:40:35,8 Ave & W 31 St,6450.12,8 Ave & W 31 St,6450.12,40.7502,-73.9978,40.7502,-73.9978,casual
59410ea38c2b478e,classic_bike,2024-06-04 09:07:52,2024-06-04 09:43:14,South End Ave & Liberty St,5303.06,8 Ave & W 31 St,6450.12,40.7111,-74.0158,40.7502,-73.9978,member
60971a15c80642d3,electric_bike,2024-06-10 11:17:36,2024-06-10 11:50:28,E 17 St & Broadway,5905.14,Central Park S & 6 Ave,6904.04,40.7370,-73.9901,40.7659,-73.9764,member
ddc8d27b2623491a,electric_bike,2024-06-09 16:51:29,2024-06-09 17:24:11,9 Ave & W 45 St,6717.06,1 Ave & E 68 St,6753.08,40.7602,-73.9913,40.7659,-73.9585,member
56c890a565384f11,classic_bike,2024-06-11 16:38:26,2024-06-11 17:06:52,9 Ave & W 45 St,6717.06,Grand Army Plaza & Plaza St West,4066.15,40.7602,-73.9913,40.6729,-73.9709,casual
a14ed649926e402e,electric_bike,2024-06-11 07:30:55,2024-06-11 07:44:13,Bedford Ave & Nassau Ave,5525.04,8 Ave & W 31 St,6450.12,40.7230,-73.9521,40.7502,-73.9978,member
f51124380d894ced,classic_bike,2024-06-02 09:17:39,2024-06-02 09:56:38,N 8 St & Driggs Ave,5453.07,Pier 40 - Hudson River Park,5573.05,40.7177,-73.9560,40.7276,-74.0115,casual
4663f1a104db43f3,classic_bike,2024-06-01 08:03:42,2024-06-01 08:42:00,Pier 40 - Hudson River Park,5573.05,South End Ave & Liberty St,5303.06,40.7276,-74.0115,40.7111,-74.0158,member
9b5ad674889644b2,electric_bike,2024-06-14 21:08:37,2024-06-14 21:40:56,E 47 St & Park Ave,6551.09,Bedford Ave & Nassau Ave,5525.04,40.7553,-73.9746,40.7230,-73.9521,casual
6a3946072e3545c8,classic_bike,2024-06-08 20:42:59,2024-06-08 20:46:34,Grand Army Plaza & Plaza St West,4066.15,W 21 St & 6 Ave,6140.05,40.6729,-73.9709,40.7418,-73.9945,casual
2ec3641124df4dcc,electric_bike,2024-06-02 07:57:06,2024-06-02 08:36:05,E 17 St & Broadway,5905.14,8 Ave & W 31 St,6450.12,40.7370,-73.9901,40.7502,-73.9978,member
2e7405695346405c,classic_bike,2024-06-07 17:34:10,2024-06-07 17:40:11,1 Ave & E 68 St,6753.08,8 Ave & W 31 St,6450.12,40.7659,-73.9585,40.7502,-73.9978,member
6021a15b42074b51,classic_bike,2024-06-02 11:27:09,2024-06-02 11:57:19,8 Ave & W 31 St,6450.12,E 17 St & Broadway,5905.14,40.7502,-73.9978,40.7370,-73.9901,member
8121c051c09c4132,electric_bike,2024-06-13 16:11:37,2024-06-13 16:29:45,West St & Chambers St,5470.10,West St & Chambers St,5470.10,40.7175,-74.0134,40.7175,-74.0134,member
685183410766499f,classic_bike,2024-06-06 13:55:35,2024-06-06 14:25:22,8 Ave & W 31 St,6450.12,W 21 St & 6 Ave,6140.05,40.7502,-73.9978,40.7418,-73.9945,member
c903cc1da6cc4a57,classic_bike,2024-06-10 17:31:06,2024-06-10 17:49:54,8 Ave & W 31 St,6450.12,Pier 40 - Hudson River Park,5573.05,40.7502,-73.9978,40.7276,-74.0115,casual
24722a76f7c94c89,electric_bike,2024-06-08 07:25:54,2024-06-08 08:02:03,Grand Army Plaza & Plaza St West,4066.15,E 17 St & Broadway,5905.14,40.6729,-73.9709,40.7370,-73.9901,member
d0096b2a00414afc,electric_bike,2024-06-09 13:13:58,2024-06-09 13:53:51,9 Ave & W 45 St,6717.06,West St & Chambers St,5470.10,40.7602,-73.9913,40.7175,-74.0134,casual
d6e8aad3403a423a,electric_bike,2024-06-01 07:01:59,2024-06-01 07:36:54,N 8 St & Driggs Ave,5453.07,1 Ave & E 68 St,6753.08,40.7177,-73.9560,40.7659,-73.9585,casual
bd3b17eb29524420,classic_bike,2024-06-04 15:59:53,2024-06-04 16:36:43,E 47 St & Park Ave,6551.09,N 8 St & Driggs Ave,5453.07,40.7553,-73.9746,40.7177,-73.9560,casual
478a943affb24fe1,electric_bike,2024-06-12 08:05:53,2024-06-12 08:17:25,Broadway & E 14 St,5905.12,E 17 St & Broadway,5905.14,40.7345,-73.9907,40.7370,-73.9901,member
c0b08dd0fac945b6,electric_bike,2024-06-13 11:25:56,2024-06-13 11:51:19,Grand Army Plaza & Plaza St West,4066.15,Pier 40 - Hudson River Park,5573.05,40.6729,-73.9709,40.7276,-74.0115,casual
04105bd154154636,classic_bike,2024-06-06 11:49:13,2024-06-06 12:22:36,West St & Chambers St,5470.10,N 8 St & Driggs Ave,5453.07,40.7175,-74.0134,40.7177,-73.9560,member
b24d2a35e5304b87,electric_bike,2024-06-01 21:23:00,2024-06-01 21:36:50,Grand Army Plaza & Plaza St West,4066.15,Central Park S & 6 Ave,6904.04,40.6729,-73.9709,40.7659,-73.9764,casual
d50372a8e47f4c7e,electric_bike,2024-06-13 20:57:41,2024-06-13 21:04:58,Pier 40 - Hudson River Park,5573.05,Broadway & E 14 St,5905.12,40.7276,-74.0115,40.7345,-73.9907,member
c49968ddd6d24227,classic_bike,2024-06-07 20:07:38,2024-06-07 20:34:04,Lafayette St & E 8 St,5788.13,E 47 St & Park Ave,6551.09,40.7302,-73.9910,40.7553,-73.9746,member
47f86de4c22740f2,electric_bike,2024-06-04 13:35:00,2024-06-04 13:52:07,Central Park S & 6 Ave,6904.04,Lafayette St & E 8 St,5788.13,40.7659,-73.9764,40.7302,-73.9910,member
f7a0be7a7e6a4ea7,electric_bike,2024-06-10 16:40:19,2024-06-10 16:57:24,Broadway & E 14 St,5905.12,E 47 St & Park Ave,6551.09,40.7345,-73.9907,40.7553,-73.9746,member
d23525dffbf841fe,electric_bike,2024-06-12 18:03:38,2024-06-12 18:19:54,8 Ave & W 31 St,6450.12,Central Park S & 6 Ave,6904.04,40.7502,-73.9978,40.7659,-73.9764,member
bd22f7fca8eb4ba6,classic_bike,2024-06-10 14:32:31,2024-06-10 14:46:09,E 47 St & Park Ave,6551.09,8 Ave & W 31 St,6450.12,40.7553,-73.9746,40.7502,-73.9978,member
3a5bece9db004b4c,electric_bike,2024-06-12 07:06:08,2024-06-12 07:25:51,Grand Army Plaza & Plaza St West,4066.15,1 Ave & E 68 St,6753.08,40.6729,-73.9709,40.7659,-73.9585,member
8f63c2bbae414155,electric_bike,2024-06-01 17:49:43,2024-06-01 18:28:05,E 47 St & Park Ave,6551.09,N 8 St & Driggs Ave,5453.07,40.7553,-73.9746,40.7177,-73.9560,member
682904cafebf4c56,electric_bike,2024-06-11 17:05:03,2024-06-11 17:29:06,E 17 St & Broadway,5905.14,N 8 St & Driggs Ave,5453.07,40.7370,-73.9901,40.7177,-73.9560,member
b8a1e477e2404060,classic_bike,2024-06-08 14:27:23,2024-06-08 15:04:41,N 8 St & Driggs Ave,5453.07,Pier 40 - Hudson River Park,5573.05,40.7177,-73.9560,40.7276,-74.0115,member
55af47da31d146cb,classic_bike,2024-06-07 15:05:28,2024-06-07 15:29:03,8 Ave & W 31 St,6450.12,South End Ave & Liberty St,5303.06,40.7502,-73.9978,40.7111,-74.0158,member
4f90f91a544840de,classic_bike,2024-06-12 13:13:04,2024-06-12 13:32:07,Bedford Ave & Nassau Ave,5525.04,West St & Chambers St,5470.10,40.7230,-73.9521,40.7175,-74.0134,member
1b9b71f03f4544d4,electric_bike,2024-06-07 19:47:01,2024-06-07 20:11:50,W 21 St & 6 Ave,6140.05,Central Park S & 6 Ave,6904.04,40.7418,-73.9945,40.7659,-73.9764,member
12aa48cff18c4581,electric_bike,2024-06-01 20:01:21,2024-06-01 20:38:49,Lafayette St & E 8 St,5788.13,E 47 St & Park Ave,6551.09,40.7302,-73.9910,40.7553,-73.9746,member
503314b1609c47af,classic_bike,2024-06-10 08:07:05,2024-06-10 08:13:13,N 8 St & Driggs Ave,5453.07,Central Park S & 6 Ave,6904.04,40.7177,-73.9560,40.7659,-73.9764,member
10d7a1646e8d4018,classic_bike,2024-06-13 13:32:03,2024-06-13 13:54:37,W 21 St & 6 Ave,6140.05,South End Ave & Liberty St,5303.06,40.7418,-73.9945,40.7111,-74.0158,member
693e5fcfc0804ba4,classic_bike,2024-06-05 20:30:24,2024-06-05 20:59:49,Pier 40 - Hudson River Park,5573.05,W 21 St & 6 Ave,6140.05,40.7276,-74.0115,40.7418,-73.9945,member
acffa99ff0054f9a,classic_bike,2024-06-08 19:34:27,2024-06-08 19:43:21,Central Park S & 6 Ave,6904.04,E 17 St & Broadway,5905.14,40.7659,-73.9764,40.7370,-73.9901,casual
114a9827b69a4a1e,classic_bike,2024-06-10 09:17:06,2024-06-10 09:26:06,Pier 40 - Hudson River Park,5573.05,Lafayette St & E 8 St,5788.13,40.7276,-74.0115,40.7302,-73.9910,member
2f98ad3371d2463f,classic_bike,2024-06-05 12:03:26,2024-06-05 12:38:17,N 8 St & Driggs Ave,5453.07,Pier 40 - Hudson River Park,5573.05,40.7177,-73.9560,40.7276,-74.0115,member
c11ea16ba6d64330,electric_bike,2024-06-01 08:10:19,2024-06-01 08:42:04,9 Ave & W 45 St,6717.06,W 21 St & 6 Ave,6140.05,40.7602,-73.9913,40.7418,-73.9945,casual
57c850b09a734d2f,electric_bike,2024-06-09 19:14:09,2024-06-09 19:26:12,Grand Army Plaza & Plaza St West,4066.15,South End Ave & Liberty St,5303.06,40.6729,-73.9709,40.7111,-74.0158,casual
d1b6075581d14226,classic_bike,2024-06-10 17:13:43,2024-06-10 17:25:35,W 21 St & 6 Ave,6140.05,Pier 40 - Hudson River Park,5573.05,40.7418,-73.9945,40.7276,-74.0115,casual
30799b56576f4264,electric_bike,2024-06-04 16:55:58,2024-06-04 17:11:42,Lafayette St & E 8 St,5788.13,West St & Chambers St,5470.10,40.7302,-73.9910,40.7175,-74.0134,casual
542060ce6b2f4d47,classic_bike,2024-06-06 20:32:37,2024-06-06 20:57:31,Grand Army Plaza & Plaza St West,4066.15,Bedford Ave & Nassau Ave,5525.04,40.6729,-73.9709,40.7230,-73.9521,member
a3863cd100f24a96,classic_bike,2024-06-13 21:32:02,2024-06-13 22:07:53,Central Park S & 6 Ave,6904.04,South End Ave & Liberty St,5303.06,40.7659,-73.9764,40.7111,-74.0158,member
348f9ce0603b4183,electric_bike,2024-06-04 10:04:30,2024-06-04 10:29:07,Central Park S & 6 Ave,6904.04,Grand Army Plaza & Plaza St West,4066.15,40.7659,-73.9764,40.6729,-73.9709,member
247474b31d7d4bb3,electric_bike,2024-06-06 06:10:04,2024-06-06 06:36:29,E 47 St & Park Ave,6551.09,W 21 St & 6 Ave,6140.05,40.7553,-73.9746,40.7418,-73.9945,casual
32f9b77107994940,classic_bike,2024-06-10 21:34:48,2024-06-10 22:01:22,West St & Chambers St,5470.10,N 8 St & Driggs Ave,5453.07,40.7175,-74.0134,40.7177,-73.9560,casual
2db4e4283ef7439f,classic_bike,2024-06-05 18:16:11,2024-06-05 18:41:22,1 Ave & E 68 St,6753.08,West St & Chambers St,5470.10,40.7659,-73.9585,40.7175,-74.0134,member
610114f423224464,classic_bike,2024-06-05 21:32:06,2024-06-05 21:35:31,1 Ave & E 68 St,6753.08,E 47 St & Park Ave,6551.09,40.7659,-73.9585,40.7553,-73.9746,casual
2bde3c78a9314044,electric_bike,2024-06-05 13:47:15,2024-06-05 14:14:29,South End Ave & Liberty St,5303.06,West St & Chambers St,5470.10,40.7111,-74.0158,40.7175,-74.0134,member
5fcf3219b1c14d4b,electric_bike,2024-06-03 19:33:12,2024-06-03 19:48:17,Broadway & E 14 St,5905.12,1 Ave & E 68 St,6753.08,40.7345,-73.9907,40.7659,-73.9585,casual
ca226cfe4b4f4f74,classic_bike,2024-06-01 19:01:39,2024-06-01 19:16:33,N 8 St & Driggs Ave,5453.07,West St & Chambers St,5470.10,40.7177,-73.9560,40.7175,-74.0134,casual
95866982f7e848a2,electric_bike,2024-06-11 19:34:17,2024-06-11 19:44:54,West St & Chambers St,5470.10,W 21 St & 6 Ave,6140.05,40.7175,-74.0134,40.7418,-73.9945,member
c055b921635b4f49,electric_bike,2024-06-13 14:01:50,2024-06-13 14:08:15,Bedford Ave & Nassau Ave,5525.04,Broadway & E 14 St,5905.12,40.7230,-73.9521,40.7345,-73.9907,casual
b734d4677bb94b07,electric_bike,2024-06-03 11:29:45,2024-06-03 11:57:16,Pier 40 - Hudson River Park,5573.05,Central Park S & 6 Ave,6904.04,40.7276,-74.0115,40.7659,-73.9764,casual
33f7d722e51748b2,electric_bike,2024-06-07 16:53:58,2024-06-07 16:58:27,8 Ave & W 31 St,6450.12,Grand Army Plaza & Plaza St West,4066.15,40.7502,-73.9978,40.6729,-73.9709,member
d7a998eaef7c4b39,electric_bike,2024-06-05 13:15:56,2024-06-05 13:43:40,E 17 St & Broadway,5905.14,West St & Chambers St,5470.10,40.7370,-73.9901,40.7175,-74.0134,casual
3aeceaf85a0040f2,classic_bike,2024-06-03 18:49:05,2024-06-03 19:11:13,Pier 40 - Hudson River Park,5573.05,Broadway & E 14 St,5905.12,40.7276,-74.0115,40.7345,-73.9907,casual
cdf401375e15433b,electric_bike,2024-06-06 13:16:28,2024-06-06 13:50:23,Pier 40 - Hudson River Park,5573.05,Grand Army Plaza & Plaza St West,4066.15,40.7276,-74.0115,40.6729,-73.9709,casual
5bed83be136d4cce,classic_bike,2024-06-01 09:03:28,2024-06-01 09:21:25,8 Ave & W 31 St,6450.12,E 17 St & Broadway,5905.14,40.7502,-73.9978,40.7370,-73.9901,casual
3a4d45fded364bb7,classic_bike,2024-06-09 15:19:41,2024-06-09 15:27:01,E 47 St & Park Ave,6551.09,Pier 40 - Hudson River Park,5573.05,40.7553,-73.9746,40.7276,-74.0115,member
40018cbe54494845,electric_bike,2024-06-01 15:19:12,2024-06-01 15:43:59,Broadway & E 14 St,5905.12,Lafayette St & E 8 St,5788.13,40.7345,-73.9907,40.7302,-73.9910,casual
c523b4e9022f46bb,electric_bike,2024-06-10 08:21:54,2024-06-10 09:00:58,West St & Chambers St,5470.10,Bedford Ave & Nassau Ave,5525.04,40.7175,-74.0134,40.7230,-73.9521,casual
fd411a05833c44f2,classic_bike,2024-06-13 12:53:25,2024-06-13 12:56:13,E 47 St & Park Ave,6551.09,Lafayette St & E 8 St,5788.13,40.7553,-73.9746,40.7302,-73.9910,casual
c935a27896454ec1,electric_bike,2024-06-12 18:47:13,2024-06-12 19:21:36,West St & Chambers St,5470.10,West St & Chambers St,5470.10,40.7175,-74.0134,40.7175,-74.0134,casual
b2ac4768f1224f43,electric_bike,2024-06-02 11:20:54,2024-06-02 11:35:43,Lafayette St & E 8 St,5788.13,9 Ave & W 45 St,6717.06,40.7302,-73.9910,40.7602,-73.9913,member
20db4294dfae4803,electric_bike,2024-06-14 15:31:01,2024-06-14 15:58:35,Central Park S & 6 Ave,6904.04,Central Park S & 6 Ave,6904.04,40.7659,-73.9764,40.7659,-73.9764,member
af8e26b26cfb4173,electric_bike,2024-06-11 20:14:22,2024-06-11 20:39:33,Central Park S & 6 Ave,6904.04,9 Ave & W 45 St,6717.06,40.7659,-73.9764,40.7602,-73.9913,casual
fa2c9e7927584f1a,electric_bike,2024-06-01 15:41:50,2024-06-01 15:46:01,Lafayette St & E 8 St,5788.13,Grand Army Plaza & Plaza St West,4066.15,40.7302,-73.9910,40.6729,-73.9709,casual
542ef29e1bcf492f,electric_bike,2024-06-07 07:05:34,2024-06-07 07:33:56,E 17 St & Broadway,5905.14,West St & Chambers St,5470.10,40.7370,-73.9901,40.7175,-74.0134,casual
9a760ea9b06349a0,electric_bike,2024-06-02 17:31:35,2024-06-02 17:45:42,Broadway & E 14 St,5905.12,1 Ave & E 68 St,6753.08,40.7345,-73.9907,40.7659,-73.9585,member
a8d992924a854443,classic_bike,2024-06-02 21:33:24,2024-06-02 21:54:46,1 Ave & E 68 St,6753.08,West St & Chambers St,5470.10,40.7659,-73.9585,40.7175,-74.0134,casual
641f79aa692e43b9,classic_bike,2024-06-09 06:11:10,2024-06-09 06:35:28,W 21 St & 6 Ave,6140.05,Lafayette St & E 8 St,5788.13,40.7418,-73.9945,40.7302,-73.9910,member
dd9e7b6de75142a4,classic_bike,2024-06-07 14:09:47,2024-06-07 14:16:28,1 Ave & E 68 St,6753.08,Pier 40 - Hudson River Park,5573.05,40.7659,-73.9585,40.7276,-74.0115,member
f06c69d99339404b,electric_bike,2024-06-05 13:22:52,2024-06-05 13:57:16,E 47 St & Park Ave,6551.09,West St & Chambers St,5470.10,40.7553,-73.9746,40.7175,-74.0134,member
721b770724874651,classic_bike,2024-06-11 13:49:17,2024-06-11 14:05:03,Pier 40 - Hudson River Park,5573.05,Bedford Ave & Nassau Ave,5525.04,40.7276,-74.0115,40.7230,-73.9521,casual
0a0175e5937d4fb1,classic_bike,2024-06-04 14:58:21,2024-06-04 15:33:51,Grand Army Plaza & Plaza St West,4066.15,9 Ave & W 45 St,6717.06,40.6729,-73.9709,40.7602,-73.9913,casual
cf5b294dd2cc4853,classic_bike,2024-06-08 11:55:44,2024-06-08 12:18:02,N 8 St & Driggs Ave,5453.07,South End Ave & Liberty St,5303.06,40.7177,-73.9560,40.7111,-74.0158,casual
2ef634f2a8b94820,classic_bike,2024-06-10 18:30:27,2024-06-10 19:03:42,West St & Chambers St,5470.10,1 Ave & E 68 St,6753.08,40.7175,-74.0134,40.7659,-73.9585,casual
89a92af3a0ca4f8e,electric_bike,2024-06-04 21:06:55,2024-06-04 21:19:41,Bedford Ave & Nassau Ave,5525.04,W 21 St & 6 Ave,6140.05,40.7230,-73.9521,40.7418,-73.9945,member
8d85ddf1c3094f28,classic_bike,2024-06-12 21:23:13,2024-06-12 21:58:54,Bedford Ave & Nassau Ave,5525.04,Bedford Ave & Nassau Ave,5525.04,40.7230,-73.9521,40.7230,-73.9521,casual
40b550232a324553,classic_bike,2024-06-02 14:36:49,2024-06-02 15:01:04,Broadway & E 14 St,5905.12,9 Ave & W 45 St,6717.06,40.7345,-73.9907,40.7602,-73.9913,member
663b4427bef7410a,classic_bike,2024-06-02 16:54:44,2024-06-02 17:28:15,Central Park S & 6 Ave,6904.04,W 21 St & 6 Ave,6140.05,40.7659,-73.9764,40.7418,-73.9945,casual
76d8cbc7bfa94b6e,electric_bike,2024-06-05 07:57:45,2024-06-05 08:09:04,W 21 St & 6 Ave,6140.05,W 21 St & 6 Ave,6140.05,40.7418,-73.9945,40.7418,-73.9945,casual
4775d7abd2074bc4,classic_bike,2024-06-09 17:12:15,2024-06-09 17:44:07,Broadway & E 14 St,5905.12,Broadway & E 14 St,5905.12,40.7345,-73.9907,40.7345,-73.9907,member
640eb68ebdcf4fd4,classic_bike,2024-06-10 07:42:11,2024-06-10 08:04:15,E 47 St & Park Ave,6551.09,W 21 St & 6 Ave,6140.05,40.7553,-73.9746,40.7418,-73.9945,member
3777d8232d8d4db8,classic_bike,2024-06-01 17:33:17,2024-06-01 17:45:45,N 8 St & Driggs Ave,5453.07,9 Ave & W 45 St,6717.06,40.7177,-73.9560,40.7602,-73.9913,member
a8f8687bb7664c85,classic_bike,2024-06-01 20:16:40,2024-06-01 20:54:21,Central Park S & 6 Ave,6904.04,Bedford Ave & Nassau Ave,5525.04,40.7659,-73.9764,40.7230,-73.9521,casual
c461994d609c4e40,classic_bike,2024-06-08 06:53:38,2024-06-08 06:55:57,Bedford Ave & Nassau Ave,5525.04,8 Ave & W 31 St,6450.12,40.7230,-73.9521,40.7502,-73.9978,member
03ba33a0fd42469c,electric_bike,2024-06-04 09:24:05,2024-06-04 09:27:10,Lafayette St & E 8 St,5788.13,South End Ave & Liberty St,5303.06,40.7302,-73.9910,40.7111,-74.0158,member
aa03081bd4984a31,classic_bike,2024-06-02 09:45:56,2024-06-02 09:54:31,N 8 St & Driggs Ave,5453.07,N 8 St & Driggs Ave,5453.07,40.7177,-73.9560,40.7177,-73.9560,member
30862fe3a0754372,classic_bike,2024-06-09 07:50:52,2024-06-09 08:15:11,W 21 St & 6 Ave,6140.05,E 17 St & Broadway,5905.14,40.7418,-73.9945,40.7370,-73.9901,casual
66f29d1d03d64f3f,electric_bike,2024-06-04 09:38:06,2024-06-04 10:04:26,E 17 St & Broadway,5905.14,Broadway & E 14 St,5905.12,40.7370,-73.9901,40.7345,-73.9907,member
0b3f953a5e75488f,classic_bike,2024-06-08 09:45:04,2024-06-08 10:06:04,E 17 St & Broadway,5905.14,West St & Chambers St,5470.10,40.7370,-73.9901,40.7175,-74.0134,member
fd93754aca90401c,classic_bike,2024-06-13 16:13:31,2024-06-13 16:22:28,E 17 St & Broadway,5905.14,8 Ave & W 31 St,6450.12,40.7370,-73.9901,40.7502,-73.9978,casual
c57ae3fff8ed48ae,classic_bike,2024-06-06 16:46:44,2024-06-06 17:15:15,Broadway & E 14 St,5905.12,Grand Army Plaza & Plaza St West,4066.15,40.7345,-73.9907,40.6729,-73.9709,casual
7b6ce596aa97435d,classic_bike,2024-06-13 21:05:44,2024-06-13 21:29:26,1 Ave & E 68 St,6753.08,N 8 St & Driggs Ave,5453.07,40.7659,-73.9585,40.7177,-73.9560,casual
80e022c83b804c61,classic_bike,2024-06-10 13:39:24,2024-06-10 14:16:17,W 21 St & 6 Ave,6140.05,Grand Army Plaza & Plaza St West,4066.15,40.7418,-73.9945,40.6729,-73.9709,member
c1dadb7d6db2494b,classic_bike,2024-06-13 21:18:07,2024-06-13 21:41:12,W 21 St & 6 Ave,6140.05,Grand Army Plaza & Plaza St West,4066.15,40.7418,-73.9945,40.6729,-73.9709,member
a45ca94a345248c4,classic_bike,2024-06-06 14:30:18,2024-06-06 14:46:05,W 21 St & 6 Ave,6140.05,1 Ave & E 68 St,6753.08,40.7418,-73.9945,40.7659,-73.9585,member
a4c31af7514a46bf,classic_bike,2024-06-10 13:34:47,2024-06-10 13:59:13,South End Ave & Liberty St,5303.06,Bedford Ave & Nassau Ave,5525.04,40.7111,-74.0158,40.7230,-73.9521,casual
57bd0ca854ce40ea,classic_bike,2024-06-05 18:48:01,2024-06-05 19:05:39,N 8 St & Driggs Ave,5453.07,E 47 St & Park Ave,6551.09,40.7177,-73.9560,40.7553,-73.9746,member
857f2f3e61a94fb1,electric_bike,2024-06-11 10:14:51,2024-06-11 10:32:02,Pier 40 - Hudson River Park,5573.05,W 21 St & 6 Ave,6140.05,40.7276,-74.0115,40.7418,-73.9945,member
0d56e00031454a6c,classic_bike,2024-06-01 07:06:55,2024-06-01 07:42:28,Central Park S & 6 Ave,6904.04,N 8 St & Driggs Ave,5453.07,40.7659,-73.9764,40.7177,-73.9560,member
6d1e0d7d140246ee,electric_bike,2024-06-03 16:06:35,2024-06-03 16:22:32,1 Ave & E 68 St,6753.08,Broadway & E 14 St,5905.12,40.7659,-73.9585,40.7345,-73.9907,casual
490ce3154d984202,electric_bike,2024-06-04 10:10:27,2024-06-04 10:24:29,1 Ave & E 68 St,6753.08,Bedford Ave & Nassau Ave,5525.04,40.7659,-73.9585,40.7230,-73.9521,member
7880adc62af24718,electric_bike,2024-06-13 14:12:05,2024-06-13 14:38:37,8 Ave & W 31 St,6450.12,E 47 St & Park Ave,6551.09,40.7502,-73.9978,40.7553,-73.9746,casual
7b64665ccb264809,classic_bike,2024-06-12 13:23:48,2024-06-12 13:36:26,Pier 40 - Hudson River Park,5573.05,Grand Army Plaza & Plaza St West,4066.15,40.7276,-74.0115,40.6729,-73.9709,casual
8d87b7be271d40f1,classic_bike,2024-06-02 18:57:58,2024-06-02 19:20:27,E 17 St & Broadway,5905.14,E 47 St & Park Ave,6551.09,40.7370,-73.9901,40.7553,-73.9746,casual
126aa3157b184d5d,electric_bike,2024-06-05 13:44:18,2024-06-05 14:11:54,E 17 St & Broadway,5905.14,Central Park S & 6 Ave,6904.04,40.7370,-73.9901,40.7659,-73.9764,member
802ddcc4dc954e31,electric_bike,2024-06-04 08:38:58,2024-06-04 08:53:54,Bedford Ave & Nassau Ave,5525.04,Central Park S & 6 Ave,6904.04,40.7230,-73.9521,40.7659,-73.9764,casual
a41bc4c24ecc40ab,classic_bike,2024-06-07 12:44:47,2024-06-07 13:12:15,E 17 St & Broadway,5905.14,South End Ave & Liberty St,5303.06,40.7370,-73.9901,40.7111,-74.0158,casual
f5044d156fb148c2,electric_bike,2024-06-02 12:34:59,2024-06-02 12:48:04,South End Ave & Liberty St,5303.06,W 21 St & 6 Ave,6140.05,40.7111,-74.0158,40.7418,-73.9945,casual
62a53193a6a14c2b,electric_bike,2024-06-08 16:50:44,2024-06-08 17:17:52,Pier 40 - Hudson River Park,5573.05,Bedford Ave & Nassau Ave,5525.04,40.7276,-74.0115,40.7230,-73.9521,member
073bca43ad2a4a7c,classic_bike,2024-06-01 21:43:52,2024-06-01 22:10:32,West St & Chambers St,5470.10,Central Park S & 6 Ave,6904.04,40.7175,-74.0134,40.7659,-73.9764,casual
a9a0758ef3a74d25,classic_bike,2024-06-11 08:30:16,2024-06-11 08:49:09,Grand Army Plaza & Plaza St West,4066.15,Central Park S & 6 Ave,6904.04,40.6729,-73.9709,40.7659,-73.9764,member
f9619ae2960e4c1a,classic_bike,2024-06-02 16:59:45,2024-06-02 17:27:59,Broadway & E 14 St,5905.12,9 Ave & W 45 St,6717.06,40.7345,-73.9907,40.7602,-73.9913,member
f7ba19f9802a43cc,electric_bike,2024-06-03 20:09:27,2024-06-03 20:28:42,South End Ave & Liberty St,5303.06,E 17 St & Broadway,5905.14,40.7111,-74.0158,40.7370,-73.9901,casual
c6d53a9092964e08,electric_bike,2024-06-13 20:57:59,2024-06-13 21:06:03,Bedford Ave & Nassau Ave,5525.04,E 17 St & Broadway,5905.14,40.7230,-73.9521,40.7370,-73.9901,member
fcadb3fd01a442d1,classic_bike,2024-06-04 21:52:47,2024-06-04 22:21:57,8 Ave & W 31 St,6450.12,Bedford Ave & Nassau Ave,5525.04,40.7502,-73.9978,40.7230,-73.9521,casual
49d0aac1a78e437c,electric_bike,2024-06-02 19:12:44,2024-06-02 19:43:15,W 21 St & 6 Ave,6140.05,Broadway & E 14 St,5905.12,40.7418,-73.9945,40.7345,-73.9907,member
f2cfcd6380ab4b7f,classic_bike,2024-06-03 18:00:08,2024-06-03 18:15:39,1 Ave & E 68 St,6753.08,Lafayette St & E 8 St,5788.13,40.7659,-73.9585,40.7302,-73.9910,casual
c2589de2cf264489,classic_bike,2024-06-04 09:10:12,2024-06-04 09:16:13,Grand Army Plaza & Plaza St West,4066.15,E 47 St & Park Ave,6551.09,40.6729,-73.9709,40.7553,-73.9746,casual
146e6a4f2a874e02,electric_bike,2024-06-07 13:31:40,2024-06-07 13:41:07,South End Ave & Liberty St,5303.06,E 47 St & Park Ave,6551.09,40.7111,-74.0158,40.7553,-73.9746,member
7c35b2747a57472b,classic_bike,2024-06-05 07:05:21,2024-06-05 07:09:22,E 17 St & Broadway,5905.14,Broadway & E 14 St,5905.12,40.7370,-73.9901,40.7345,-73.9907,member
cab285dc85b74774,classic_bike,2024-06-13 06:07:42,2024-06-13 06:12:33,W 21 St & 6 Ave,6140.05,8 Ave & W 31 St,6450.12,40.7418,-73.9945,40.7502,-73.9978,casual
9ab8180f56474889,electric_bike,2024-06-13 10:32:59,2024-06-13 11:08:09,Grand Army Plaza & Plaza St West,4066.15,Pier 40 - Hudson River Park,5573.05,40.6729,-73.9709,40.7276,-74.0115,casual
660237edaa424203,electric_bike,2024-06-06 11:22:52,2024-06-06 11:41:13,Lafayette St & E 8 St,5788.13,N 8 St & Driggs Ave,5453.07,40.7302,-73.9910,40.7177,-73.9560,member
66dce997b2c444a4,classic_bike,2024-06-06 19:45:06,2024-06-06 19:47:18,Lafayette St & E 8 St,5788.13,E 47 St & Park Ave,6551.09,40.7302,-73.9910,40.7553,-73.9746,member
afa9d02c9e4c4be7,electric_bike,2024-06-14 15:03:17,2024-06-14 15:22:15,Grand Army Plaza & Plaza St West,4066.15,Broadway & E 14 St,5905.12,40.6729,-73.9709,40.7345,-73.9907,casual
df9967265c364f5c,classic_bike,2024-06-01 16:53:52,2024-06-01 17:17:51,N 8 St & Driggs Ave,5453.07,West St & Chambers St,5470.10,40.7177,-73.9560,40.7175,-74.0134,casual
14d49d3acb404cdd,electric_bike,2024-06-04 16:21:31,2024-06-04 16:50:50,N 8 St & Driggs Ave,5453.07,Central Park S & 6 Ave,6904.04,40.7177,-73.9560,40.7659,-73.9764,casual
9b6fbe204b3a4a83,classic_bike,2024-06-08 17:14:54,2024-06-08 17:23:45,South End Ave & Liberty St,5303.06,South End Ave & Liberty St,5303.06,40.7111,-74.0158,40.7111,-74.0158,member
cbfc721c7f784428,classic_bike,2024-06-10 19:23:54,2024-06-10 20:00:20,E 47 St & Park Ave,6551.09,Pier 40 - Hudson River Park,5573.05,40.7553,-73.9746,40.7276,-74.0115,casual
1d9d1d80f47e4ca0,electric_bike,2024-06-09 20:55:29,2024-06-09 21:08:57,E 47 St & Park Ave,6551.09,N 8 St & Driggs Ave,5453.07,40.7553,-73.9746,40.7177,-73.9560,member
b73c62abfe4c4fed,classic_bike,2024-06-03 18:51:42,2024-06-03 18:59:48,West St & Chambers St,5470.10,West St & Chambers St,5470.10,40.7175,-74.0134,40.7175,-74.0134,member
aa7a907d41f341b9,electric_bike,2024-06-06 21:24:24,2024-06-06 21:45:32,South End Ave & Liberty St,5303.06,South End Ave & Liberty St,5303.06,40.7111,-74.0158,40.7111,-74.0158,member
55327432b1184ad6,classic_bike,2024-06-09 16:48:46,2024-06-09 17:24:21,N 8 St & Driggs Ave,5453.07,1 Ave & E 68 St,6753.08,40.7177,-73.9560,40.7659,-73.9585,member
8fd8acb4c8fb4050,electric_bike,2024-06-07 21:32:45,2024-06-07 22:00:48,N 8 St & Driggs Ave,5453.07,Lafayette St & E 8 St,5788.13,40.7177,-73.9560,40.7302,-73.9910,member
979a7368bd964b0a,classic_bike,2024-06-02 10:57:05,2024-06-02 11:06:41,West St & Chambers St,5470.10,8 Ave & W 31 St,6450.12,40.7175,-74.0134,40.7502,-73.9978,member
4f908490006e4070,classic_bike,2024-06-03 20:33:20,2024-06-03 21:01:17,Grand Army Plaza & Plaza St West,4066.15,Lafayette St & E 8 St,5788.13,40.6729,-73.9709,40.7302,-73.9910,member
cbebb43fef154821,classic_bike,2024-06-07 11:27:49,2024-06-07 11:54:44,E 47 St & Park Ave,6551.09,E 17 St & Broadway,5905.14,40.7553,-73.9746,40.7370,-73.9901,member
f1613babd0ef4299,electric_bike,2024-06-01 15:11:54,2024-06-01 15:45:20,Broadway & E 14 St,5905.12,E 17 St & Broadway,5905.14,40.7345,-73.9907,40.7370,-73.9901,member
d9606af0aa544c79,classic_bike,2024-06-08 08:30:38,2024-06-08 08:51:58,Central Park S & 6 Ave,6904.04,N 8 St & Driggs Ave,5453.07,40.7659,-73.9764,40.7177,-73.9560,casual
7eb9fe2d37384270,electric_bike,2024-06-12 08:06:17,2024-06-12 08:40:56,8 Ave & W 31 St,6450.12,Pier 40 - Hudson River Park,5573.05,40.7502,-73.9978,40.7276,-74.0115,casual
cf7798ccef364eb1,classic_bike,2024-06-06 08:36:52,2024-06-06 08:53:14,W 21 St & 6 Ave,6140.05,9 Ave & W 45 St,6717.06,40.7418,-73.9945,40.7602,-73.9913,member
fc00f3e74c914f0e,classic_bike,2024-06-13 09:03:54,2024-06-13 09:39:10,South End Ave & Liberty St,5303.06,E 47 St & Park Ave,6551.09,40.7111,-74.0158,40.7553,-73.9746,member
643058d9c1f94e90,electric_bike,2024-06-06 13:12:43,2024-06-06 13:47:02,Pier 40 - Hudson River Park,5573.05,E 17 St & Broadway,5905.14,40.7276,-74.0115,40.7370,-73.9901,member
64ce45898c4a42ba,classic_bike,2024-06-05 10:49:44,2024-06-05 11:05:03,Pier 40 - Hudson River Park,5573.05,Bedford Ave & Nassau Ave,5525.04,40.7276,-74.0115,40.7230,-73.9521,member
4dd7cb5cb5a74756,electric_bike,2024-06-13 15:54:55,2024-06-13 16:00:36,Lafayette St & E 8 St,5788.13,9 Ave & W 45 St,6717.06,40.7302,-73.9910,40.7602,-73.9913,member
37d7cab335b34f54,classic_bike,2024-06-08 17:52:30,2024-06-08 18:14:22,Grand Army Plaza & Plaza St West,4066.15,1 Ave & E 68 St,6753.08,40.6729,-73.9709,40.7659,-73.9585,member
6d572692fb924354,classic_bike,2024-06-14 15:49:06,2024-06-14 16:01:10,Lafayette St & E 8 St,5788.13,Bedford Ave & Nassau Ave,5525.04,40.7302,-73.9910,40.7230,-73.9521,member
56a701aba66c4f43,electric_bike,2024-06-08 09:03:03,2024-06-08 09:13:03,Broadway & E 14 St,5905.12,Lafayette St & E 8 St,5788.13,40.7345,-73.9907,40.7302,-73.9910,member
4d7d10f37d164638,classic_bike,2024-06-07 10:10:02,2024-06-07 10:20:08,N 8 St & Driggs Ave,5453.07,Bedford Ave & Nassau Ave,5525.04,40.7177,-73.9560,40.7230,-73.9521,casual
d1753cd1dd694f6b,electric_bike,2024-06-13 17:26:42,2024-06-13 17:34:49,9 Ave & W 45 St,6717.06,Bedford Ave & Nassau Ave,5525.04,40.7602,-73.9913,40.7230,-73.9521,casual
7d3d6b721f3e4572,classic_bike,2024-06-08 12:16:00,2024-06-08 12:26:11,N 8 St & Driggs Ave,5453.07,N 8 St & Driggs Ave,5453.07,40.7177,-73.9560,40.7177,-73.9560,member
624b31d72e5c48ad,electric_bike,2024-06-10 14:11:17,2024-06-10 14:19:44,Grand Army Plaza & Plaza St West,4066.15,Grand Army Plaza & Plaza St West,4066.15,40.6729,-73.9709,40.6729,-73.9709,casual
cb93dab6dcb94394,classic_bike,2024-06-03 07:41:20,2024-06-03 07:47:40,8 Ave & W 31 St,6450.12,Grand Army Plaza & Plaza St West,4066.15,40.7502,-73.9978,40.6729,-73.9709,casual
7d127b6b87b34329,classic_bike,2024-06-01 12:43:35,2024-06-01 13:22:12,E 47 St & Park Ave,6551.09,Bedford Ave & Nassau Ave,5525.04,40.7553,-73.9746,40.7230,-73.9521,member
b1f9ab31995e49de,classic_bike,2024-06-04 17:14:57,2024-06-04 17:24:57,9 Ave & W 45 St,6717.06,9 Ave & W 45 St,6717.06,40.7602,-73.9913,40.7602,-73.9913,member
a71372ab34cb4b9a,classic_bike,2024-06-13 11:21:07,2024-06-13 11:25:47,Pier 40 - Hudson River Park,5573.05,Central Park S & 6 Ave,6904.04,40.7276,-74.0115,40.7659,-73.9764,member
4c6f9a4581924f8f,electric_bike,2024-06-14 18:51:02,2024-06-14 18:58:48,Pier 40 - Hudson River Park,5573.05,8 Ave & W 31 St,6450.12,40.7276,-74.0115,40.7502,-73.9978,member
e79524eb84fa4889,electric_bike,2024-06-01 10:14:19,2024-06-01 10:19:28,E 17 St & Broadway,5905.14,N 8 St & Driggs Ave,5453.07,40.7370,-73.9901,40.7177,-73.9560,casual
5a24591dff2e4955,classic_bike,2024-06-08 17:51:20,2024-06-08 18:29:00,1 Ave & E 68 St,6753.08,Grand Army Plaza & Plaza St West,4066.15,40.7659,-73.9585,40.6729,-73.9709,member
d527189bdb2845da,classic_bike,2024-06-01 10:02:02,2024-06-01 10:16:52,N 8 St & Driggs Ave,5453.07,E 47 St & Park Ave,6551.09,40.7177,-73.9560,40.7553,-73.9746,member
6c092d0a9f4f4355,classic_bike,2024-06-04 16:05:22,2024-06-04 16:26:18,Grand Army Plaza & Plaza St West,4066.15,Pier 40 - Hudson River Park,5573.05,40.6729,-73.9709,40.7276,-74.0115,casual
4111e681f1da433d,electric_bike,2024-06-11 21:25:10,2024-06-11 21:54:28,8 Ave & W 31 St,6450.12,E 17 St & Broadway,5905.14,40.7502,-73.9978,40.7370,-73.9901,member
a54427ecb2614d5c,classic_bike,2024-06-02 16:44:46,2024-06-02 17:05:09,Pier 40 - Hudson River Park,5573.05,West St & Chambers St,5470.10,40.7276,-74.0115,40.7175,-74.0134,casual
50fcfdaa274b469e,electric_bike,2024-06-11 20:00:32,2024-06-11 20:13:43,Grand Army Plaza & Plaza St West,4066.15,N 8 St & Driggs Ave,5453.07,40.6729,-73.9709,40.7177,-73.9560,casual
8c61e59faf194390,electric_bike,2024-06-04 07:19:17,2024-06-04 07:29:47,W 21 St & 6 Ave,6140.05,Grand Army Plaza & Plaza St West,4066.15,40.7418,-73.9945,40.6729,-73.9709,member
de6d4e2525754bd1,classic_bike,2024-06-02 12:11:58,2024-06-02 12:36:44,Lafayette St & E 8 St,5788.13,N 8 St & Driggs Ave,5453.07,40.7302,-73.9910,40.7177,-73.9560,casual
2cfcbb3f1f9d4ccd,electric_bike,2024-06-07 09:47:24,2024-06-07 09:56:34,W 21 St & 6 Ave,6140.05,Broadway & E 14 St,5905.12,40.7418,-73.9945,40.7345,-73.9907,casual
195c663b9b824430,classic_bike,2024-06-06 17:57:36,2024-06-06 18:18:51,Broadway & E 14 St,5905.12,Pier 40 - Hudson River Park,5573.05,40.7345,-73.9907,40.7276,-74.0115,member
d9815a41e1cc433c,electric_bike,2024-06-07 09:05:22,2024-06-07 09:43:39,Lafayette St & E 8 St,5788.13,9 Ave & W 45 St,6717.06,40.7302,-73.9910,40.7602,-73.9913,casual
2059ad46a8564b74,classic_bike,2024-06-05 06:09:43,2024-06-05 06:46:46,Grand Army Plaza & Plaza St West,4066.15,1 Ave & E 68 St,6753.08,40.6729,-73.9709,40.7659,-73.9585,casual
ad9f835f3fc54786,electric_bike,2024-06-05 06:54:58,2024-06-05 07:22:14,Grand Army Plaza & Plaza St West,4066.15,Bedford Ave & Nassau Ave,5525.04,40.6729,-73.9709,40.7230,-73.9521,casual
6d820335f3de49dc,classic_bike,2024-06-06 19:37:29,2024-06-06 20:13:46,1 Ave & E 68 St,6753.08,Central Park S & 6 Ave,6904.04,40.7659,-73.9585,40.7659,-73.9764,casual
1458771da27a4bda,classic_bike,2024-06-02 11:12:26,2024-06-02 11:35:46,N 8 St & Driggs Ave,5453.07,E 47 St & Park Ave,6551.09,40.7177,-73.9560,40.7553,-73.9746,member
ceefd2c97e2b43ce,classic_bike,2024-06-10 06:58:05,2024-06-10 07:19:35,Broadway & E 14 St,5905.12,1 Ave & E 68 St,6753.08,40.7345,-73.9907,40.7659,-73.9585,casual
ad411244ff7940f4,classic_bike,2024-06-12 08:19:30,2024-06-12 08:55:29,N 8 St & Driggs Ave,5453.07,Pier 40 - Hudson River Park,5573.05,40.7177,-73.9560,40.7276,-74.0115,casual
88c982ecb3dd4cfb,electric_bike,2024-06-04 21:32:53,2024-06-04 21:35:22,W 21 St & 6 Ave,6140.05,Grand Army Plaza & Plaza St West,4066.15,40.7418,-73.9945,40.6729,-73.9709,member
2b24ef63f6f34192,classic_bike,2024-06-14 21:01:33,2024-06-14 21:06:26,Bedford Ave & Nassau Ave,5525.04,N 8 St & Driggs Ave,5453.07,40.7230,-73.9521,40.7177,-73.9560,member
7ed99a6b6c3746c2,electric_bike,2024-06-14 08:16:32,2024-06-14 08:42:39,Broadway & E 14 St,5905.12,Lafayette St & E 8 St,5788.13,40.7345,-73.9907,40.7302,-73.9910,member
c433b3bdd9cc4656,classic_bike,2024-06-06 21:35:43,2024-06-06 21:54:46,Lafayette St & E 8 St,5788.13,Broadway & E 14 St,5905.12,40.7302,-73.9910,40.7345,-73.9907,casual
64c46086919f402e,classic_bike,2024-06-05 10:31:13,2024-06-05 10:33:22,8 Ave & W 31 St,6450.12,Central Park S & 6 Ave,6904.04,40.7502,-73.9978,40.7659,-73.9764,casual
9e24c724e47a4b03,electric_bike,2024-06-11 14:47:52,2024-06-11 14:52:17,South End Ave & Liberty St,5303.06,South End Ave & Liberty St,5303.06,40.7111,-74.0158,40.7111,-74.0158,member
59875c7d01514cb0,classic_bike,2024-06-10 13:51:21,2024-06-10 14:13:43,Lafayette St & E 8 St,5788.13,W 21 St & 6 Ave,6140.05,40.7302,-73.9910,40.7418,-73.9945,casual
e604bfbe83aa422f,classic_bike,2024-06-02 13:21:31,2024-06-02 13:37:00,Lafayette St & E 8 St,5788.13,W 21 St & 6 Ave,6140.05,40.7302,-73.9910,40.7418,-73.9945,casual
5fd2bec365364c77,electric_bike,2024-06-08 06:07:09,2024-06-08 06:26:13,Broadway & E 14 St,5905.12,South End Ave & Liberty St,5303.06,40.7345,-73.9907,40.7111,-74.0158,casual
a801f15e7046425d,electric_bike,2024-06-03 15:09:51,2024-06-03 15:30:14,E 17 St & Broadway,5905.14,South End Ave & Liberty St,5303.06,40.7370,-73.9901,40.7111,-74.0158,member
32ce93dbb58f47b6,classic_bike,2024-06-12 13:24:00,2024-06-12 13:50:31,1 Ave & E 68 St,6753.08,Lafayette St & E 8 St,5788.13,40.7659,-73.9585,40.7302,-73.9910,member
aa8c662d290a4d67,classic_bike,2024-06-03 12:44:26,2024-06-03 13:09:02,8 Ave & W 31 St,6450.12,W 21 St & 6 Ave,6140.05,40.7502,-73.9978,40.7418,-73.9945,casual
b6ddbd11ae864837,classic_bike,2024-06-02 13:11:31,2024-06-02 13:51:04,N 8 St & Driggs Ave,5453.07,8 Ave & W 31 St,6450.12,40.7177,-73.9560,40.7502,-73.9978,casual
d7d2f88fbdec467a,electric_bike,2024-06-13 21:02:25,2024-06-13 21:38:40,9 Ave & W 45 St,6717.06,9 Ave & W 45 St,6717.06,40.7602,-73.9913,40.7602,-73.9913,member
c4735700037e4f60,classic_bike,2024-06-13 06:21:08,2024-06-13 06:33:45,Broadway & E 14 St,5905.12,Broadway & E 14 St,5905.12,40.7345,-73.9907,40.7345,-73.9907,member
483fca724a1a4c2e,electric_bike,2024-06-06 13:19:38,2024-06-06 13:22:10,N 8 St & Driggs Ave,5453.07,E 47 St & Park Ave,6551.09,40.7177,-73.9560,40.7553,-73.9746,member
c44842af47f846f1,classic_bike,2024-06-04 16:32:09,2024-06-04 17:09:03,9 Ave & W 45 St,6717.06,E 17 St & Broadway,5905.14,40.7602,-73.9913,40.7370,-73.9901,casual
cf590b8ec86042c4,classic_bike,2024-06-11 20:00:27,2024-06-11 20:15:59,Bedford Ave & Nassau Ave,5525.04,West St & Chambers St,5470.10,40.7230,-73.9521,40.7175,-74.0134,member
66ba7e5121de4360,classic_bike,2024-06-10 16:44:40,2024-06-10 16:56:49,West St & Chambers St,5470.10,E 47 St & Park Ave,6551.09,40.7175,-74.0134,40.7553,-73.9746,casual
615eca800d0b4920,electric_bike,2024-06-03 13:16:01,2024-06-03 13:31:38,West St & Chambers St,5470.10,South End Ave & Liberty St,5303.06,40.7175,-74.0134,40.7111,-74.0158,casual
6d54a50182864d40,classic_bike,2024-06-04 09:47:21,2024-06-04 10:18:26,Bedford Ave & Nassau Ave,5525.04,N 8 St & Driggs Ave,5453.07,40.7230,-73.9521,40.7177,-73.9560,casual
0c2ca7fae5254eaf,classic_bike,2024-06-06 10:47:22,2024-06-06 11:17:54,Broadway & E 14 St,5905.12,8 Ave & W 31 St,6450.12,40.7345,-73.9907,40.7502,-73.9978,member
e892464d47b845fa,classic_bike,2024-06-11 18:42:20,2024-06-11 18:58:48,W 21 St & 6 Ave,6140.05,W 21 St & 6 Ave,6140.05,40.7418,-73.9945,40.7418,-73.9945,casual
037f5347ab404561,classic_bike,2024-06-08 12:12:21,2024-06-08 12:35:07,1 Ave & E 68 St,6753.08,8 Ave & W 31 St,6450.12,40.7659,-73.9585,40.7502,-73.9978,casual
a676ace13cfe48e9,electric_bike,2024-06-13 12:10:47,2024-06-13 12:48:53,Lafayette St & E 8 St,5788.13,Bedford Ave & Nassau Ave,5525.04,40.7302,-73.9910,40.7230,-73.9521,member
1ecf8aec9a114df4,classic_bike,2024-06-02 21:08:06,2024-06-02 21:19:00,Grand Army Plaza & Plaza St West,4066.15,E 17 St & Broadway,5905.14,40.6729,-73.9709,40.7370,-73.9901,member
57c8294c9e7746ae,electric_bike,2024-06-08 21:47:06,2024-06-08 21:54:12,West St & Chambers St,5470.10,Bedford Ave & Nassau Ave,5525.04,40.7175,-74.0134,40.7230,-73.9521,casual
8ced48ea6b0f4a79,electric_bike,2024-06-09 18:18:09,2024-06-09 18:23:08,9 Ave & W 45 St,6717.06,West St & Chambers St,5470.10,40.7602,-73.9913,40.7175,-74.0134,casual
7b9a21c41155481f,electric_bike,2024-06-08 16:44:45,2024-06-08 16:54:45,South End Ave & Liberty St,5303.06,Lafayette St & E 8 St,5788.13,40.7111,-74.0158,40.7302,-73.9910,member
0f9027d590f0447c,classic_bike,2024-06-05 17:53:08,2024-06-05 18:14:54,1 Ave & E 68 St,6753.08,Grand Army Plaza & Plaza St West,4066.15,40.7659,-73.9585,40.6729,-73.9709,casual
82601132c02f424f,electric_bike,2024-06-09 20:51:32,2024-06-09 20:58:39,Central Park S & 6 Ave,6904.04,N 8 St & Driggs Ave,5453.07,40.7659,-73.9764,40.7177,-73.9560,casual
9794b38937c24f27,classic_bike,2024-06-05 09:31:11,2024-06-05 09:33:25,E 17 St & Broadway,5905.14,Grand Army Plaza & Plaza St West,4066.15,40.7370,-73.9901,40.6729,-73.9709,casual
b5502e2b4bde4d88,electric_bike,2024-06-12 14:57:16,2024-06-12 15:19:58,Pier 40 - Hudson River Park,5573.05,Bedford Ave & Nassau Ave,5525.04,40.7276,-74.0115,40.7230,-73.9521,member
f129ed2f25ec47e4,electric_bike,2024-06-01 15:06:15,2024-06-01 15:28:10,1 Ave & E 68 St,6753.08,West St & Chambers St,5470.10,40.7659,-73.9585,40.7175,-74.0134,member
88db369235c04003,classic_bike,2024-06-13 06:52:41,2024-06-13 07:11:40,8 Ave & W 31 St,6450.12,E 47 St & Park Ave,6551.09,40.7502,-73.9978,40.7553,-73.9746,member
e24cee91b4994393,electric_bike,2024-06-11 16:19:23,2024-06-11 16:43:32,N 8 St & Driggs Ave,5453.07,Lafayette St & E 8 St,5788.13,40.7177,-73.9560,40.7302,-73.9910,member
d2ed319602aa4c76,electric_bike,2024-06-10 11:01:20,2024-06-10 11:07:14,E 17 St & Broadway,5905.14,South End Ave & Liberty St,5303.06,40.7370,-73.9901,40.7111,-74.0158,member
c737327ade34406a,classic_bike,2024-06-03 10:22:01,2024-06-03 11:00:42,Bedford Ave & Nassau Ave,5525.04,8 Ave & W 31 St,6450.12,40.7230,-73.9521,40.7502,-73.9978,casual
387bccda71334766,electric_bike,2024-06-14 16:41:40,2024-06-14 17:21:16,N 8 St & Driggs Ave,5453.07,8 Ave & W 31 St,6450.12,40.7177,-73.9560,40.7502,-73.9978,casual
bad4f3e03b524525,electric_bike,2024-06-11 19:47:54,2024-06-11 20:16:53,West St & Chambers St,5470.10,Grand Army Plaza & Plaza St West,4066.15,40.7175,-74.0134,40.6729,-73.9709,casual
dcc31cb2d0cb479f,classic_bike,2024-06-08 07:35:31,2024-06-08 07:49:54,1 Ave & E 68 St,6753.08,South End Ave & Liberty St,5303.06,40.7659,-73.9585,40.7111,-74.0158,member
e29ff19c29b54942,classic_bike,2024-06-12 09:04:41,2024-06-12 09:25:56,Grand Army Plaza & Plaza St West,4066.15,Central Park S & 6 Ave,6904.04,40.6729,-73.9709,40.7659,-73.9764,casual
e8bcd007747c4690,electric_bike,2024-06-04 07:11:09,2024-06-04 07:18:04,N 8 St & Driggs Ave,5453.07,Grand Army Plaza & Plaza St West,4066.15,40.7177,-73.9560,40.6729,-73.9709,member
624d347360bc4cbc,classic_bike,2024-06-03 18:24:48,2024-06-03 18:27:36,Bedford Ave & Nassau Ave,5525.04,Pier 40 - Hudson River Park,5573.05,40.7230,-73.9521,40.7276,-74.0115,member
15668483c5264dc8,electric_bike,2024-06-13 20:10:41,2024-06-13 20:15:40,E 47 St & Park Ave,6551.09,W 21 St & 6 Ave,6140.05,40.7553,-73.9746,40.7418,-73.9945,member
56a0b8b4d1794ee0,classic_bike,2024-06-01 19:31:00,2024-06-01 19:40:15,N 8 St & Driggs Ave,5453.07,Grand Army Plaza & Plaza St West,4066.15,40.7177,-73.9560,40.6729,-73.9709,member
54edfb704eb04866,electric_bike,2024-06-13 15:36:57,2024-06-13 16:09:16,1 Ave & E 68 St,6753.08,Central Park S & 6 Ave,6904.04,40.7659,-73.9585,40.7659,-73.9764,member
0b660bcdd32e4757,classic_bike,2024-06-09 17:48:17,2024-06-09 18:27:23,West St & Chambers St,5470.10,W 21 St & 6 Ave,6140.05,40.7175,-74.0134,40.7418,-73.9945,casual
3a0761d906244bdf,electric_bike,2024-06-14 13:05:09,2024-06-14 13:07:13,Broadway & E 14 St,5905.12,Pier 40 - Hudson River Park,5573.05,40.7345,-73.9907,40.7276,-74.0115,casual
d2a20765b7004ce3,classic_bike,2024-06-11 10:53:14,2024-06-11 11:21:29,1 Ave & E 68 St,6753.08,Lafayette St & E 8 St,5788.13,40.7659,-73.9585,40.7302,-73.9910,casual
1e4c3fdf556e4ce4,electric_bike,2024-06-04 07:44:18,2024-06-04 08:10:41,1 Ave & E 68 St,6753.08,Broadway & E 14 St,5905.12,40.7659,-73.9585,40.7345,-73.9907,member
2e6df7e899804368,electric_bike,2024-06-10 08:34:11,2024-06-10 09:05:26,South End Ave & Liberty St,5303.06,W 21 St & 6 Ave,6140.05,40.7111,-74.0158,40.7418,-73.9945,member
45665e791a9a4b54,electric_bike,2024-06-11 11:08:39,2024-06-11 11:30:14,South End Ave & Liberty St,5303.06,N 8 St & Driggs Ave,5453.07,40.7111,-74.0158,40.7177,-73.9560,casual
eedf4f78dc994976,classic_bike,2024-06-13 21:28:45,2024-06-13 21:35:57,South End Ave & Liberty St,5303.06,8 Ave & W 31 St,6450.12,40.7111,-74.0158,40.7502,-73.9978,member
93ed82c51cf84164,electric_bike,2024-06-07 13:37:46,2024-06-07 14:12:25,Lafayette St & E 8 St,5788.13,1 Ave & E 68 St,6753.08,40.7302,-73.9910,40.7659,-73.9585,casual
6c80423a7e8440d7,electric_bike,2024-06-06 08:10:11,2024-06-06 08:38:28,1 Ave & E 68 St,6753.08,Broadway & E 14 St,5905.12,40.7659,-73.9585,40.7345,-73.9907,casual
7f4218898ca14f75,electric_bike,2024-06-11 11:41:08,2024-06-11 11:59:55,Grand Army Plaza & Plaza St West,4066.15,9 Ave & W 45 St,6717.06,40.6729,-73.9709,40.7602,-73.9913,member
cfb0d68db18945a6,classic_bike,2024-06-10 18:12:26,2024-06-10 18:50:24,E 17 St & Broadway,5905.14,Broadway & E 14 St,5905.12,40.7370,-73.9901,40.7345,-73.9907,member
f5264ea279534cb7,classic_bike,2024-06-01 09:28:54,2024-06-01 09:32:04,West St & Chambers St,5470.10,Lafayette St & E 8 St,5788.13,40.7175,-74.0134,40.7302,-73.9910,member
d5d318cf24e64ffd,electric_bike,2024-06-06 12:09:54,2024-06-06 12:21:24,W 21 St & 6 Ave,6140.05,South End Ave & Liberty St,5303.06,40.7418,-73.9945,40.7111,-74.0158,member
b436e8fbb21e4fab,classic_bike,2024-06-04 06:57:47,2024-06-04 07:09:11,West St & Chambers St,5470.10,E 47 St & Park Ave,6551.09,40.7175,-74.0134,40.7553,-73.9746,casual
94e4339da9a94ef7,classic_bike,2024-06-12 13:14:23,2024-06-12 13:20:04,Bedford Ave & Nassau Ave,5525.04,W 21 St & 6 Ave,6140.05,40.7230,-73.9521,40.7418,-73.9945,casual
3ebb527c14384799,classic_bike,2024-06-14 08:41:01,2024-06-14 08:53:02,E 47 St & Park Ave,6551.09,Grand Army Plaza & Plaza St West,4066.15,40.7553,-73.9746,40.6729,-73.9709,member
bf83f2d423de47fc,electric_bike,2024-06-14 13:06:09,2024-06-14 13:20:36,Grand Army Plaza & Plaza St West,4066.15,E 47 St & Park Ave,6551.09,40.6729,-73.9709,40.7553,-73.9746,casual
0f5c365a27e84b87,classic_bike,2024-06-06 13:34:50,2024-06-06 13:37:44,E 17 St & Broadway,5905.14,Bedford Ave & Nassau Ave,5525.04,40.7370,-73.9901,40.7230,-73.9521,member
744cc6aee03f4f2c,electric_bike,2024-06-01 12:45:53,2024-06-01 13:16:48,Pier 40 - Hudson River Park,5573.05,1 Ave & E 68 St,6753.08,40.7276,-74.0115,40.7659,-73.9585,casual
60a7ca57858147a1,classic_bike,2024-06-07 21:53:10,2024-06-07 22:13:43,Bedford Ave & Nassau Ave,5525.04,West St & Chambers St,5470.10,40.7230,-73.9521,40.7175,-74.0134,member
8f2de908f9da4f55,classic_bike,2024-06-01 09:44:25,2024-06-01 09:58:57,E 17 St & Broadway,5905.14,Grand Army Plaza & Plaza St West,4066.15,40.7370,-73.9901,40.6729,-73.9709,casual
5f1930e0cda74451,electric_bike,2024-06-11 16:57:25,2024-06-11 17:25:23,Central Park S & 6 Ave,6904.04,Lafayette St & E 8 St,5788.13,40.7659,-73.9764,40.7302,-73.9910,member
29aaaa7e483e46a1,classic_bike,2024-06-02 07:19:23,2024-06-02 07:44:17,8 Ave & W 31 St,6450.12,Broadway & E 14 St,5905.12,40.7502,-73.9978,40.7345,-73.9907,member
a36d756733a44f40,classic_bike,2024-06-01 18:54:58,2024-06-01 19:18:04,West St & Chambers St,5470.10,Grand Army Plaza & Plaza St West,4066.15,40.7175,-74.0134,40.6729,-73.9709,member
17dcabf550884581,electric_bike,2024-06-10 15:38:02,2024-06-10 16:13:03,8 Ave & W 31 St,6450.12,Broadway & E 14 St,5905.12,40.7502,-73.9978,40.7345,-73.9907,member
b9c6b26b6401418d,electric_bike,2024-06-05 12:47:32,2024-06-05 13:02:50,Lafayette St & E 8 St,5788.13,9 Ave & W 45 St,6717.06,40.7302,-73.9910,40.7602,-73.9913,member
c66a5821ceb742d6,classic_bike,2024-06-02 11:39:26,2024-06-02 12:15:48,Bedford Ave & Nassau Ave,5525.04,N 8 St & Driggs Ave,5453.07,40.7230,-73.9521,40.7177,-73.9560,member
aeb00fb926cb4e99,electric_bike,2024-06-07 14:08:37,2024-06-07 14:13:10,Grand Army Plaza & Plaza St West,4066.15,9 Ave & W 45 St,6717.06,40.6729,-73.9709,40.7602,-73.9913,member
240f92a4a77a48cb,classic_bike,2024-06-02 18:15:14,2024-06-02 18:31:57,South End Ave & Liberty St,5303.06,N 8 St & Driggs Ave,5453.07,40.7111,-74.0158,40.7177,-73.9560,casual
6e4f8ea3f0ad46f7,classic_bike,2024-06-03 11:47:18,2024-06-03 12:13:53,Central Park S & 6 Ave,6904.04,9 Ave & W 45 St,6717.06,40.7659,-73.9764,40.7602,-73.9913,casual
7f5da7f8fe914b95,classic_bike,2024-06-10 16:21:04,2024-06-10 16:33:28,West St & Chambers St,5470.10,West St & Chambers St,5470.10,40.7175,-74.0134,40.7175,-74.0134,member
504fde7c746e49a8,classic_bike,2024-06-14 11:16:35,2024-06-14 11:24:32,1 Ave & E 68 St,6753.08,9 Ave & W 45 St,6717.06,40.7659,-73.9585,40.7602,-73.9913,casual
b5ed7ce82ddf4675,electric_bike,2024-06-05 15:50:23,2024-06-05 16:16:30,1 Ave & E 68 St,6753.08,Broadway & E 14 St,5905.12,40.7659,-73.9585,40.7345,-73.9907,casual
919883f9f8c04007,electric_bike,2024-06-13 20:57:28,2024-06-13 21:09:03,Central Park S & 6 Ave,6904.04,8 Ave & W 31 St,6450.12,40.7659,-73.9764,40.7502,-73.9978,member
d847260b83314711,electric_bike,2024-06-05 12:50:26,2024-06-05 13:01:14,Lafayette St & E 8 St,5788.13,E 47 St & Park Ave,6551.09,40.7302,-73.9910,40.7553,-73.9746,casual
aebbf69ffdc2405c,classic_bike,2024-06-07 14:38:28,2024-06-07 14:58:24,Broadway & E 14 St,5905.12,N 8 St & Driggs Ave,5453.07,40.7345,-73.9907,40.7177,-73.9560,member
4a68bbad1af44f72,electric_bike,2024-06-04 17:56:52,2024-06-04 17:59:24,Bedford Ave & Nassau Ave,5525.04,9 Ave & W 45 St,6717.06,40.7230,-73.9521,40.7602,-73.9913,member
17efd203ab4d438c,electric_bike,2024-06-14 07:14:14,2024-06-14 07:42:44,Grand Army Plaza & Plaza St West,4066.15,E 17 St & Broadway,5905.14,40.6729,-73.9709,40.7370,-73.9901,casual
bb55cfa32e264519,classic_bike,2024-06-09 21:21:52,2024-06-09 21:55:36,Central Park S & 6 Ave,6904.04,N 8 St & Driggs Ave,5453.07,40.7659,-73.9764,40.7177,-73.9560,casual
9ab7f449ff164376,electric_bike,2024-06-04 12:51:21,2024-06-04 12:57:45,9 Ave & W 45 St,6717.06,E 17 St & Broadway,5905.14,40.7602,-73.9913,40.7370,-73.9901,member
f2d31a6527de464c,electric_bike,2024-06-08 07:57:17,2024-06-08 08:30:18,Bedford Ave & Nassau Ave,5525.04,Bedford Ave & Nassau Ave,5525.04,40.7230,-73.9521,40.7230,-73.9521,member
5c8aca1bcefc4e85,electric_bike,2024-06-06 15:41:02,2024-06-06 16:08:59,N 8 St & Driggs Ave,5453.07,West St & Chambers St,5470.10,40.7177,-73.9560,40.7175,-74.0134,casual
2d15420ba2bc4715,classic_bike,2024-06-04 20:48:01,2024-06-04 21:18:53,West St & Chambers St,5470.10,W 21 St & 6 Ave,6140.05,40.7175,-74.0134,40.7418,-73.9945,member
36cf9429865748ff,electric_bike,2024-06-07 07:23:19,2024-06-07 07:56:08,Broadway & E 14 St,5905.12,8 Ave & W 31 St,6450.12,40.7345,-73.9907,40.7502,-73.9978,member
4c01f701c0d04553,classic_bike,2024-06-02 21:16:57,2024-06-02 21:48:12,E 47 St & Park Ave,6551.09,W 21 St & 6 Ave,6140.05,40.7553,-73.9746,40.7418,-73.9945,member
5acd1e906fd1434e,electric_bike,2024-06-08 14:06:34,2024-06-08 14:19:32,Lafayette St & E 8 St,5788.13,E 17 St & Broadway,5905.14,40.7302,-73.9910,40.7370,-73.9901,member
1a3d1fa7bc8940a9,classic_bike,2024-06-01 18:39:17,2024-06-01 18:58:00,N 8 St & Driggs Ave,5453.07,Broadway & E 14 St,5905.12,40.7177,-73.9560,40.7345,-73.9907,casual
32e706298fad41a6,electric_bike,2024-06-02 09:43:14,2024-06-02 10:19:43,W 21 St & 6 Ave,6140.05,W 21 St & 6 Ave,6140.05,40.7418,-73.9945,40.7418,-73.9945,member
b2b9437a28df4ec4,electric_bike,2024-06-05 19:48:55,2024-06-05 19:51:21,Central Park S & 6 Ave,6904.04,Grand Army Plaza & Plaza St West,4066.15,40.7659,-73.9764,40.6729,-73.9709,casual
5be6128e18c24797,electric_bike,2024-06-04 19:01:21,2024-06-04 19:10:19,8 Ave & W 31 St,6450.12,1 Ave & E 68 St,6753.08,40.7502,-73.9978,40.7659,-73.9585,casual
142c3fe860e74113,electric_bike,2024-06-12 13:50:34,2024-06-12 14:01:05,9 Ave & W 45 St,6717.06,W 21 St & 6 Ave,6140.05,40.7602,-73.9913,40.7418,-73.9945,casual
146d3f31fc374a4c,classic_bike,2024-06-12 07:11:02,2024-06-12 07:28:35,Grand Army Plaza & Plaza St West,4066.15,West St & Chambers St,5470.10,40.6729,-73.9709,40.7175,-74.0134,member
35a240ae5af34553,electric_bike,2024-06-08 16:50:53,2024-06-08 17:17:47,E 17 St & Broadway,5905.14,8 Ave & W 31 St,6450.12,40.7370,-73.9901,40.7502,-73.9978,member
451b4cf361234df7,classic_bike,2024-06-03 15:06:46,2024-06-03 15:25:28,Grand Army Plaza & Plaza St West,4066.15,N 8 St & Driggs Ave,5453.07,40.6729,-73.9709,40.7177,-73.9560,casual
448aaa9e66b24c5b,classic_bike,2024-06-13 06:57:14,2024-06-13 07:01:25,E 47 St & Park Ave,6551.09,9 Ave & W 45 St,6717.06,40.7553,-73.9746,40.7602,-73.9913,member
a491f0b2ea1f4a65,electric_bike,2024-06-12 11:22:13,2024-06-12 11:58:17,South End Ave & Liberty St,5303.06,Grand Army Plaza & Plaza St West,4066.15,40.7111,-74.0158,40.6729,-73.9709,member
6dadd6c795a74d79,electric_bike,2024-06-04 18:42:35,2024-06-04 19:21:22,8 Ave & W 31 St,6450.12,1 Ave & E 68 St,6753.08,40.7502,-73.9978,40.7659,-73.9585,casual
a0a04dc427204bdf,classic_bike,2024-06-09 14:25:05,2024-06-09 14:30:17,West St & Chambers St,5470.10,1 Ave & E 68 St,6753.08,40.7175,-74.0134,40.7659,-73.9585,casual
8da0365bf89847b9,classic_bike,2024-06-07 12:30:38,2024-06-07 13:04:35,Grand Army Plaza & Plaza St West,4066.15,Broadway & E 14 St,5905.12,40.6729,-73.9709,40.7345,-73.9907,member
287d06ca6f4c469a,electric_bike,2024-06-09 18:48:17,2024-06-09 19:13:30,N 8 St & Driggs Ave,5453.07,South End Ave & Liberty St,5303.06,40.7177,-73.9560,40.7111,-74.0158,member
deda4e161b3d4d5c,electric_bike,2024-06-12 10:29:32,2024-06-12 10:43:43,Bedford Ave & Nassau Ave,5525.04,South End Ave & Liberty St,5303.06,40.7230,-73.9521,40.7111,-74.0158,member
