ride_id,rideable_type,started_at,ended_at,start_station_name,start_station_id,end_station_name,end_station_id,start_lat,start_lng,end_lat,end_lng,member_casual,duration_sec
039a8ed5f3374261,electric_bike,2024-06-01T06:38:34.000000,2024-06-01T06:54:10.000000,Central Park S & 6 Ave,6904.04,E 17 St & Broadway,5905.14,40.7659,-73.9764,40.737,-73.9901,member,936
8578b1c6f7eb469a,electric_bike,2024-06-01T06:40:41.000000,2024-06-01T07:04:48.000000,South End Ave & Liberty St,5303.06,Central Park S & 6 Ave,6904.04,40.7111,-74.0158,40.7659,-73.9764,casual,1447
87f7e1fbda4b49ca,classic_bike,2024-06-01T06:51:37.000000,2024-06-01T07:26:09.000000,Bedford Ave & Nassau Ave,5525.04,Lafayette St & E 8 St,5788.13,40.723,-73.9521,40.7302,-73.991,member,2072
d6e8aad3403a423a,electric_bike,2024-06-01T07:01:59.000000,2024-06-01T07:36:54.000000,N 8 St & Driggs Ave,5453.07,1 Ave & E 68 St,6753.08,40.7177,-73.956,40.7659,-73.9585,casual,2095
0d56e00031454a6c,classic_bike,2024-06-01T07:06:55.000000,2024-06-01T07:42:28.000000,Central Park S & 6 Ave,6904.04,N 8 St & Driggs Ave,5453.07,40.7659,-73.9764,40.7177,-73.956,member,2133
a8fc5690e9b144a1,electric_bike,2024-06-01T07:08:24.000000,2024-06-01T07:28:55.000000,Central Park S & 6 Ave,6904.04,N 8 St & Driggs Ave,5453.07,40.7659,-73.9764,40.7177,-73.956,member,1231
86c5547c051a4039,electric_bike,2024-06-01T07:32:03.000000,2024-06-01T07:49:55.000000,1 Ave & E 68 St,6753.08,Central Park S & 6 Ave,6904.04,40.7659,-73.9585,40.7659,-73.9764,member,1072
4e6384bb3e494f43,electric_bike,2024-06-01T07:35:18.000000,2024-06-01T07:52:25.000000,Central Park S & 6 Ave,6904.04,9 Ave & W 45 St,6717.06,40.7659,-73.9764,40.7602,-73.9913,casual,1027
4fe898d8c22c46a8,classic_bike,2024-06-01T07:45:33.000000,2024-06-01T08:08:52.000000,Central Park S & 6 Ave,6904.04,South End Ave & Liberty St,5303.06,40.7659,-73.9764,40.7111,-74.0158,casual,1399
9c7060da48cd49c5,classic_bike,2024-06-01T07:51:26.000000,2024-06-01T08:05:36.000000,South End Ave & Liberty St,5303.06,Broadway & E 14 St,5905.12,40.7111,-74.0158,40.7345,-73.9907,casual,850
f6bffaa971fc42e6,electric_bike,2024-06-01T07:59:10.000000,2024-06-01T08:11:34.000000,Central Park S & 6 Ave,6904.04,E 17 St & Broadway,5905.14,40.7659,-73.9764,40.737,-73.9901,casual,744
4663f1a104db43f3,classic_bike,2024-06-01T08:03:42.000000,2024-06-01T08:42:00.000000,Pier 40 - Hudson River Park,5573.05,South End Ave & Liberty St,5303.06,40.7276,-74.0115,40.7111,-74.0158,member,2298
c11ea16ba6d64330,electric_bike,2024-06-01T08:10:19.000000,2024-06-01T08:42:04.000000,9 Ave & W 45 St,6717.06,W 21 St & 6 Ave,6140.05,40.7602,-73.9913,40.7418,-73.9945,casual,1905
ab6ef8dd5a664316,electric_bike,2024-06-01T08:41:05.000000,2024-06-01T09:01:55.000000,West St & Chambers St,5470.10,N 8 St & Driggs Ave,5453.07,40.7175,-74.0134,40.7177,-73.956,casual,1250
3b6b1c0d702845af,classic_bike,2024-06-01T08:45:18.000000,2024-06-01T09:00:25.000000,Bedford Ave & Nassau Ave,5525.04,E 17 St & Broadway,5905.14,40.723,-73.9521,40.737,-73.9901,casual,907
5bed83be136d4cce,classic_bike,2024-06-01T09:03:28.000000,2024-06-01T09:21:25.000000,8 Ave & W 31 St,6450.12,E 17 St & Broadway,5905.14,40.7502,-73.9978,40.737,-73.9901,casual,1077
cd5f4822696648aa,classic_bike,2024-06-01T09:03:47.000000,2024-06-01T09:28:27.000000,South End Ave & Liberty St,5303.06,E 17 St & Broadway,5905.14,40.7111,-74.0158,40.737,-73.9901,casual,1480
f5264ea279534cb7,classic_bike,2024-06-01T09:28:54.000000,2024-06-01T09:32:04.000000,West St & Chambers St,5470.10,Lafayette St & E 8 St,5788.13,40.7175,-74.0134,40.7302,-73.991,member,190
8f2de908f9da4f55,classic_bike,2024-06-01T09:44:25.000000,2024-06-01T09:58:57.000000,E 17 St & Broadway,5905.14,Grand Army Plaza & Plaza St West,4066.15,40.737,-73.9901,40.6729,-73.9709,casual,872
d527189bdb2845da,classic_bike,2024-06-01T10:02:02.000000,2024-06-01T10:16:52.000000,N 8 St & Driggs Ave,5453.07,E 47 St & Park Ave,6551.09,40.7177,-73.956,40.7553,-73.9746,member,890
e79524eb84fa4889,electric_bike,2024-06-01T10:14:19.000000,2024-06-01T10:19:28.000000,E 17 St & Broadway,5905.14,N 8 St & Driggs Ave,5453.07,40.737,-73.9901,40.7177,-73.956,casual,309
bfbf397bac3e4b0d,electric_bike,2024-06-01T10:30:34.000000,2024-06-01T10:41:00.000000,9 Ave & W 45 St,6717.06,E 17 St & Broadway,5905.14,40.7602,-73.9913,40.737,-73.9901,casual,626
3f91c419e84649df,electric_bike,2024-06-01T10:57:16.000000,2024-06-01T11:15:20.000000,9 Ave & W 45 St,6717.06,1 Ave & E 68 St,6753.08,40.7602,-73.9913,40.7659,-73.9585,casual,1084
87fa841a3e83491f,electric_bike,2024-06-01T11:00:22.000000,2024-06-01T11:27:57.000000,Lafayette St & E 8 St,5788.13,9 Ave & W 45 St,6717.06,40.7302,-73.991,40.7602,-73.9913,member,1655
be2de8c89fe34824,classic_bike,2024-06-01T11:04:36.000000,2024-06-01T11:34:02.000000,8 Ave & W 31 St,6450.12,8 Ave & W 31 St,6450.12,40.7502,-73.9978,40.7502,-73.9978,member,1766
23204ff5b538496c,classic_bike,2024-06-01T11:16:42.000000,2024-06-01T11:30:41.000000,Grand Army Plaza & Plaza St West,4066.15,Grand Army Plaza & Plaza St West,4066.15,40.6729,-73.9709,40.6729,-73.9709,member,839
4350ab0610594a28,classic_bike,2024-06-01T11:43:51.000000,2024-06-01T12:15:09.000000,9 Ave & W 45 St,6717.06,South End Ave & Liberty St,5303.06,40.7602,-73.9913,40.7111,-74.0158,casual,1878
ce9e592936304a60,electric_bike,2024-06-01T11:45:50.000000,2024-06-01T11:50:45.000000,W 21 St & 6 Ave,6140.05,Lafayette St & E 8 St,5788.13,40.7418,-73.9945,40.7302,-73.991,member,295
b2414482519844d8,electric_bike,2024-06-01T11:52:41.000000,2024-06-01T12:20:42.000000,Pier 40 - Hudson River Park,5573.05,Central Park S & 6 Ave,6904.04,40.7276,-74.0115,40.7659,-73.9764,casual,1681
d6c6f45cdc5e4e78,electric_bike,2024-06-01T12:09:59.000000,2024-06-01T12:33:35.000000,Pier 40 - Hudson River Park,5573.05,South End Ave & Liberty St,5303.06,40.7276,-74.0115,40.7111,-74.0158,casual,1416
4ec3f970956d40e4,classic_bike,2024-06-01T12:17:21.000000,2024-06-01T12:26:49.000000,Central Park S & 6 Ave,6904.04,E 47 St & Park Ave,6551.09,40.7659,-73.9764,40.7553,-73.9746,casual,568
7d127b6b87b34329,classic_bike,2024-06-01T12:43:35.000000,2024-06-01T13:22:12.000000,E 47 St & Park Ave,6551.09,Bedford Ave & Nassau Ave,5525.04,40.7553,-73.9746,40.723,-73.9521,member,2317
744cc6aee03f4f2c,electric_bike,2024-06-01T12:45:53.000000,2024-06-01T13:16:48.000000,Pier 40 - Hudson River Park,5573.05,1 Ave & E 68 St,6753.08,40.7276,-74.0115,40.7659,-73.9585,casual,1855
62dbc8503c5b43a7,classic_bike,2024-06-01T13:04:03.000000,2024-06-01T13:33:06.000000,South End Ave & Liberty St,5303.06,Lafayette St & E 8 St,5788.13,40.7111,-74.0158,40.7302,-73.991,casual,1743
13fc927f72374f5b,electric_bike,2024-06-01T13:15:56.000000,2024-06-01T13:26:48.000000,Broadway & E 14 St,5905.12,Broadway & E 14 St,5905.12,40.7345,-73.9907,40.7345,-73.9907,casual,652
6bd1f826e6c24bb7,electric_bike,2024-06-01T13:51:42.000000,2024-06-01T14:22:32.000000,Pier 40 - Hudson River Park,5573.05,Lafayette St & E 8 St,5788.13,40.7276,-74.0115,40.7302,-73.991,member,1850
64f22a7c87f747fa,electric_bike,2024-06-01T14:01:46.000000,2024-06-01T14:38:11.000000,E 17 St & Broadway,5905.14,W 21 St & 6 Ave,6140.05,40.737,-73.9901,40.7418,-73.9945,member,2185
160beed40dc5442e,electric_bike,2024-06-01T14:02:57.000000,2024-06-01T14:08:23.000000,W 21 St & 6 Ave,6140.05,1 Ave & E 68 St,6753.08,40.7418,-73.9945,40.7659,-73.9585,casual,326
51057c351ceb48fe,electric_bike,2024-06-01T14:22:34.000000,2024-06-01T14:50:08.000000,E 47 St & Park Ave,6551.09,Grand Army Plaza & Plaza St West,4066.15,40.7553,-73.9746,40.6729,-73.9709,casual,1654
f129ed2f25ec47e4,electric_bike,2024-06-01T15:06:15.000000,2024-06-01T15:28:10.000000,1 Ave & E 68 St,6753.08,West St & Chambers St,5470.10,40.7659,-73.9585,40.7175,-74.0134,member,1315
f1613babd0ef4299,electric_bike,2024-06-01T15:11:54.000000,2024-06-01T15:45:20.000000,Broadway & E 14 St,5905.12,E 17 St & Broadway,5905.14,40.7345,-73.9907,40.737,-73.9901,member,2006
40018cbe54494845,electric_bike,2024-06-01T15:19:12.000000,2024-06-01T15:43:59.000000,Broadway & E 14 St,5905.12,Lafayette St & E 8 St,5788.13,40.7345,-73.9907,40.7302,-73.991,casual,1487
e9b5c5cfd7664cda,classic_bike,2024-06-01T15:25:26.000000,2024-06-01T15:33:47.000000,8 Ave & W 31 St,6450.12,Pier 40 - Hudson River Park,5573.05,40.7502,-73.9978,40.7276,-74.0115,casual,501
636f6e5c22534706,classic_bike,2024-06-01T15:35:26.000000,2024-06-01T16:05:52.000000,9 Ave & W 45 St,6717.06,Central Park S & 6 Ave,6904.04,40.7602,-73.9913,40.7659,-73.9764,casual,1826
fa2c9e7927584f1a,electric_bike,2024-06-01T15:41:50.000000,2024-06-01T15:46:01.000000,Lafayette St & E 8 St,5788.13,Grand Army Plaza & Plaza St West,4066.15,40.7302,-73.991,40.6729,-73.9709,casual,251
12d2fa0649e14d13,electric_bike,2024-06-01T15:43:35.000000,2024-06-01T15:58:52.000000,W 21 St & 6 Ave,6140.05,E 17 St & Broadway,5905.14,40.7418,-73.9945,40.737,-73.9901,casual,917
9fbc879e869c4a8e,electric_bike,2024-06-01T15:44:41.000000,2024-06-01T16:13:12.000000,West St & Chambers St,5470.10,Broadway & E 14 St,5905.12,40.7175,-74.0134,40.7345,-73.9907,member,1711
38eccb4db69f4eab,electric_bike,2024-06-01T15:57:45.000000,2024-06-01T16:12:42.000000,E 17 St & Broadway,5905.14,Bedford Ave & Nassau Ave,5525.04,40.737,-73.9901,40.723,-73.9521,casual,897
71a6014c5f3c44dc,classic_bike,2024-06-01T16:19:09.000000,2024-06-01T16:51:51.000000,E 17 St & Broadway,5905.14,Grand Army Plaza & Plaza St West,4066.15,40.737,-73.9901,40.6729,-73.9709,member,1962
58274e80e0824918,electric_bike,2024-06-01T16:41:46.000000,2024-06-01T17:00:45.000000,W 21 St & 6 Ave,6140.05,N 8 St & Driggs Ave,5453.07,40.7418,-73.9945,40.7177,-73.956,member,1139
5b6a810204284378,classic_bike,2024-06-01T16:50:24.000000,2024-06-01T17:17:53.000000,E 47 St & Park Ave,6551.09,Central Park S & 6 Ave,6904.04,40.7553,-73.9746,40.7659,-73.9764,casual,1649
df9967265c364f5c,classic_bike,2024-06-01T16:53:52.000000,2024-06-01T17:17:51.000000,N 8 St & Driggs Ave,5453.07,West St & Chambers St,5470.10,40.7177,-73.956,40.7175,-74.0134,casual,1439
b61e5fdb1a434206,classic_bike,2024-06-01T16:56:30.000000,2024-06-01T17:23:50.000000,E 47 St & Park Ave,6551.09,8 Ave & W 31 St,6450.12,40.7553,-73.9746,40.7502,-73.9978,casual,1640
aac04912084d4822,electric_bike,2024-06-01T17:08:22.000000,2024-06-01T17:12:52.000000,1 Ave & E 68 St,6753.08,1 Ave & E 68 St,6753.08,40.7659,-73.9585,40.7659,-73.9585,casual,270
723b80d423ef4561,classic_bike,2024-06-01T17:18:15.000000,2024-06-01T17:31:34.000000,Lafayette St & E 8 St,5788.13,Pier 40 - Hudson River Park,5573.05,40.7302,-73.991,40.7276,-74.0115,member,799
5c91f845534f496d,electric_bike,2024-06-01T17:30:13.000000,2024-06-01T17:58:07.000000,Bedford Ave & Nassau Ave,5525.04,W 21 St & 6 Ave,6140.05,40.723,-73.9521,40.7418,-73.9945,member,1674
3777d8232d8d4db8,classic_bike,2024-06-01T17:33:17.000000,2024-06-01T17:45:45.000000,N 8 St & Driggs Ave,5453.07,9 Ave & W 45 St,6717.06,40.7177,-73.956,40.7602,-73.9913,member,748
08453b2f8a8a4105,electric_bike,2024-06-01T17:47:50.000000,2024-06-01T18:09:58.000000,1 Ave & E 68 St,6753.08,E 47 St & Park Ave,6551.09,40.7659,-73.9585,40.7553,-73.9746,casual,1328
8f63c2bbae414155,electric_bike,2024-06-01T17:49:43.000000,2024-06-01T18:28:05.000000,E 47 St & Park Ave,6551.09,N 8 St & Driggs Ave,5453.07,40.7553,-73.9746,40.7177,-73.956,member,2302
7b6c7129cd634ba8,electric_bike,2024-06-01T17:54:33.000000,2024-06-01T18:25:50.000000,Lafayette St & E 8 St,5788.13,E 47 St & Park Ave,6551.09,40.7302,-73.991,40.7553,-73.9746,casual,1877
742632d7eda443c6,electric_bike,2024-06-01T18:15:33.000000,2024-06-01T18:47:15.000000,Grand Army Plaza & Plaza St West,4066.15,Broadway & E 14 St,5905.12,40.6729,-73.9709,40.7345,-73.9907,member,1902
1a3d1fa7bc8940a9,classic_bike,2024-06-01T18:39:17.000000,2024-06-01T18:58:00.000000,N 8 St & Driggs Ave,5453.07,Broadway & E 14 St,5905.12,40.7177,-73.956,40.7345,-73.9907,casual,1123
a36d756733a44f40,classic_bike,2024-06-01T18:54:58.000000,2024-06-01T19:18:04.000000,West St & Chambers St,5470.10,Grand Army Plaza & Plaza St West,4066.15,40.7175,-74.0134,40.6729,-73.9709,member,1386
ca226cfe4b4f4f74,classic_bike,2024-06-01T19:01:39.000000,2024-06-01T19:16:33.000000,N 8 St & Driggs Ave,5453.07,West St & Chambers St,5470.10,40.7177,-73.956,40.7175,-74.0134,casual,894
3b3f3800a17549c3,classic_bike,2024-06-01T19:02:00.000000,2024-06-01T19:32:09.000000,E 47 St & Park Ave,6551.09,N 8 St & Driggs Ave,5453.07,40.7553,-73.9746,40.7177,-73.956,member,1809
d25355159dc048b5,electric_bike,2024-06-01T19:08:19.000000,2024-06-01T19:21:52.000000,Grand Army Plaza & Plaza St West,4066.15,N 8 St & Driggs Ave,5453.07,40.6729,-73.9709,40.7177,-73.956,member,813
02bdeabe706048eb,classic_bike,2024-06-01T19:12:52.000000,2024-06-01T19:26:49.000000,Bedford Ave & Nassau Ave,5525.04,Grand Army Plaza & Plaza St West,4066.15,40.723,-73.9521,40.6729,-73.9709,casual,837
8044beb2b66e4bf4,electric_bike,2024-06-01T19:28:25.000000,2024-06-01T20:05:00.000000,W 21 St & 6 Ave,6140.05,South End Ave & Liberty St,5303.06,40.7418,-73.9945,40.7111,-74.0158,casual,2195
56a0b8b4d1794ee0,classic_bike,2024-06-01T19:31:00.000000,2024-06-01T19:40:15.000000,N 8 St & Driggs Ave,5453.07,Grand Army Plaza & Plaza St West,4066.15,40.7177,-73.956,40.6729,-73.9709,member,555
1e71afa9781547df,electric_bike,2024-06-01T19:32:42.000000,2024-06-01T20:09:45.000000,West St & Chambers St,5470.10,Broadway & E 14 St,5905.12,40.7175,-74.0134,40.7345,-73.9907,member,2223
6f74e55d99a94f6a,classic_bike,2024-06-01T19:43:05.000000,2024-06-01T19:55:00.000000,E 17 St & Broadway,5905.14,N 8 St & Driggs Ave,5453.07,40.737,-73.9901,40.7177,-73.956,member,715
12aa48cff18c4581,electric_bike,2024-06-01T20:01:21.000000,2024-06-01T20:38:49.000000,Lafayette St & E 8 St,5788.13,E 47 St & Park Ave,6551.09,40.7302,-73.991,40.7553,-73.9746,member,2248
a8f8687bb7664c85,classic_bike,2024-06-01T20:16:40.000000,2024-06-01T20:54:21.000000,Central Park S & 6 Ave,6904.04,Bedford Ave & Nassau Ave,5525.04,40.7659,-73.9764,40.723,-73.9521,casual,2261
ddfef8494c484cfc,classic_bike,2024-06-01T20:40:57.000000,2024-06-01T20:48:40.000000,9 Ave & W 45 St,6717.06,W 21 St & 6 Ave,6140.05,40.7602,-73.9913,40.7418,-73.9945,casual,463
a206527c3c6841d6,electric_bike,2024-06-01T20:44:42.000000,2024-06-01T21:01:34.000000,Lafayette St & E 8 St,5788.13,South End Ave & Liberty St,5303.06,40.7302,-73.991,40.7111,-74.0158,casual,1012
176132ed069f44f1,classic_bike,2024-06-01T21:10:27.000000,2024-06-01T21:34:27.000000,Broadway & E 14 St,5905.12,Grand Army Plaza & Plaza St West,4066.15,40.7345,-73.9907,40.6729,-73.9709,member,1440
b24d2a35e5304b87,electric_bike,2024-06-01T21:23:00.000000,2024-06-01T21:36:50.000000,Grand Army Plaza & Plaza St West,4066.15,Central Park S & 6 Ave,6904.04,40.6729,-73.9709,40.7659,-73.9764,casual,830
073bca43ad2a4a7c,classic_bike,2024-06-01T21:43:52.000000,2024-06-01T22:10:32.000000,West St & Chambers St,5470.10,Central Park S & 6 Ave,6904.04,40.7175,-74.0134,40.7659,-73.9764,casual,1600
7c2cfbcf0770418f,classic_bike,2024-06-01T21:47:34.000000,2024-06-01T22:01:34.000000,Broadway & E 14 St,5905.12,Bedford Ave & Nassau Ave,5525.04,40.7345,-73.9907,40.723,-73.9521,member,840
f9cf8499c9c14d45,electric_bike,2024-06-01T21:48:24.000000,2024-06-01T22:16:51.000000,Bedford Ave & Nassau Ave,5525.04,N 8 St & Driggs Ave,5453.07,40.723,-73.9521,40.7177,-73.956,member,1707
8857511761554667,classic_bike,2024-06-02T06:07:31.000000,2024-06-02T06:38:54.000000,8 Ave & W 31 St,6450.12,Lafayette St & E 8 St,5788.13,40.7502,-73.9978,40.7302,-73.991,casual,1883
84cfee39bf31429f,classic_bike,2024-06-02T06:10:06.000000,2024-06-02T06:29:45.000000,9 Ave & W 45 St,6717.06,E 17 St & Broadway,5905.14,40.7602,-73.9913,40.737,-73.9901,casual,1179
59ae73028ae3497e,electric_bike,2024-06-02T06:15:39.000000,2024-06-02T06:52:44.000000,1 Ave & E 68 St,6753.08,8 Ave & W 31 St,6450.12,40.7659,-73.9585,40.7502,-73.9978,casual,2225
cf2e329671844713,classic_bike,2024-06-02T06:22:04.000000,2024-06-02T06:37:33.000000,South End Ave & Liberty St,5303.06,E 47 St & Park Ave,6551.09,40.7111,-74.0158,40.7553,-73.9746,member,929
c6f903cf40274514,electric_bike,2024-06-02T06:35:04.000000,2024-06-02T06:41:52.000000,Bedford Ave & Nassau Ave,5525.04,8 Ave & W 31 St,6450.12,40.723,-73.9521,40.7502,-73.9978,member,408
0df407b827514b86,electric_bike,2024-06-02T06:50:25.000000,2024-06-02T07:29:56.000000,8 Ave & W 31 St,6450.12,West St & Chambers St,5470.10,40.7502,-73.9978,40.7175,-74.0134,member,2371
79ec958b4d264574,classic_bike,2024-06-02T06:53:10.000000,2024-06-02T07:26:50.000000,9 Ave & W 45 St,6717.06,E 47 St & Park Ave,6551.09,40.7602,-73.9913,40.7553,-73.9746,casual,2020
91b78d8ed3014989,electric_bike,2024-06-02T07:01:10.000000,2024-06-02T07:24:09.000000,E 47 St & Park Ave,6551.09,1 Ave & E 68 St,6753.08,40.7553,-73.9746,40.7659,-73.9585,casual,1379
929c93b333c04bf1,classic_bike,2024-06-02T07:03:53.000000,2024-06-02T07:43:16.000000,South End Ave & Liberty St,5303.06,Grand Army Plaza & Plaza St West,4066.15,40.7111,-74.0158,40.6729,-73.9709,member,2363
29aaaa7e483e46a1,classic_bike,2024-06-02T07:19:23.000000,2024-06-02T07:44:17.000000,8 Ave & W 31 St,6450.12,Broadway & E 14 St,5905.12,40.7502,-73.9978,40.7345,-73.9907,member,1494
a72bdddd511e4eb8,electric_bike,2024-06-02T07:21:10.000000,2024-06-02T07:46:37.000000,E 47 St & Park Ave,6551.09,South End Ave & Liberty St,5303.06,40.7553,-73.9746,40.7111,-74.0158,casual,1527
450f69eec2e74a98,classic_bike,2024-06-02T07:33:00.000000,2024-06-02T07:56:02.000000,Lafayette St & E 8 St,5788.13,Lafayette St & E 8 St,5788.13,40.7302,-73.991,40.7302,-73.991,member,1382
8618e40d15d64658,electric_bike,2024-06-02T07:33:07.000000,2024-06-02T08:05:47.000000,Bedford Ave & Nassau Ave,5525.04,Bedford Ave & Nassau Ave,5525.04,40.723,-73.9521,40.723,-73.9521,member,1960
c55be95d06bf49c4,electric_bike,2024-06-02T07:37:04.000000,2024-06-02T08:11:22.000000,1 Ave & E 68 St,6753.08,E 17 St & Broadway,5905.14,40.7659,-73.9585,40.737,-73.9901,member,2058
5efa9c5b74214f46,electric_bike,2024-06-02T07:39:15.000000,2024-06-02T08:17:56.000000,8 Ave & W 31 St,6450.12,Central Park S & 6 Ave,6904.04,40.7502,-73.9978,40.7659,-73.9764,member,2321
2ec3641124df4dcc,electric_bike,2024-06-02T07:57:06.000000,2024-06-02T08:36:05.000000,E 17 St & Broadway,5905.14,8 Ave & W 31 St,6450.12,40.737,-73.9901,40.7502,-73.9978,member,2339
7490adeb57d347d3,classic_bike,2024-06-02T07:58:53.000000,2024-06-02T08:10:33.000000,8 Ave & W 31 St,6450.12,E 17 St & Broadway,5905.14,40.7502,-73.9978,40.737,-73.9901,casual,700
592448ee7ac144f9,electric_bike,2024-06-02T07:59:52.000000,2024-06-02T08:10:49.000000,Central Park S & 6 Ave,6904.04,South End Ave & Liberty St,5303.06,40.7659,-73.9764,40.7111,-74.0158,casual,657
fe9fecaa61824347,electric_bike,2024-06-02T08:09:17.000000,2024-06-02T08:48:43.000000,Grand Army Plaza & Plaza St West,4066.15,1 Ave & E 68 St,6753.08,40.6729,-73.9709,40.7659,-73.9585,casual,2366
00af5b3a2812459a,electric_bike,2024-06-02T08:40:15.000000,2024-06-02T08:54:06.000000,8 Ave & W 31 St,6450.12,N 8 St & Driggs Ave,5453.07,40.7502,-73.9978,40.7177,-73.956,casual,831
f51124380d894ced,classic_bike,2024-06-02T09:17:39.000000,2024-06-02T09:56:38.000000,N 8 St & Driggs Ave,5453.07,Pier 40 - Hudson River Park,5573.05,40.7177,-73.956,40.7276,-74.0115,casual,2339
7316ce642a144a96,electric_bike,2024-06-02T09:27:08.000000,2024-06-02T09:36:34.000000,8 Ave & W 31 St,6450.12,West St & Chambers St,5470.10,40.7502,-73.9978,40.7175,-74.0134,casual,566
32e706298fad41a6,electric_bike,2024-06-02T09:43:14.000000,2024-06-02T10:19:43.000000,W 21 St & 6 Ave,6140.05,W 21 St & 6 Ave,6140.05,40.7418,-73.9945,40.7418,-73.9945,member,2189
aa03081bd4984a31,classic_bike,2024-06-02T09:45:56.000000,2024-06-02T09:54:31.000000,N 8 St & Driggs Ave,5453.07,N 8 St & Driggs Ave,5453.07,40.7177,-73.956,40.7177,-73.956,member,515
20168e6d4eb34f63,classic_bike,2024-06-02T09:47:08.000000,2024-06-02T09:58:51.000000,Bedford Ave & Nassau Ave,5525.04,E 47 St & Park Ave,6551.09,40.723,-73.9521,40.7553,-73.9746,member,703
3d85de89c2174429,electric_bike,2024-06-02T10:07:46.000000,2024-06-02T10:37:30.000000,Pier 40 - Hudson River Park,5573.05,West St & Chambers St,5470.10,40.7276,-74.0115,40.7175,-74.0134,casual,1784
f3981e9e7cb842a0,electric_bike,2024-06-02T10:16:06.000000,2024-06-02T10:31:34.000000,8 Ave & W 31 St,6450.12,N 8 St & Driggs Ave,5453.07,40.7502,-73.9978,40.7177,-73.956,casual,928
3ed5e52eaa3d4111,classic_bike,2024-06-02T10:32:23.000000,2024-06-02T11:02:42.000000,Pier 40 - Hudson River Park,5573.05,1 Ave & E 68 St,6753.08,40.7276,-74.0115,40.7659,-73.9585,casual,1819
979a7368bd964b0a,classic_bike,2024-06-02T10:57:05.000000,2024-06-02T11:06:41.000000,West St & Chambers St,5470.10,8 Ave & W 31 St,6450.12,40.7175,-74.0134,40.7502,-73.9978,member,576
1458771da27a4bda,classic_bike,2024-06-02T11:12:26.000000,2024-06-02T11:35:46.000000,N 8 St & Driggs Ave,5453.07,E 47 St & Park Ave,6551.09,40.7177,-73.956,40.7553,-73.9746,member,1400
bd717da335814632,classic_bike,2024-06-02T11:12:28.000000,2024-06-02T11:46:37.000000,Bedford Ave & Nassau Ave,5525.04,9 Ave & W 45 St,6717.06,40.723,-73.9521,40.7602,-73.9913,member,2049
d02ce0c154174a17,classic_bike,2024-06-02T11:17:35.000000,2024-06-02T11:45:17.000000,Grand Army Plaza & Plaza St West,4066.15,Bedford Ave & Nassau Ave,5525.04,40.6729,-73.9709,40.723,-73.9521,member,1662
b2ac4768f1224f43,electric_bike,2024-06-02T11:20:54.000000,2024-06-02T11:35:43.000000,Lafayette St & E 8 St,5788.13,9 Ave & W 45 St,6717.06,40.7302,-73.991,40.7602,-73.9913,member,889
6021a15b42074b51,classic_bike,2024-06-02T11:27:09.000000,2024-06-02T11:57:19.000000,8 Ave & W 31 St,6450.12,E 17 St & Broadway,5905.14,40.7502,-73.9978,40.737,-73.9901,member,1810
2faabe0bb7f64cdf,classic_bike,2024-06-02T11:38:10.000000,2024-06-02T12:11:29.000000,West St & Chambers St,5470.10,9 Ave & W 45 St,6717.06,40.7175,-74.0134,40.7602,-73.9913,casual,1999
c66a5821ceb742d6,classic_bike,2024-06-02T11:39:26.000000,2024-06-02T12:15:48.000000,Bedford Ave & Nassau Ave,5525.04,N 8 St & Driggs Ave,5453.07,40.723,-73.9521,40.7177,-73.956,member,2182
9803b22e7eec488d,classic_bike,2024-06-02T12:09:16.000000,2024-06-02T12:28:06.000000,Central Park S & 6 Ave,6904.04,9 Ave & W 45 St,6717.06,40.7659,-73.9764,40.7602,-73.9913,casual,1130
de6d4e2525754bd1,classic_bike,2024-06-02T12:11:58.000000,2024-06-02T12:36:44.000000,Lafayette St & E 8 St,5788.13,N 8 St & Driggs Ave,5453.07,40.7302,-73.991,40.7177,-73.956,casual,1486
94e74f2629b04b37,classic_bike,2024-06-02T12:22:32.000000,2024-06-02T12:25:43.000000,Bedford Ave & Nassau Ave,5525.04,E 47 St & Park Ave,6551.09,40.723,-73.9521,40.7553,-73.9746,member,191
6d07ee0b4bed423c,electric_bike,2024-06-02T12:34:57.000000,2024-06-02T12:59:40.000000,E 47 St & Park Ave,6551.09,N 8 St & Driggs Ave,5453.07,40.7553,-73.9746,40.7177,-73.956,member,1483
f5044d156fb148c2,electric_bike,2024-06-02T12:34:59.000000,2024-06-02T12:48:04.000000,South End Ave & Liberty St,5303.06,W 21 St & 6 Ave,6140.05,40.7111,-74.0158,40.7418,-73.9945,casual,785
e94d4fbe06534d47,electric_bike,2024-06-02T12:35:16.000000,2024-06-02T13:14:08.000000,South End Ave & Liberty St,5303.06,9 Ave & W 45 St,6717.06,40.7111,-74.0158,40.7602,-73.9913,casual,2332
7a3a6e9623ff43d3,electric_bike,2024-06-02T12:50:42.000000,2024-06-02T12:59:12.000000,Pier 40 - Hudson River Park,5573.05,Lafayette St & E 8 St,5788.13,40.7276,-74.0115,40.7302,-73.991,member,510
797209c040b344f8,classic_bike,2024-06-02T13:06:28.000000,2024-06-02T13:34:25.000000,W 21 St & 6 Ave,6140.05,Bedford Ave & Nassau Ave,5525.04,40.7418,-73.9945,40.723,-73.9521,member,1677
b6ddbd11ae864837,classic_bike,2024-06-02T13:11:31.000000,2024-06-02T13:51:04.000000,N 8 St & Driggs Ave,5453.07,8 Ave & W 31 St,6450.12,40.7177,-73.956,40.7502,-73.9978,casual,2373
e8f2c584ccca4e14,electric_bike,2024-06-02T13:12:40.000000,2024-06-02T13:31:01.000000,West St & Chambers St,5470.10,8 Ave & W 31 St,6450.12,40.7175,-74.0134,40.7502,-73.9978,casual,1101
e604bfbe83aa422f,classic_bike,2024-06-02T13:21:31.000000,2024-06-02T13:37:00.000000,Lafayette St & E 8 St,5788.13,W 21 St & 6 Ave,6140.05,40.7302,-73.991,40.7418,-73.9945,casual,929
0b7059334cde4b6b,classic_bike,2024-06-02T13:28:46.000000,2024-06-02T14:01:39.000000,Lafayette St & E 8 St,5788.13,Central Park S & 6 Ave,6904.04,40.7302,-73.991,40.7659,-73.9764,member,1973
d43cdd6de0c14f1e,classic_bike,2024-06-02T13:40:29.000000,2024-06-02T14:17:48.000000,Lafayette St & E 8 St,5788.13,N 8 St & Driggs Ave,5453.07,40.7302,-73.991,40.7177,-73.956,member,2239
44f20d97f4884671,classic_bike,2024-06-02T13:51:53.000000,2024-06-02T14:26:38.000000,1 Ave & E 68 St,6753.08,W 21 St & 6 Ave,6140.05,40.7659,-73.9585,40.7418,-73.9945,casual,2085
0e614bcd97674900,electric_bike,2024-06-02T14:00:28.000000,2024-06-02T14:23:08.000000,1 Ave & E 68 St,6753.08,Central Park S & 6 Ave,6904.04,40.7659,-73.9585,40.7659,-73.9764,member,1360
40b550232a324553,classic_bike,2024-06-02T14:36:49.000000,2024-06-02T15:01:04.000000,Broadway & E 14 St,5905.12,9 Ave & W 45 St,6717.06,40.7345,-73.9907,40.7602,-73.9913,member,1455
1b341937c8e64939,electric_bike,2024-06-02T14:43:46.000000,2024-06-02T14:53:48.000000,E 17 St & Broadway,5905.14,E 47 St & Park Ave,6551.09,40.737,-73.9901,40.7553,-73.9746,member,602
f6121d2cae7340eb,electric_bike,2024-06-02T14:53:42.000000,2024-06-02T15:09:55.000000,Bedford Ave & Nassau Ave,5525.04,9 Ave & W 45 St,6717.06,40.723,-73.9521,40.7602,-73.9913,casual,973
59e1ac0959704859,classic_bike,2024-06-02T15:03:32.000000,2024-06-02T15:18:46.000000,Pier 40 - Hudson River Park,5573.05,N 8 St & Driggs Ave,5453.07,40.7276,-74.0115,40.7177,-73.956,member,914
4005353dd76f4e65,electric_bike,2024-06-02T15:16:30.000000,2024-06-02T15:30:53.000000,9 Ave & W 45 St,6717.06,E 17 St & Broadway,5905.14,40.7602,-73.9913,40.737,-73.9901,member,863
1df44d3ef26f4b19,electric_bike,2024-06-02T15:32:04.000000,2024-06-02T16:08:24.000000,E 17 St & Broadway,5905.14,Pier 40 - Hudson River Park,5573.05,40.737,-73.9901,40.7276,-74.0115,casual,2180
c8ee46bf571f4cdb,electric_bike,2024-06-02T15:35:14.000000,2024-06-02T16:10:26.000000,Grand Army Plaza & Plaza St West,4066.15,West St & Chambers St,5470.10,40.6729,-73.9709,40.7175,-74.0134,member,2112
4d3485c5c5c14eb4,classic_bike,2024-06-02T16:06:44.000000,2024-06-02T16:25:18.000000,Bedford Ave & Nassau Ave,5525.04,West St & Chambers St,5470.10,40.723,-73.9521,40.7175,-74.0134,member,1114
df495037b40a4181,classic_bike,2024-06-02T16:08:02.000000,2024-06-02T16:40:30.000000,West St & Chambers St,5470.10,Broadway & E 14 St,5905.12,40.7175,-74.0134,40.7345,-73.9907,member,1948
cecea5d35ea949ef,classic_bike,2024-06-02T16:18:11.000000,2024-06-02T16:30:30.000000,W 21 St & 6 Ave,6140.05,Bedford Ave & Nassau Ave,5525.04,40.7418,-73.9945,40.723,-73.9521,casual,739
7f671eec3da74577,classic_bike,2024-06-02T16:24:55.000000,2024-06-02T16:53:01.000000,1 Ave & E 68 St,6753.08,1 Ave & E 68 St,6753.08,40.7659,-73.9585,40.7659,-73.9585,member,1686
c5346e4176d64c39,classic_bike,2024-06-02T16:33:23.000000,2024-06-02T17:12:13.000000,Broadway & E 14 St,5905.12,Pier 40 - Hudson River Park,5573.05,40.7345,-73.9907,40.7276,-74.0115,casual,2330
83c5c5100e084343,electric_bike,2024-06-02T16:35:56.000000,2024-06-02T17:00:51.000000,9 Ave & W 45 St,6717.06,N 8 St & Driggs Ave,5453.07,40.7602,-73.9913,40.7177,-73.956,member,1495
a54427ecb2614d5c,classic_bike,2024-06-02T16:44:46.000000,2024-06-02T17:05:09.000000,Pier 40 - Hudson River Park,5573.05,West St & Chambers St,5470.10,40.7276,-74.0115,40.7175,-74.0134,casual,1223
7ee667ded93e4a4d,electric_bike,2024-06-02T16:45:54.000000,2024-06-02T17:17:22.000000,Lafayette St & E 8 St,5788.13,W 21 St & 6 Ave,6140.05,40.7302,-73.991,40.7418,-73.9945,member,1888
4739cc7bbff34c8d,electric_bike,2024-06-02T16:48:50.000000,2024-06-02T16:57:11.000000,E 17 St & Broadway,5905.14,Central Park S & 6 Ave,6904.04,40.737,-73.9901,40.7659,-73.9764,casual,501
663b4427bef7410a,classic_bike,2024-06-02T16:54:44.000000,2024-06-02T17:28:15.000000,Central Park S & 6 Ave,6904.04,W 21 St & 6 Ave,6140.05,40.7659,-73.9764,40.7418,-73.9945,casual,2011
15669e364708403b,electric_bike,2024-06-02T16:55:34.000000,2024-06-02T17:34:16.000000,Bedford Ave & Nassau Ave,5525.04,E 17 St & Broadway,5905.14,40.723,-73.9521,40.737,-73.9901,member,2322
f9619ae2960e4c1a,classic_bike,2024-06-02T16:59:45.000000,2024-06-02T17:27:59.000000,Broadway & E 14 St,5905.12,9 Ave & W 45 St,6717.06,40.7345,-73.9907,40.7602,-73.9913,member,1694
d9af6e09b91e4d6e,classic_bike,2024-06-02T17:07:36.000000,2024-06-02T17:25:27.000000,South End Ave & Liberty St,5303.06,9 Ave & W 45 St,6717.06,40.7111,-74.0158,40.7602,-73.9913,member,1071
d9178793a9d342e6,classic_bike,2024-06-02T17:20:58.000000,2024-06-02T17:45:30.000000,Lafayette St & E 8 St,5788.13,E 17 St & Broadway,5905.14,40.7302,-73.991,40.737,-73.9901,casual,1472
9b125dfb2804435a,electric_bike,2024-06-02T17:23:30.000000,2024-06-02T17:34:18.000000,Bedford Ave & Nassau Ave,5525.04,Bedford Ave & Nassau Ave,5525.04,40.723,-73.9521,40.723,-73.9521,member,648
9a760ea9b06349a0,electric_bike,2024-06-02T17:31:35.000000,2024-06-02T17:45:42.000000,Broadway & E 14 St,5905.12,1 Ave & E 68 St,6753.08,40.7345,-73.9907,40.7659,-73.9585,member,847
cad04982ceb24a32,electric_bike,2024-06-02T18:03:41.000000,2024-06-02T18:25:03.000000,1 Ave & E 68 St,6753.08,South End Ave & Liberty St,5303.06,40.7659,-73.9585,40.7111,-74.0158,member,1282
603ecfef21414a14,classic_bike,2024-06-02T18:05:07.000000,2024-06-02T18:13:00.000000,Grand Army Plaza & Plaza St West,4066.15,N 8 St & Driggs Ave,5453.07,40.6729,-73.9709,40.7177,-73.956,member,473
240f92a4a77a48cb,classic_bike,2024-06-02T18:15:14.000000,2024-06-02T18:31:57.000000,South End Ave & Liberty St,5303.06,N 8 St & Driggs Ave,5453.07,40.7111,-74.0158,40.7177,-73.956,casual,1003
f36cb62b892e4161,classic_bike,2024-06-02T18:18:12.000000,2024-06-02T18:41:44.000000,8 Ave & W 31 St,6450.12,West St & Chambers St,5470.10,40.7502,-73.9978,40.7175,-74.0134,member,1412
47354e4ff85b4d0a,classic_bike,2024-06-02T18:49:31.000000,2024-06-02T19:13:24.000000,E 47 St & Park Ave,6551.09,1 Ave & E 68 St,6753.08,40.7553,-73.9746,40.7659,-73.9585,member,1433
8d87b7be271d40f1,classic_bike,2024-06-02T18:57:58.000000,2024-06-02T19:20:27.000000,E 17 St & Broadway,5905.14,E 47 St & Park Ave,6551.09,40.737,-73.9901,40.7553,-73.9746,casual,1349
49d0aac1a78e437c,electric_bike,2024-06-02T19:12:44.000000,2024-06-02T19:43:15.000000,W 21 St & 6 Ave,6140.05,Broadway & E 14 St,5905.12,40.7418,-73.9945,40.7345,-73.9907,member,1831
ab8e77a128e64130,classic_bike,2024-06-02T19:35:09.000000,2024-06-02T20:09:32.000000,W 21 St & 6 Ave,6140.05,West St & Chambers St,5470.10,40.7418,-73.9945,40.7175,-74.0134,member,2063
42d943ee51974e75,classic_bike,2024-06-02T19:38:54.000000,2024-06-02T19:43:10.000000,1 Ave & E 68 St,6753.08,Central Park S & 6 Ave,6904.04,40.7659,-73.9585,40.7659,-73.9764,member,256
ed2eebea69b74533,electric_bike,2024-06-02T20:02:49.000000,2024-06-02T20:38:22.000000,8 Ave & W 31 St,6450.12,E 47 St & Park Ave,6551.09,40.7502,-73.9978,40.7553,-73.9746,casual,2133
49c8a43f7ed74ed7,electric_bike,2024-06-02T20:38:10.000000,2024-06-02T21:02:40.000000,Lafayette St & E 8 St,5788.13,N 8 St & Driggs Ave,5453.07,40.7302,-73.991,40.7177,-73.956,member,1470
be0f051b1b6645a9,classic_bike,2024-06-02T20:59:08.000000,2024-06-02T21:19:11.000000,South End Ave & Liberty St,5303.06,N 8 St & Driggs Ave,5453.07,40.7111,-74.0158,40.7177,-73.956,casual,1203
1ecf8aec9a114df4,classic_bike,2024-06-02T21:08:06.000000,2024-06-02T21:19:00.000000,Grand Army Plaza & Plaza St West,4066.15,E 17 St & Broadway,5905.14,40.6729,-73.9709,40.737,-73.9901,member,654
4c01f701c0d04553,classic_bike,2024-06-02T21:16:57.000000,2024-06-02T21:48:12.000000,E 47 St & Park Ave,6551.09,W 21 St & 6 Ave,6140.05,40.7553,-73.9746,40.7418,-73.9945,member,1875
bae1e13796ee40e5,electric_bike,2024-06-02T21:18:06.000000,2024-06-02T21:29:39.000000,E 47 St & Park Ave,6551.09,West St & Chambers St,5470.10,40.7553,-73.9746,40.7175,-74.0134,casual,693
40cbe188c3f04ac3,classic_bike,2024-06-02T21:20:08.000000,2024-06-02T21:35:58.000000,N 8 St & Driggs Ave,5453.07,1 Ave & E 68 St,6753.08,40.7177,-73.956,40.7659,-73.9585,casual,950
c78f07cf170f487b,classic_bike,2024-06-02T21:28:07.000000,2024-06-02T22:03:50.000000,W 21 St & 6 Ave,6140.05,N 8 St & Driggs Ave,5453.07,40.7418,-73.9945,40.7177,-73.956,member,2143
20b6d43cfbf34106,electric_bike,2024-06-02T21:28:51.000000,2024-06-02T22:03:27.000000,Central Park S & 6 Ave,6904.04,E 17 St & Broadway,5905.14,40.7659,-73.9764,40.737,-73.9901,member,2076
a8d992924a854443,classic_bike,2024-06-02T21:33:24.000000,2024-06-02T21:54:46.000000,1 Ave & E 68 St,6753.08,West St & Chambers St,5470.10,40.7659,-73.9585,40.7175,-74.0134,casual,1282
c4db5a622e13418d,classic_bike,2024-06-02T21:56:30.000000,2024-06-02T22:00:39.000000,Pier 40 - Hudson River Park,5573.05,W 21 St & 6 Ave,6140.05,40.7276,-74.0115,40.7418,-73.9945,casual,249
c9254bb54fc34d4e,electric_bike,2024-06-03T06:15:31.000000,2024-06-03T06:32:20.000000,West St & Chambers St,5470.10,Broadway & E 14 St,5905.12,40.7175,-74.0134,40.7345,-73.9907,casual,1009
a4f0708a2d0d4e1d,classic_bike,2024-06-03T06:29:16.000000,2024-06-03T06:50:13.000000,1 Ave & E 68 St,6753.08,8 Ave & W 31 St,6450.12,40.7659,-73.9585,40.7502,-73.9978,casual,1257
85d2d0a686294b5d,classic_bike,2024-06-03T06:40:15.000000,2024-06-03T07:12:08.000000,Pier 40 - Hudson River Park,5573.05,N 8 St & Driggs Ave,5453.07,40.7276,-74.0115,40.7177,-73.956,casual,1913
16ccb813263543ba,electric_bike,2024-06-03T06:50:25.000000,2024-06-03T07:21:41.000000,Bedford Ave & Nassau Ave,5525.04,E 47 St & Park Ave,6551.09,40.723,-73.9521,40.7553,-73.9746,member,1876
29debccc429e49bd,electric_bike,2024-06-03T06:55:14.000000,2024-06-03T07:09:44.000000,W 21 St & 6 Ave,6140.05,West St & Chambers St,5470.10,40.7418,-73.9945,40.7175,-74.0134,casual,870
1de95c7242a947e5,electric_bike,2024-06-03T07:31:20.000000,2024-06-03T08:09:32.000000,South End Ave & Liberty St,5303.06,Central Park S & 6 Ave,6904.04,40.7111,-74.0158,40.7659,-73.9764,member,2292
cb93dab6dcb94394,classic_bike,2024-06-03T07:41:20.000000,2024-06-03T07:47:40.000000,8 Ave & W 31 St,6450.12,Grand Army Plaza & Plaza St West,4066.15,40.7502,-73.9978,40.6729,-73.9709,casual,380
cd04c00156a34ccc,classic_bike,2024-06-03T07:42:13.000000,2024-06-03T08:18:55.000000,9 Ave & W 45 St,6717.06,Bedford Ave & Nassau Ave,5525.04,40.7602,-73.9913,40.723,-73.9521,member,2202
6b2d9ccc6279403c,classic_bike,2024-06-03T07:46:24.000000,2024-06-03T08:10:22.000000,Bedford Ave & Nassau Ave,5525.04,E 47 St & Park Ave,6551.09,40.723,-73.9521,40.7553,-73.9746,casual,1438
811db4afe8ca4483,electric_bike,2024-06-03T07:51:01.000000,2024-06-03T08:06:49.000000,E 17 St & Broadway,5905.14,E 17 St & Broadway,5905.14,40.737,-73.9901,40.737,-73.9901,member,948
17b4e75be9d14ec2,electric_bike,2024-06-03T07:54:23.000000,2024-06-03T07:58:56.000000,Pier 40 - Hudson River Park,5573.05,8 Ave & W 31 St,6450.12,40.7276,-74.0115,40.7502,-73.9978,member,273
c7903dc5900c4af7,classic_bike,2024-06-03T08:31:36.000000,2024-06-03T08:40:26.000000,Broadway & E 14 St,5905.12,E 17 St & Broadway,5905.14,40.7345,-73.9907,40.737,-73.9901,casual,530
5675c8f3104c4350,electric_bike,2024-06-03T08:58:52.000000,2024-06-03T09:35:14.000000,Lafayette St & E 8 St,5788.13,N 8 St & Driggs Ave,5453.07,40.7302,-73.991,40.7177,-73.956,member,2182
5be9fdb3dd924d7c,classic_bike,2024-06-03T09:11:20.000000,2024-06-03T09:44:07.000000,Central Park S & 6 Ave,6904.04,8 Ave & W 31 St,6450.12,40.7659,-73.9764,40.7502,-73.9978,casual,1967
c737327ade34406a,classic_bike,2024-06-03T10:22:01.000000,2024-06-03T11:00:42.000000,Bedford Ave & Nassau Ave,5525.04,8 Ave & W 31 St,6450.12,40.723,-73.9521,40.7502,-73.9978,casual,2321
177a8a5f6ffe43b3,classic_bike,2024-06-03T10:39:28.000000,2024-06-03T11:16:30.000000,Broadway & E 14 St,5905.12,9 Ave & W 45 St,6717.06,40.7345,-73.9907,40.7602,-73.9913,casual,2222
b273f93c1cad448a,classic_bike,2024-06-03T10:55:04.000000,2024-06-03T11:04:31.000000,E 17 St & Broadway,5905.14,South End Ave & Liberty St,5303.06,40.737,-73.9901,40.7111,-74.0158,casual,567
f96b648a0ba64ab9,classic_bike,2024-06-03T11:09:00.000000,2024-06-03T11:47:27.000000,West St & Chambers St,5470.10,Lafayette St & E 8 St,5788.13,40.7175,-74.0134,40.7302,-73.991,casual,2307
d066ad21af7d4f21,electric_bike,2024-06-03T11:15:25.000000,2024-06-03T11:22:10.000000,E 47 St & Park Ave,6551.09,Central Park S & 6 Ave,6904.04,40.7553,-73.9746,40.7659,-73.9764,casual,405
91a07ef21c004554,electric_bike,2024-06-03T11:19:45.000000,2024-06-03T11:48:18.000000,Central Park S & 6 Ave,6904.04,E 17 St & Broadway,5905.14,40.7659,-73.9764,40.737,-73.9901,casual,1713
b734d4677bb94b07,electric_bike,2024-06-03T11:29:45.000000,2024-06-03T11:57:16.000000,Pier 40 - Hudson River Park,5573.05,Central Park S & 6 Ave,6904.04,40.7276,-74.0115,40.7659,-73.9764,casual,1651
51cbf9e5fb7d4ba1,classic_bike,2024-06-03T11:39:47.000000,2024-06-03T11:47:05.000000,South End Ave & Liberty St,5303.06,Central Park S & 6 Ave,6904.04,40.7111,-74.0158,40.7659,-73.9764,member,438
6e4f8ea3f0ad46f7,classic_bike,2024-06-03T11:47:18.000000,2024-06-03T12:13:53.000000,Central Park S & 6 Ave,6904.04,9 Ave & W 45 St,6717.06,40.7659,-73.9764,40.7602,-73.9913,casual,1595
98a21f1c914d4fae,classic_bike,2024-06-03T12:18:19.000000,2024-06-03T12:42:27.000000,Central Park S & 6 Ave,6904.04,Lafayette St & E 8 St,5788.13,40.7659,-73.9764,40.7302,-73.991,member,1448
176617957ffa4493,electric_bike,2024-06-03T12:20:49.000000,2024-06-03T12:28:55.000000,Bedford Ave & Nassau Ave,5525.04,Grand Army Plaza & Plaza St West,4066.15,40.723,-73.9521,40.6729,-73.9709,member,486
9f8c2c519f3946a5,classic_bike,2024-06-03T12:31:38.000000,2024-06-03T12:55:57.000000,N 8 St & Driggs Ave,5453.07,W 21 St & 6 Ave,6140.05,40.7177,-73.956,40.7418,-73.9945,member,1459
aa8c662d290a4d67,classic_bike,2024-06-03T12:44:26.000000,2024-06-03T13:09:02.000000,8 Ave & W 31 St,6450.12,W 21 St & 6 Ave,6140.05,40.7502,-73.9978,40.7418,-73.9945,casual,1476
615eca800d0b4920,electric_bike,2024-06-03T13:16:01.000000,2024-06-03T13:31:38.000000,West St & Chambers St,5470.10,South End Ave & Liberty St,5303.06,40.7175,-74.0134,40.7111,-74.0158,casual,937
47e321c2a4ba48bf,classic_bike,2024-06-03T13:30:10.000000,2024-06-03T13:47:52.000000,Pier 40 - Hudson River Park,5573.05,South End Ave & Liberty St,5303.06,40.7276,-74.0115,40.7111,-74.0158,member,1062
eb7e2e6426c0447e,electric_bike,2024-06-03T13:30:22.000000,2024-06-03T13:46:54.000000,Grand Army Plaza & Plaza St West,4066.15,N 8 St & Driggs Ave,5453.07,40.6729,-73.9709,40.7177,-73.956,casual,992
450ab36df9be47f3,classic_bike,2024-06-03T13:48:46.000000,2024-06-03T14:04:01.000000,E 17 St & Broadway,5905.14,Lafayette St & E 8 St,5788.13,40.737,-73.9901,40.7302,-73.991,casual,915
226cbc6a7fe544b6,electric_bike,2024-06-03T14:04:51.000000,2024-06-03T14:07:30.000000,9 Ave & W 45 St,6717.06,Bedford Ave & Nassau Ave,5525.04,40.7602,-73.9913,40.723,-73.9521,casual,159
80da2ed7880b4b0e,classic_bike,2024-06-03T14:07:57.000000,2024-06-03T14:12:36.000000,Grand Army Plaza & Plaza St West,4066.15,Broadway & E 14 St,5905.12,40.6729,-73.9709,40.7345,-73.9907,member,279
09912f464ce6428b,electric_bike,2024-06-03T14:19:52.000000,2024-06-03T14:28:22.000000,9 Ave & W 45 St,6717.06,Central Park S & 6 Ave,6904.04,40.7602,-73.9913,40.7659,-73.9764,member,510
5a2c41bcc2c246ff,electric_bike,2024-06-03T14:35:34.000000,2024-06-03T14:59:34.000000,Bedford Ave & Nassau Ave,5525.04,N 8 St & Driggs Ave,5453.07,40.723,-73.9521,40.7177,-73.956,casual,1440
47edc6dd9da44c0f,electric_bike,2024-06-03T14:37:04.000000,2024-06-03T14:58:02.000000,Central Park S & 6 Ave,6904.04,Broadway & E 14 St,5905.12,40.7659,-73.9764,40.7345,-73.9907,casual,1258
a9681fc1ba5c465d,electric_bike,2024-06-03T14:49:25.000000,2024-06-03T14:52:41.000000,8 Ave & W 31 St,6450.12,South End Ave & Liberty St,5303.06,40.7502,-73.9978,40.7111,-74.0158,member,196
5b59f28ea9de4b26,electric_bike,2024-06-03T14:59:53.000000,2024-06-03T15:13:31.000000,N 8 St & Driggs Ave,5453.07,1 Ave & E 68 St,6753.08,40.7177,-73.956,40.7659,-73.9585,casual,818
ee5a88566791459c,electric_bike,2024-06-03T15:06:19.000000,2024-06-03T15:16:36.000000,Central Park S & 6 Ave,6904.04,Pier 40 - Hudson River Park,5573.05,40.7659,-73.9764,40.7276,-74.0115,member,617
451b4cf361234df7,classic_bike,2024-06-03T15:06:46.000000,2024-06-03T15:25:28.000000,Grand Army Plaza & Plaza St West,4066.15,N 8 St & Driggs Ave,5453.07,40.6729,-73.9709,40.7177,-73.956,casual,1122
a801f15e7046425d,electric_bike,2024-06-03T15:09:51.000000,2024-06-03T15:30:14.000000,E 17 St & Broadway,5905.14,South End Ave & Liberty St,5303.06,40.737,-73.9901,40.7111,-74.0158,member,1223
ccc4c0a9af5a41cc,electric_bike,2024-06-03T15:16:20.000000,2024-06-03T15:39:55.000000,Grand Army Plaza & Plaza St West,4066.15,9 Ave & W 45 St,6717.06,40.6729,-73.9709,40.7602,-73.9913,casual,1415
88adb388287e4086,electric_bike,2024-06-03T15:23:25.000000,2024-06-03T15:59:52.000000,1 Ave & E 68 St,6753.08,9 Ave & W 45 St,6717.06,40.7659,-73.9585,40.7602,-73.9913,casual,2187
aebbb90ee4e741de,classic_bike,2024-06-03T15:39:54.000000,2024-06-03T16:15:01.000000,Pier 40 - Hudson River Park,5573.05,Grand Army Plaza & Plaza St West,4066.15,40.7276,-74.0115,40.6729,-73.9709,member,2107
8991b01aa2b04c4b,classic_bike,2024-06-03T15:48:24.000000,2024-06-03T16:19:16.000000,E 17 St & Broadway,5905.14,Grand Army Plaza & Plaza St West,4066.15,40.737,-73.9901,40.6729,-73.9709,member,1852
6d1e0d7d140246ee,electric_bike,2024-06-03T16:06:35.000000,2024-06-03T16:22:32.000000,1 Ave & E 68 St,6753.08,Broadway & E 14 St,5905.12,40.7659,-73.9585,40.7345,-73.9907,casual,957
907bfe36978648f8,classic_bike,2024-06-03T16:37:34.000000,2024-06-03T16:41:24.000000,E 47 St & Park Ave,6551.09,Central Park S & 6 Ave,6904.04,40.7553,-73.9746,40.7659,-73.9764,member,230
ba751921283348ea,electric_bike,2024-06-03T16:45:07.000000,2024-06-03T17:01:08.000000,Pier 40 - Hudson River Park,5573.05,Broadway & E 14 St,5905.12,40.7276,-74.0115,40.7345,-73.9907,casual,961
d391d017dbd4486d,classic_bike,2024-06-03T17:01:38.000000,2024-06-03T17:09:13.000000,Pier 40 - Hudson River Park,5573.05,Broadway & E 14 St,5905.12,40.7276,-74.0115,40.7345,-73.9907,member,455
63f6bf77aa234ba2,electric_bike,2024-06-03T17:08:40.000000,2024-06-03T17:10:43.000000,South End Ave & Liberty St,5303.06,Central Park S & 6 Ave,6904.04,40.7111,-74.0158,40.7659,-73.9764,member,123
88702ae78ead4a9a,classic_bike,2024-06-03T17:11:59.000000,2024-06-03T17:24:46.000000,South End Ave & Liberty St,5303.06,9 Ave & W 45 St,6717.06,40.7111,-74.0158,40.7602,-73.9913,member,767
0f9aeb7046704cd6,classic_bike,2024-06-03T17:16:33.000000,2024-06-03T17:33:38.000000,8 Ave & W 31 St,6450.12,South End Ave & Liberty St,5303.06,40.7502,-73.9978,40.7111,-74.0158,casual,1025
11536e995c504720,classic_bike,2024-06-03T17:20:42.000000,2024-06-03T17:28:32.000000,Grand Army Plaza & Plaza St West,4066.15,E 17 St & Broadway,5905.14,40.6729,-73.9709,40.737,-73.9901,casual,470
f2cfcd6380ab4b7f,classic_bike,2024-06-03T18:00:08.000000,2024-06-03T18:15:39.000000,1 Ave & E 68 St,6753.08,Lafayette St & E 8 St,5788.13,40.7659,-73.9585,40.7302,-73.991,casual,931
f610f40d69fe490f,electric_bike,2024-06-03T18:24:01.000000,2024-06-03T18:47:46.000000,Lafayette St & E 8 St,5788.13,E 47 St & Park Ave,6551.09,40.7302,-73.991,40.7553,-73.9746,casual,1425
624d347360bc4cbc,classic_bike,2024-06-03T18:24:48.000000,2024-06-03T18:27:36.000000,Bedford Ave & Nassau Ave,5525.04,Pier 40 - Hudson River Park,5573.05,40.723,-73.9521,40.7276,-74.0115,member,168
0279b6a68f9747b0,classic_bike,2024-06-03T18:39:28.000000,2024-06-03T19:19:07.000000,N 8 St & Driggs Ave,5453.07,8 Ave & W 31 St,6450.12,40.7177,-73.956,40.7502,-73.9978,member,2379
3aeceaf85a0040f2,classic_bike,2024-06-03T18:49:05.000000,2024-06-03T19:11:13.000000,Pier 40 - Hudson River Park,5573.05,Broadway & E 14 St,5905.12,40.7276,-74.0115,40.7345,-73.9907,casual,1328
b73c62abfe4c4fed,classic_bike,2024-06-03T18:51:42.000000,2024-06-03T18:59:48.000000,West St & Chambers St,5470.10,West St & Chambers St,5470.10,40.7175,-74.0134,40.7175,-74.0134,member,486
8eac0a33cdf944a7,electric_bike,2024-06-03T18:52:14.000000,2024-06-03T19:21:21.000000,Central Park S & 6 Ave,6904.04,Broadway & E 14 St,5905.12,40.7659,-73.9764,40.7345,-73.9907,member,1747
e7e646c701584463,classic_bike,2024-06-03T18:57:45.000000,2024-06-03T19:31:46.000000,Bedford Ave & Nassau Ave,5525.04,E 47 St & Park Ave,6551.09,40.723,-73.9521,40.7553,-73.9746,member,2041
0387f74d11494096,electric_bike,2024-06-03T19:01:30.000000,2024-06-03T19:08:28.000000,Pier 40 - Hudson River Park,5573.05,N 8 St & Driggs Ave,5453.07,40.7276,-74.0115,40.7177,-73.956,member,418
baebe15d4f3c4771,electric_bike,2024-06-03T19:07:45.000000,2024-06-03T19:13:15.000000,E 47 St & Park Ave,6551.09,1 Ave & E 68 St,6753.08,40.7553,-73.9746,40.7659,-73.9585,casual,330
59cf0b0d91f0447d,electric_bike,2024-06-03T19:23:13.000000,2024-06-03T19:39:20.000000,1 Ave & E 68 St,6753.08,Grand Army Plaza & Plaza St West,4066.15,40.7659,-73.9585,40.6729,-73.9709,member,967
5fcf3219b1c14d4b,electric_bike,2024-06-03T19:33:12.000000,2024-06-03T19:48:17.000000,Broadway & E 14 St,5905.12,1 Ave & E 68 St,6753.08,40.7345,-73.9907,40.7659,-73.9585,casual,905
7570d730e5e74add,electric_bike,2024-06-03T19:41:27.000000,2024-06-03T20:11:40.000000,9 Ave & W 45 St,6717.06,West St & Chambers St,5470.10,40.7602,-73.9913,40.7175,-74.0134,member,1813
f7ba19f9802a43cc,electric_bike,2024-06-03T20:09:27.000000,2024-06-03T20:28:42.000000,South End Ave & Liberty St,5303.06,E 17 St & Broadway,5905.14,40.7111,-74.0158,40.737,-73.9901,casual,1155
1d3ae1311b384581,electric_bike,2024-06-03T20:15:37.000000,2024-06-03T20:21:58.000000,Central Park S & 6 Ave,6904.04,Grand Army Plaza & Plaza St West,4066.15,40.7659,-73.9764,40.6729,-73.9709,member,381
71f2ce8fb69f48c3,classic_bike,2024-06-03T20:33:04.000000,2024-06-03T21:05:55.000000,West St & Chambers St,5470.10,Broadway & E 14 St,5905.12,40.7175,-74.0134,40.7345,-73.9907,casual,1971
4f908490006e4070,classic_bike,2024-06-03T20:33:20.000000,2024-06-03T21:01:17.000000,Grand Army Plaza & Plaza St West,4066.15,Lafayette St & E 8 St,5788.13,40.6729,-73.9709,40.7302,-73.991,member,1677
53cd6268610c4373,classic_bike,2024-06-03T20:47:29.000000,2024-06-03T21:01:53.000000,N 8 St & Driggs Ave,5453.07,E 17 St & Broadway,5905.14,40.7177,-73.956,40.737,-73.9901,casual,864
3a0e618f428f4941,electric_bike,2024-06-03T21:19:50.000000,2024-06-03T21:42:45.000000,8 Ave & W 31 St,6450.12,Grand Army Plaza & Plaza St West,4066.15,40.7502,-73.9978,40.6729,-73.9709,casual,1375
f00f63efe59f41c2,electric_bike,2024-06-03T21:23:38.000000,2024-06-03T22:02:26.000000,Central Park S & 6 Ave,6904.04,N 8 St & Driggs Ave,5453.07,40.7659,-73.9764,40.7177,-73.956,casual,2328
a4f954fcc44941b6,electric_bike,2024-06-03T21:37:28.000000,2024-06-03T22:01:07.000000,West St & Chambers St,5470.10,E 47 St & Park Ave,6551.09,40.7175,-74.0134,40.7553,-73.9746,member,1419
1e30614fcbf64a23,classic_bike,2024-06-04T06:01:07.000000,2024-06-04T06:04:45.000000,Bedford Ave & Nassau Ave,5525.04,8 Ave & W 31 St,6450.12,40.723,-73.9521,40.7502,-73.9978,casual,218
32f8dbabb46243e8,electric_bike,2024-06-04T06:33:29.000000,2024-06-04T06:38:56.000000,E 47 St & Park Ave,6551.09,W 21 St & 6 Ave,6140.05,40.7553,-73.9746,40.7418,-73.9945,casual,327
eef1669450ca432d,electric_bike,2024-06-04T06:44:50.000000,2024-06-04T07:00:27.000000,W 21 St & 6 Ave,6140.05,8 Ave & W 31 St,6450.12,40.7418,-73.9945,40.7502,-73.9978,casual,937
b436e8fbb21e4fab,classic_bike,2024-06-04T06:57:47.000000,2024-06-04T07:09:11.000000,West St & Chambers St,5470.10,E 47 St & Park Ave,6551.09,40.7175,-74.0134,40.7553,-73.9746,casual,684
e8bcd007747c4690,electric_bike,2024-06-04T07:11:09.000000,2024-06-04T07:18:04.000000,N 8 St & Driggs Ave,5453.07,Grand Army Plaza & Plaza St West,4066.15,40.7177,-73.956,40.6729,-73.9709,member,415
8c61e59faf194390,electric_bike,2024-06-04T07:19:17.000000,2024-06-04T07:29:47.000000,W 21 St & 6 Ave,6140.05,Grand Army Plaza & Plaza St West,4066.15,40.7418,-73.9945,40.6729,-73.9709,member,630
f32ede3c68184f5b,classic_bike,2024-06-04T07:25:35.000000,2024-06-04T07:28:25.000000,Central Park S & 6 Ave,6904.04,Central Park S & 6 Ave,6904.04,40.7659,-73.9764,40.7659,-73.9764,member,170
1e4c3fdf556e4ce4,electric_bike,2024-06-04T07:44:18.000000,2024-06-04T08:10:41.000000,1 Ave & E 68 St,6753.08,Broadway & E 14 St,5905.12,40.7659,-73.9585,40.7345,-73.9907,member,1583
8de08fc2c3e14a85,classic_bike,2024-06-04T08:08:50.000000,2024-06-04T08:24:50.000000,9 Ave & W 45 St,6717.06,Lafayette St & E 8 St,5788.13,40.7602,-73.9913,40.7302,-73.991,member,960
708175fd46484be8,electric_bike,2024-06-04T08:27:06.000000,2024-06-04T08:41:03.000000,South End Ave & Liberty St,5303.06,E 17 St & Broadway,5905.14,40.7111,-74.0158,40.737,-73.9901,casual,837
c521bf2ddc454539,classic_bike,2024-06-04T08:31:41.000000,2024-06-04T08:34:03.000000,Central Park S & 6 Ave,6904.04,E 17 St & Broadway,5905.14,40.7659,-73.9764,40.737,-73.9901,casual,142
bada0c9416794be0,electric_bike,2024-06-04T08:35:21.000000,2024-06-04T09:04:10.000000,Pier 40 - Hudson River Park,5573.05,8 Ave & W 31 St,6450.12,40.7276,-74.0115,40.7502,-73.9978,member,1729
985a9548c0ba42a4,classic_bike,2024-06-04T08:36:03.000000,2024-06-04T09:04:52.000000,Pier 40 - Hudson River Park,5573.05,Bedford Ave & Nassau Ave,5525.04,40.7276,-74.0115,40.723,-73.9521,member,1729
802ddcc4dc954e31,electric_bike,2024-06-04T08:38:58.000000,2024-06-04T08:53:54.000000,Bedford Ave & Nassau Ave,5525.04,Central Park S & 6 Ave,6904.04,40.723,-73.9521,40.7659,-73.9764,casual,896
ba27bc64396d4ffb,classic_bike,2024-06-04T08:48:58.000000,2024-06-04T09:18:30.000000,Lafayette St & E 8 St,5788.13,9 Ave & W 45 St,6717.06,40.7302,-73.991,40.7602,-73.9913,member,1772
59410ea38c2b478e,classic_bike,2024-06-04T09:07:52.000000,2024-06-04T09:43:14.000000,South End Ave & Liberty St,5303.06,8 Ave & W 31 St,6450.12,40.7111,-74.0158,40.7502,-73.9978,member,2122
c2589de2cf264489,classic_bike,2024-06-04T09:10:12.000000,2024-06-04T09:16:13.000000,Grand Army Plaza & Plaza St West,4066.15,E 47 St & Park Ave,6551.09,40.6729,-73.9709,40.7553,-73.9746,casual,361
61cf91fb7e814dfa,classic_bike,2024-06-04T09:15:55.000000,2024-06-04T09:36:05.000000,West St & Chambers St,5470.10,Bedford Ave & Nassau Ave,5525.04,40.7175,-74.0134,40.723,-73.9521,casual,1210
03ba33a0fd42469c,electric_bike,2024-06-04T09:24:05.000000,2024-06-04T09:27:10.000000,Lafayette St & E 8 St,5788.13,South End Ave & Liberty St,5303.06,40.7302,-73.991,40.7111,-74.0158,member,185
66f29d1d03d64f3f,electric_bike,2024-06-04T09:38:06.000000,2024-06-04T10:04:26.000000,E 17 St & Broadway,5905.14,Broadway & E 14 St,5905.12,40.737,-73.9901,40.7345,-73.9907,member,1580
7eb162f148064804,electric_bike,2024-06-04T09:40:37.000000,2024-06-04T10:06:42.000000,Pier 40 - Hudson River Park,5573.05,Central Park S & 6 Ave,6904.04,40.7276,-74.0115,40.7659,-73.9764,casual,1565
6d54a50182864d40,classic_bike,2024-06-04T09:47:21.000000,2024-06-04T10:18:26.000000,Bedford Ave & Nassau Ave,5525.04,N 8 St & Driggs Ave,5453.07,40.723,-73.9521,40.7177,-73.956,casual,1865
c9c23e69d82c4565,classic_bike,2024-06-04T09:51:08.000000,2024-06-04T10:03:42.000000,9 Ave & W 45 St,6717.06,Central Park S & 6 Ave,6904.04,40.7602,-73.9913,40.7659,-73.9764,member,754
348f9ce0603b4183,electric_bike,2024-06-04T10:04:30.000000,2024-06-04T10:29:07.000000,Central Park S & 6 Ave,6904.04,Grand Army Plaza & Plaza St West,4066.15,40.7659,-73.9764,40.6729,-73.9709,member,1477
490ce3154d984202,electric_bike,2024-06-04T10:10:27.000000,2024-06-04T10:24:29.000000,1 Ave & E 68 St,6753.08,Bedford Ave & Nassau Ave,5525.04,40.7659,-73.9585,40.723,-73.9521,member,842
6c8785467faf4458,classic_bike,2024-06-04T10:35:30.000000,2024-06-04T11:00:55.000000,Pier 40 - Hudson River Park,5573.05,8 Ave & W 31 St,6450.12,40.7276,-74.0115,40.7502,-73.9978,casual,1525
2fddb26a13104665,classic_bike,2024-06-04T11:01:28.000000,2024-06-04T11:15:34.000000,9 Ave & W 45 St,6717.06,Bedford Ave & Nassau Ave,5525.04,40.7602,-73.9913,40.723,-73.9521,member,846
b47a1c5bb0b34015,electric_bike,2024-06-04T11:04:49.000000,2024-06-04T11:26:32.000000,Pier 40 - Hudson River Park,5573.05,8 Ave & W 31 St,6450.12,40.7276,-74.0115,40.7502,-73.9978,casual,1303
00b9d4a3989240ac,electric_bike,2024-06-04T11:36:49.000000,2024-06-04T11:48:53.000000,E 47 St & Park Ave,6551.09,E 47 St & Park Ave,6551.09,40.7553,-73.9746,40.7553,-73.9746,member,724
6cb96a2cd68e41f0,electric_bike,2024-06-04T11:46:12.000000,2024-06-04T12:15:47.000000,Broadway & E 14 St,5905.12,Lafayette St & E 8 St,5788.13,40.7345,-73.9907,40.7302,-73.991,casual,1775
3240d7a140274b7d,electric_bike,2024-06-04T11:54:33.000000,2024-06-04T12:15:56.000000,South End Ave & Liberty St,5303.06,Bedford Ave & Nassau Ave,5525.04,40.7111,-74.0158,40.723,-73.9521,member,1283
5c29850b410b4c29,electric_bike,2024-06-04T12:24:49.000000,2024-06-04T13:04:22.000000,Grand Army Plaza & Plaza St West,4066.15,Pier 40 - Hudson River Park,5573.05,40.6729,-73.9709,40.7276,-74.0115,casual,2373
9ab7f449ff164376,electric_bike,2024-06-04T12:51:21.000000,2024-06-04T12:57:45.000000,9 Ave & W 45 St,6717.06,E 17 St & Broadway,5905.14,40.7602,-73.9913,40.737,-73.9901,member,384
850cddfd1c3d4e19,classic_bike,2024-06-04T12:57:07.000000,2024-06-04T13:20:34.000000,West St & Chambers St,5470.10,Pier 40 - Hudson River Park,5573.05,40.7175,-74.0134,40.7276,-74.0115,casual,1407
ba370623bc5f44dd,classic_bike,2024-06-04T13:00:32.000000,2024-06-04T13:34:43.000000,E 17 St & Broadway,5905.14,Bedford Ave & Nassau Ave,5525.04,40.737,-73.9901,40.723,-73.9521,member,2051
18578bafbac742b9,electric_bike,2024-06-04T13:03:21.000000,2024-06-04T13:36:18.000000,Central Park S & 6 Ave,6904.04,South End Ave & Liberty St,5303.06,40.7659,-73.9764,40.7111,-74.0158,casual,1977
e7b7b4c6d6314a80,electric_bike,2024-06-04T13:09:40.000000,2024-06-04T13:42:52.000000,Broadway & E 14 St,5905.12,W 21 St & 6 Ave,6140.05,40.7345,-73.9907,40.7418,-73.9945,member,1992
af206a9df9d14507,classic_bike,2024-06-04T13:16:21.000000,2024-06-04T13:45:47.000000,Broadway & E 14 St,5905.12,9 Ave & W 45 St,6717.06,40.7345,-73.9907,40.7602,-73.9913,casual,1766
fb1e143b196f4dfa,electric_bike,2024-06-04T13:34:28.000000,2024-06-04T13:52:35.000000,Bedford Ave & Nassau Ave,5525.04,Lafayette St & E 8 St,5788.13,40.723,-73.9521,40.7302,-73.991,casual,1087
47f86de4c22740f2,electric_bike,2024-06-04T13:35:00.000000,2024-06-04T13:52:07.000000,Central Park S & 6 Ave,6904.04,Lafayette St & E 8 St,5788.13,40.7659,-73.9764,40.7302,-73.991,member,1027
b6dcbd05da9b4cc1,classic_bike,2024-06-04T14:07:19.000000,2024-06-04T14:14:42.000000,Grand Army Plaza & Plaza St West,4066.15,South End Ave & Liberty St,5303.06,40.6729,-73.9709,40.7111,-74.0158,member,443
fbec1ed857c442c3,classic_bike,2024-06-04T14:16:11.000000,2024-06-04T14:54:11.000000,9 Ave & W 45 St,6717.06,Bedford Ave & Nassau Ave,5525.04,40.7602,-73.9913,40.723,-73.9521,member,2280
0dd7015869c145ae,classic_bike,2024-06-04T14:32:07.000000,2024-06-04T15:00:10.000000,Central Park S & 6 Ave,6904.04,South End Ave & Liberty St,5303.06,40.7659,-73.9764,40.7111,-74.0158,member,1683
7ca2f582585449d9,electric_bike,2024-06-04T14:48:25.000000,2024-06-04T15:14:30.000000,E 17 St & Broadway,5905.14,South End Ave & Liberty St,5303.06,40.737,-73.9901,40.7111,-74.0158,member,1565
690a7b80af8d488d,electric_bike,2024-06-04T14:48:45.000000,2024-06-04T14:59:37.000000,Broadway & E 14 St,5905.12,1 Ave & E 68 St,6753.08,40.7345,-73.9907,40.7659,-73.9585,casual,652
0d366dfcc28e4d70,classic_bike,2024-06-04T14:50:23.000000,2024-06-04T15:26:24.000000,E 17 St & Broadway,5905.14,W 21 St & 6 Ave,6140.05,40.737,-73.9901,40.7418,-73.9945,casual,2161
aeb1fcd3f8364a87,classic_bike,2024-06-04T14:53:40.000000,2024-06-04T14:57:12.000000,1 Ave & E 68 St,6753.08,E 47 St & Park Ave,6551.09,40.7659,-73.9585,40.7553,-73.9746,casual,212
0a0175e5937d4fb1,classic_bike,2024-06-04T14:58:21.000000,2024-06-04T15:33:51.000000,Grand Army Plaza & Plaza St West,4066.15,9 Ave & W 45 St,6717.06,40.6729,-73.9709,40.7602,-73.9913,casual,2130
be15ad1290ce47e9,electric_bike,2024-06-04T15:10:18.000000,2024-06-04T15:23:46.000000,W 21 St & 6 Ave,6140.05,8 Ave & W 31 St,6450.12,40.7418,-73.9945,40.7502,-73.9978,member,808
12767d13f0934776,classic_bike,2024-06-04T15:10:53.000000,2024-06-04T15:42:35.000000,E 47 St & Park Ave,6551.09,Broadway & E 14 St,5905.12,40.7553,-73.9746,40.7345,-73.9907,member,1902
9482b42fc0954c13,classic_bike,2024-06-04T15:12:07.000000,2024-06-04T15:46:46.000000,1 Ave & E 68 St,6753.08,Lafayette St & E 8 St,5788.13,40.7659,-73.9585,40.7302,-73.991,member,2079
bd3b17eb29524420,classic_bike,2024-06-04T15:59:53.000000,2024-06-04T16:36:43.000000,E 47 St & Park Ave,6551.09,N 8 St & Driggs Ave,5453.07,40.7553,-73.9746,40.7177,-73.956,casual,2210
20733f6d0d6a45b3,electric_bike,2024-06-04T16:02:20.000000,2024-06-04T16:05:24.000000,9 Ave & W 45 St,6717.06,9 Ave & W 45 St,6717.06,40.7602,-73.9913,40.7602,-73.9913,member,184
6c092d0a9f4f4355,classic_bike,2024-06-04T16:05:22.000000,2024-06-04T16:26:18.000000,Grand Army Plaza & Plaza St West,4066.15,Pier 40 - Hudson River Park,5573.05,40.6729,-73.9709,40.7276,-74.0115,casual,1256
bcbb859a95964725,electric_bike,2024-06-04T16:14:07.000000,2024-06-04T16:37:30.000000,South End Ave & Liberty St,5303.06,Broadway & E 14 St,5905.12,40.7111,-74.0158,40.7345,-73.9907,member,1403
0130d66b932d4648,electric_bike,2024-06-04T16:20:12.000000,2024-06-04T16:53:14.000000,E 47 St & Park Ave,6551.09,8 Ave & W 31 St,6450.12,40.7553,-73.9746,40.7502,-73.9978,member,1982
14d49d3acb404cdd,electric_bike,2024-06-04T16:21:31.000000,2024-06-04T16:50:50.000000,N 8 St & Driggs Ave,5453.07,Central Park S & 6 Ave,6904.04,40.7177,-73.956,40.7659,-73.9764,casual,1759
c44842af47f846f1,classic_bike,2024-06-04T16:32:09.000000,2024-06-04T17:09:03.000000,9 Ave & W 45 St,6717.06,E 17 St & Broadway,5905.14,40.7602,-73.9913,40.737,-73.9901,casual,2214
49a5baebd1f44c8d,classic_bike,2024-06-04T16:35:59.000000,2024-06-04T16:48:03.000000,Bedford Ave & Nassau Ave,5525.04,W 21 St & 6 Ave,6140.05,40.723,-73.9521,40.7418,-73.9945,casual,724
30799b56576f4264,electric_bike,2024-06-04T16:55:58.000000,2024-06-04T17:11:42.000000,Lafayette St & E 8 St,5788.13,West St & Chambers St,5470.10,40.7302,-73.991,40.7175,-74.0134,casual,944
296be9034e094596,electric_bike,2024-06-04T17:03:05.000000,2024-06-04T17:06:10.000000,Lafayette St & E 8 St,5788.13,8 Ave & W 31 St,6450.12,40.7302,-73.991,40.7502,-73.9978,member,185
a12ad11986fb4cdb,classic_bike,2024-06-04T17:03:43.000000,2024-06-04T17:16:18.000000,Central Park S & 6 Ave,6904.04,N 8 St & Driggs Ave,5453.07,40.7659,-73.9764,40.7177,-73.956,casual,755
b1f9ab31995e49de,classic_bike,2024-06-04T17:14:57.000000,2024-06-04T17:24:57.000000,9 Ave & W 45 St,6717.06,9 Ave & W 45 St,6717.06,40.7602,-73.9913,40.7602,-73.9913,member,600
0640be0f25b84d4b,classic_bike,2024-06-04T17:28:19.000000,2024-06-04T17:45:39.000000,E 47 St & Park Ave,6551.09,9 Ave & W 45 St,6717.06,40.7553,-73.9746,40.7602,-73.9913,member,1040
28b2bf214d474ed6,electric_bike,2024-06-04T17:45:58.000000,2024-06-04T17:56:58.000000,W 21 St & 6 Ave,6140.05,E 17 St & Broadway,5905.14,40.7418,-73.9945,40.737,-73.9901,member,660
14a34f7fd90d419b,classic_bike,2024-06-04T17:53:14.000000,2024-06-04T18:15:42.000000,Central Park S & 6 Ave,6904.04,Grand Army Plaza & Plaza St West,4066.15,40.7659,-73.9764,40.6729,-73.9709,member,1348
4a68bbad1af44f72,electric_bike,2024-06-04T17:56:52.000000,2024-06-04T17:59:24.000000,Bedford Ave & Nassau Ave,5525.04,9 Ave & W 45 St,6717.06,40.723,-73.9521,40.7602,-73.9913,member,152
439472e6da584e8a,electric_bike,2024-06-04T18:14:21.000000,2024-06-04T18:30:14.000000,8 Ave & W 31 St,6450.12,Grand Army Plaza & Plaza St West,4066.15,40.7502,-73.9978,40.6729,-73.9709,casual,953
95831d58ef4c4119,electric_bike,2024-06-04T18:39:09.000000,2024-06-04T18:42:15.000000,Grand Army Plaza & Plaza St West,4066.15,E 47 St & Park Ave,6551.09,40.6729,-73.9709,40.7553,-73.9746,casual,186
6dadd6c795a74d79,electric_bike,2024-06-04T18:42:35.000000,2024-06-04T19:21:22.000000,8 Ave & W 31 St,6450.12,1 Ave & E 68 St,6753.08,40.7502,-73.9978,40.7659,-73.9585,casual,2327
d9d80b8d7e8a4ee7,electric_bike,2024-06-04T18:48:29.000000,2024-06-04T19:16:21.000000,South End Ave & Liberty St,5303.06,Central Park S & 6 Ave,6904.04,40.7111,-74.0158,40.7659,-73.9764,member,1672
4882d73c1c6345ab,electric_bike,2024-06-04T18:53:32.000000,2024-06-04T19:03:18.000000,E 17 St & Broadway,5905.14,8 Ave & W 31 St,6450.12,40.737,-73.9901,40.7502,-73.9978,casual,586
5be6128e18c24797,electric_bike,2024-06-04T19:01:21.000000,2024-06-04T19:10:19.000000,8 Ave & W 31 St,6450.12,1 Ave & E 68 St,6753.08,40.7502,-73.9978,40.7659,-73.9585,casual,538
461de0171ee94d3b,classic_bike,2024-06-04T19:02:02.000000,2024-06-04T19:15:52.000000,E 47 St & Park Ave,6551.09,9 Ave & W 45 St,6717.06,40.7553,-73.9746,40.7602,-73.9913,casual,830
4282b6e46986405a,classic_bike,2024-06-04T19:44:05.000000,2024-06-04T20:16:14.000000,Central Park S & 6 Ave,6904.04,Pier 40 - Hudson River Park,5573.05,40.7659,-73.9764,40.7276,-74.0115,casual,1929
a2611b8d96204ee6,classic_bike,2024-06-04T19:47:09.000000,2024-06-04T20:25:46.000000,Pier 40 - Hudson River Park,5573.05,South End Ave & Liberty St,5303.06,40.7276,-74.0115,40.7111,-74.0158,casual,2317
ac2b0cfcc5c54060,electric_bike,2024-06-04T19:55:58.000000,2024-06-04T20:19:44.000000,Pier 40 - Hudson River Park,5573.05,8 Ave & W 31 St,6450.12,40.7276,-74.0115,40.7502,-73.9978,member,1426
51db1a3742044733,classic_bike,2024-06-04T20:02:40.000000,2024-06-04T20:14:45.000000,N 8 St & Driggs Ave,5453.07,E 17 St & Broadway,5905.14,40.7177,-73.956,40.737,-73.9901,member,725
8d15baefb6694d0a,classic_bike,2024-06-04T20:11:12.000000,2024-06-04T20:49:05.000000,1 Ave & E 68 St,6753.08,Pier 40 - Hudson River Park,5573.05,40.7659,-73.9585,40.7276,-74.0115,casual,2273
1eb05b4a1b4f4d5f,classic_bike,2024-06-04T20:14:15.000000,2024-06-04T20:40:33.000000,West St & Chambers St,5470.10,West St & Chambers St,5470.10,40.7175,-74.0134,40.7175,-74.0134,casual,1578
aadf3692b24b4b96,classic_bike,2024-06-04T20:17:17.000000,2024-06-04T20:23:29.000000,Central Park S & 6 Ave,6904.04,8 Ave & W 31 St,6450.12,40.7659,-73.9764,40.7502,-73.9978,member,372
b0916fb7f17f4f92,electric_bike,2024-06-04T20:36:20.000000,2024-06-04T20:39:48.000000,8 Ave & W 31 St,6450.12,West St & Chambers St,5470.10,40.7502,-73.9978,40.7175,-74.0134,member,208
2d15420ba2bc4715,classic_bike,2024-06-04T20:48:01.000000,2024-06-04T21:18:53.000000,West St & Chambers St,5470.10,W 21 St & 6 Ave,6140.05,40.7175,-74.0134,40.7418,-73.9945,member,1852
89a92af3a0ca4f8e,electric_bike,2024-06-04T21:06:55.000000,2024-06-04T21:19:41.000000,Bedford Ave & Nassau Ave,5525.04,W 21 St & 6 Ave,6140.05,40.723,-73.9521,40.7418,-73.9945,member,766
82aa5c4680494bbf,classic_bike,2024-06-04T21:12:49.000000,2024-06-04T21:34:40.000000,Lafayette St & E 8 St,5788.13,E 17 St & Broadway,5905.14,40.7302,-73.991,40.737,-73.9901,casual,1311
5f5ba255e5444887,electric_bike,2024-06-04T21:18:54.000000,2024-06-04T21:56:22.000000,Broadway & E 14 St,5905.12,W 21 St & 6 Ave,6140.05,40.7345,-73.9907,40.7418,-73.9945,member,2248
ffaca645e4dc4306,electric_bike,2024-06-04T21:28:02.000000,2024-06-04T22:07:41.000000,9 Ave & W 45 St,6717.06,Grand Army Plaza & Plaza St West,4066.15,40.7602,-73.9913,40.6729,-73.9709,member,2379
88c982ecb3dd4cfb,electric_bike,2024-06-04T21:32:53.000000,2024-06-04T21:35:22.000000,W 21 St & 6 Ave,6140.05,Grand Army Plaza & Plaza St West,4066.15,40.7418,-73.9945,40.6729,-73.9709,member,149
a76180c77d284421,classic_bike,2024-06-04T21:47:04.000000,2024-06-04T21:51:35.000000,Bedford Ave & Nassau Ave,5525.04,Grand Army Plaza & Plaza St West,4066.15,40.723,-73.9521,40.6729,-73.9709,casual,271
fcadb3fd01a442d1,classic_bike,2024-06-04T21:52:47.000000,2024-06-04T22:21:57.000000,8 Ave & W 31 St,6450.12,Bedford Ave & Nassau Ave,5525.04,40.7502,-73.9978,40.723,-73.9521,casual,1750
cdd7f460614047d3,electric_bike,2024-06-05T06:06:25.000000,2024-06-05T06:31:05.000000,Broadway & E 14 St,5905.12,1 Ave & E 68 St,6753.08,40.7345,-73.9907,40.7659,-73.9585,casual,1480
2059ad46a8564b74,classic_bike,2024-06-05T06:09:43.000000,2024-06-05T06:46:46.000000,Grand Army Plaza & Plaza St West,4066.15,1 Ave & E 68 St,6753.08,40.6729,-73.9709,40.7659,-73.9585,casual,2223
3b30ee9798d54cf5,classic_bike,2024-06-05T06:09:49.000000,2024-06-05T06:41:12.000000,9 Ave & W 45 St,6717.06,Central Park S & 6 Ave,6904.04,40.7602,-73.9913,40.7659,-73.9764,casual,1883
ad9f835f3fc54786,electric_bike,2024-06-05T06:54:58.000000,2024-06-05T07:22:14.000000,Grand Army Plaza & Plaza St West,4066.15,Bedford Ave & Nassau Ave,5525.04,40.6729,-73.9709,40.723,-73.9521,casual,1636
7c35b2747a57472b,classic_bike,2024-06-05T07:05:21.000000,2024-06-05T07:09:22.000000,E 17 St & Broadway,5905.14,Broadway & E 14 St,5905.12,40.737,-73.9901,40.7345,-73.9907,member,241
58e9bbad35b1473c,classic_bike,2024-06-05T07:08:36.000000,2024-06-05T07:46:51.000000,Grand Army Plaza & Plaza St West,4066.15,Lafayette St & E 8 St,5788.13,40.6729,-73.9709,40.7302,-73.991,casual,2295
4e35da80a0274a18,classic_bike,2024-06-05T07:24:23.000000,2024-06-05T07:37:40.000000,N 8 St & Driggs Ave,5453.07,Lafayette St & E 8 St,5788.13,40.7177,-73.956,40.7302,-73.991,casual,797
bbf8da9137a94824,classic_bike,2024-06-05T07:34:36.000000,2024-06-05T08:03:53.000000,8 Ave & W 31 St,6450.12,9 Ave & W 45 St,6717.06,40.7502,-73.9978,40.7602,-73.9913,casual,1757
76d8cbc7bfa94b6e,electric_bike,2024-06-05T07:57:45.000000,2024-06-05T08:09:04.000000,W 21 St & 6 Ave,6140.05,W 21 St & 6 Ave,6140.05,40.7418,-73.9945,40.7418,-73.9945,casual,679
19437791b9b04ec4,classic_bike,2024-06-05T08:55:57.000000,2024-06-05T09:34:37.000000,Bedford Ave & Nassau Ave,5525.04,West St & Chambers St,5470.10,40.723,-73.9521,40.7175,-74.0134,casual,2320
6f3f920c98b844cc,electric_bike,2024-06-05T09:02:37.000000,2024-06-05T09:22:44.000000,Broadway & E 14 St,5905.12,South End Ave & Liberty St,5303.06,40.7345,-73.9907,40.7111,-74.0158,casual,1207
6b535a19a902473f,classic_bike,2024-06-05T09:13:59.000000,2024-06-05T09:23:41.000000,Lafayette St & E 8 St,5788.13,1 Ave & E 68 St,6753.08,40.7302,-73.991,40.7659,-73.9585,member,582
a446be72364c411a,classic_bike,2024-06-05T09:14:07.000000,2024-06-05T09:47:09.000000,W 21 St & 6 Ave,6140.05,E 17 St & Broadway,5905.14,40.7418,-73.9945,40.737,-73.9901,member,1982
134a5a2fa7cf405c,classic_bike,2024-06-05T09:22:11.000000,2024-06-05T09:34:37.000000,Broadway & E 14 St,5905.12,1 Ave & E 68 St,6753.08,40.7345,-73.9907,40.7659,-73.9585,casual,746
a23ff67de9574bc2,electric_bike,2024-06-05T09:27:39.000000,2024-06-05T09:59:53.000000,W 21 St & 6 Ave,6140.05,Bedford Ave & Nassau Ave,5525.04,40.7418,-73.9945,40.723,-73.9521,member,1934
9794b38937c24f27,classic_bike,2024-06-05T09:31:11.000000,2024-06-05T09:33:25.000000,E 17 St & Broadway,5905.14,Grand Army Plaza & Plaza St West,4066.15,40.737,-73.9901,40.6729,-73.9709,casual,134
e3dc419dce1e4d1f,electric_bike,2024-06-05T09:34:27.000000,2024-06-05T09:53:36.000000,N 8 St & Driggs Ave,5453.07,Lafayette St & E 8 St,5788.13,40.7177,-73.956,40.7302,-73.991,member,1149
41f74651a0334dad,electric_bike,2024-06-05T10:01:32.000000,2024-06-05T10:22:21.000000,Lafayette St & E 8 St,5788.13,N 8 St & Driggs Ave,5453.07,40.7302,-73.991,40.7177,-73.956,member,1249
6082786fca004f58,classic_bike,2024-06-05T10:07:16.000000,2024-06-05T10:19:47.000000,1 Ave & E 68 St,6753.08,N 8 St & Driggs Ave,5453.07,40.7659,-73.9585,40.7177,-73.956,casual,751
64c46086919f402e,classic_bike,2024-06-05T10:31:13.000000,2024-06-05T10:33:22.000000,8 Ave & W 31 St,6450.12,Central Park S & 6 Ave,6904.04,40.7502,-73.9978,40.7659,-73.9764,casual,129
46a56fe86f4641b1,electric_bike,2024-06-05T10:34:31.000000,2024-06-05T10:46:28.000000,1 Ave & E 68 St,6753.08,8 Ave & W 31 St,6450.12,40.7659,-73.9585,40.7502,-73.9978,casual,717
1e1e5d91abce490f,electric_bike,2024-06-05T10:43:34.000000,2024-06-05T11:07:21.000000,West St & Chambers St,5470.10,West St & Chambers St,5470.10,40.7175,-74.0134,40.7175,-74.0134,member,1427
64ce45898c4a42ba,classic_bike,2024-06-05T10:49:44.000000,2024-06-05T11:05:03.000000,Pier 40 - Hudson River Park,5573.05,Bedford Ave & Nassau Ave,5525.04,40.7276,-74.0115,40.723,-73.9521,member,919
bfda55c998fe44f3,electric_bike,2024-06-05T10:56:10.000000,2024-06-05T11:00:34.000000,Lafayette St & E 8 St,5788.13,9 Ave & W 45 St,6717.06,40.7302,-73.991,40.7602,-73.9913,casual,264
fc48f61583b0435c,classic_bike,2024-06-05T10:56:36.000000,2024-06-05T11:16:51.000000,Lafayette St & E 8 St,5788.13,Bedford Ave & Nassau Ave,5525.04,40.7302,-73.991,40.723,-73.9521,member,1215
fec88839ec3543de,electric_bike,2024-06-05T11:01:29.000000,2024-06-05T11:08:39.000000,Bedford Ave & Nassau Ave,5525.04,1 Ave & E 68 St,6753.08,40.723,-73.9521,40.7659,-73.9585,casual,430
1d2467e20191419d,electric_bike,2024-06-05T11:07:32.000000,2024-06-05T11:47:04.000000,9 Ave & W 45 St,6717.06,Broadway & E 14 St,5905.12,40.7602,-73.9913,40.7345,-73.9907,casual,2372
541cdfcdda0d4a5f,electric_bike,2024-06-05T11:46:39.000000,2024-06-05T12:15:47.000000,Central Park S & 6 Ave,6904.04,9 Ave & W 45 St,6717.06,40.7659,-73.9764,40.7602,-73.9913,casual,1748
2f98ad3371d2463f,classic_bike,2024-06-05T12:03:26.000000,2024-06-05T12:38:17.000000,N 8 St & Driggs Ave,5453.07,Pier 40 - Hudson River Park,5573.05,40.7177,-73.956,40.7276,-74.0115,member,2091
7a6a210722314050,classic_bike,2024-06-05T12:16:39.000000,2024-06-05T12:33:43.000000,N 8 St & Driggs Ave,5453.07,South End Ave & Liberty St,5303.06,40.7177,-73.956,40.7111,-74.0158,casual,1024
15da705cd4ef40aa,classic_bike,2024-06-05T12:23:09.000000,2024-06-05T12:57:31.000000,Lafayette St & E 8 St,5788.13,N 8 St & Driggs Ave,5453.07,40.7302,-73.991,40.7177,-73.956,casual,2062
ca0ac6ac0d67438e,electric_bike,2024-06-05T12:36:26.000000,2024-06-05T13:01:31.000000,Lafayette St & E 8 St,5788.13,South End Ave & Liberty St,5303.06,40.7302,-73.991,40.7111,-74.0158,member,1505
b9c6b26b6401418d,electric_bike,2024-06-05T12:47:32.000000,2024-06-05T13:02:50.000000,Lafayette St & E 8 St,5788.13,9 Ave & W 45 St,6717.06,40.7302,-73.991,40.7602,-73.9913,member,918
d847260b83314711,electric_bike,2024-06-05T12:50:26.000000,2024-06-05T13:01:14.000000,Lafayette St & E 8 St,5788.13,E 47 St & Park Ave,6551.09,40.7302,-73.991,40.7553,-73.9746,casual,648
73b0220d5f2049ea,electric_bike,2024-06-05T13:03:05.000000,2024-06-05T13:39:00.000000,Bedford Ave & Nassau Ave,5525.04,W 21 St & 6 Ave,6140.05,40.723,-73.9521,40.7418,-73.9945,member,2155
3ea7f419a5104f65,classic_bike,2024-06-05T13:07:11.000000,2024-06-05T13:42:45.000000,N 8 St & Driggs Ave,5453.07,N 8 St & Driggs Ave,5453.07,40.7177,-73.956,40.7177,-73.956,member,2134
d7a998eaef7c4b39,electric_bike,2024-06-05T13:15:56.000000,2024-06-05T13:43:40.000000,E 17 St & Broadway,5905.14,West St & Chambers St,5470.10,40.737,-73.9901,40.7175,-74.0134,casual,1664
f06c69d99339404b,electric_bike,2024-06-05T13:22:52.000000,2024-06-05T13:57:16.000000,E 47 St & Park Ave,6551.09,West St & Chambers St,5470.10,40.7553,-73.9746,40.7175,-74.0134,member,2064
66fd32156a104fb7,electric_bike,2024-06-05T13:23:42.000000,2024-06-05T14:02:33.000000,Pier 40 - Hudson River Park,5573.05,9 Ave & W 45 St,6717.06,40.7276,-74.0115,40.7602,-73.9913,casual,2331
a14923c2f920464c,classic_bike,2024-06-05T13:28:56.000000,2024-06-05T14:04:01.000000,Pier 40 - Hudson River Park,5573.05,1 Ave & E 68 St,6753.08,40.7276,-74.0115,40.7659,-73.9585,member,2105
51d87c6455fa4ab8,classic_bike,2024-06-05T13:30:04.000000,2024-06-05T13:51:34.000000,N 8 St & Driggs Ave,5453.07,West St & Chambers St,5470.10,40.7177,-73.956,40.7175,-74.0134,member,1290
b33422cb9a3f4ad1,electric_bike,2024-06-05T13:43:51.000000,2024-06-05T13:54:57.000000,E 17 St & Broadway,5905.14,Lafayette St & E 8 St,5788.13,40.737,-73.9901,40.7302,-73.991,casual,666
126aa3157b184d5d,electric_bike,2024-06-05T13:44:18.000000,2024-06-05T14:11:54.000000,E 17 St & Broadway,5905.14,Central Park S & 6 Ave,6904.04,40.737,-73.9901,40.7659,-73.9764,member,1656
2bde3c78a9314044,electric_bike,2024-06-05T13:47:15.000000,2024-06-05T14:14:29.000000,South End Ave & Liberty St,5303.06,West St & Chambers St,5470.10,40.7111,-74.0158,40.7175,-74.0134,member,1634
e6b5a92c771a4655,electric_bike,2024-06-05T13:50:16.000000,2024-06-05T13:52:54.000000,Central Park S & 6 Ave,6904.04,N 8 St & Driggs Ave,5453.07,40.7659,-73.9764,40.7177,-73.956,member,158
5f70b95110384676,electric_bike,2024-06-05T14:35:43.000000,2024-06-05T15:06:35.000000,Lafayette St & E 8 St,5788.13,Lafayette St & E 8 St,5788.13,40.7302,-73.991,40.7302,-73.991,casual,1852
cbede473e3eb47c1,electric_bike,2024-06-05T14:53:21.000000,2024-06-05T15:06:16.000000,Pier 40 - Hudson River Park,5573.05,Pier 40 - Hudson River Park,5573.05,40.7276,-74.0115,40.7276,-74.0115,member,775
836f224b0b8b46f7,classic_bike,2024-06-05T15:42:03.000000,2024-06-05T16:21:39.000000,Pier 40 - Hudson River Park,5573.05,E 17 St & Broadway,5905.14,40.7276,-74.0115,40.737,-73.9901,casual,2376
b5ed7ce82ddf4675,electric_bike,2024-06-05T15:50:23.000000,2024-06-05T16:16:30.000000,1 Ave & E 68 St,6753.08,Broadway & E 14 St,5905.12,40.7659,-73.9585,40.7345,-73.9907,casual,1567
61a451ff700b4b43,electric_bike,2024-06-05T16:21:05.000000,2024-06-05T16:42:18.000000,9 Ave & W 45 St,6717.06,N 8 St & Driggs Ave,5453.07,40.7602,-73.9913,40.7177,-73.956,member,1273
2469d0c2e7574997,electric_bike,2024-06-05T16:27:58.000000,2024-06-05T16:33:41.000000,1 Ave & E 68 St,6753.08,E 17 St & Broadway,5905.14,40.7659,-73.9585,40.737,-73.9901,casual,343
1f3eea66af6c4f61,classic_bike,2024-06-05T16:54:44.000000,2024-06-05T17:21:30.000000,Pier 40 - Hudson River Park,5573.05,E 17 St & Broadway,5905.14,40.7276,-74.0115,40.737,-73.9901,casual,1606
865a7766ad8c4fea,classic_bike,2024-06-05T17:10:20.000000,2024-06-05T17:13:10.000000,W 21 St & 6 Ave,6140.05,Broadway & E 14 St,5905.12,40.7418,-73.9945,40.7345,-73.9907,casual,170
2663ed111d124ccf,classic_bike,2024-06-05T17:43:38.000000,2024-06-05T18:01:45.000000,N 8 St & Driggs Ave,5453.07,1 Ave & E 68 St,6753.08,40.7177,-73.956,40.7659,-73.9585,member,1087
0f9027d590f0447c,classic_bike,2024-06-05T17:53:08.000000,2024-06-05T18:14:54.000000,1 Ave & E 68 St,6753.08,Grand Army Plaza & Plaza St West,4066.15,40.7659,-73.9585,40.6729,-73.9709,casual,1306
0190262059dc4bd0,classic_bike,2024-06-05T17:59:48.000000,2024-06-05T18:22:53.000000,W 21 St & 6 Ave,6140.05,1 Ave & E 68 St,6753.08,40.7418,-73.9945,40.7659,-73.9585,member,1385
2db4e4283ef7439f,classic_bike,2024-06-05T18:16:11.000000,2024-06-05T18:41:22.000000,1 Ave & E 68 St,6753.08,West St & Chambers St,5470.10,40.7659,-73.9585,40.7175,-74.0134,member,1511
d77203300f584a93,electric_bike,2024-06-05T18:23:27.000000,2024-06-05T18:59:56.000000,E 47 St & Park Ave,6551.09,9 Ave & W 45 St,6717.06,40.7553,-73.9746,40.7602,-73.9913,casual,2189
57bd0ca854ce40ea,classic_bike,2024-06-05T18:48:01.000000,2024-06-05T19:05:39.000000,N 8 St & Driggs Ave,5453.07,E 47 St & Park Ave,6551.09,40.7177,-73.956,40.7553,-73.9746,member,1058
8bcf53a1bc104a52,classic_bike,2024-06-05T18:51:24.000000,2024-06-05T19:22:00.000000,W 21 St & 6 Ave,6140.05,Lafayette St & E 8 St,5788.13,40.7418,-73.9945,40.7302,-73.991,casual,1836
bf780e3ff6b741f7,classic_bike,2024-06-05T19:05:23.000000,2024-06-05T19:18:50.000000,Central Park S & 6 Ave,6904.04,Bedford Ave & Nassau Ave,5525.04,40.7659,-73.9764,40.723,-73.9521,member,807
a976dc4d0c474187,classic_bike,2024-06-05T19:09:34.000000,2024-06-05T19:14:53.000000,South End Ave & Liberty St,5303.06,N 8 St & Driggs Ave,5453.07,40.7111,-74.0158,40.7177,-73.956,member,319
0aa6fcb9c1bc4e59,electric_bike,2024-06-05T19:13:34.000000,2024-06-05T19:40:36.000000,Grand Army Plaza & Plaza St West,4066.15,Broadway & E 14 St,5905.12,40.6729,-73.9709,40.7345,-73.9907,member,1622
398d1ca68b6840b5,classic_bike,2024-06-05T19:26:50.000000,2024-06-05T19:42:20.000000,N 8 St & Driggs Ave,5453.07,West St & Chambers St,5470.10,40.7177,-73.956,40.7175,-74.0134,casual,930
21bddb4106994731,classic_bike,2024-06-05T19:37:11.000000,2024-06-05T19:46:41.000000,1 Ave & E 68 St,6753.08,Pier 40 - Hudson River Park,5573.05,40.7659,-73.9585,40.7276,-74.0115,casual,570
5e2ad32d31ab4b56,electric_bike,2024-06-05T19:48:50.000000,2024-06-05T20:22:51.000000,Pier 40 - Hudson River Park,5573.05,West St & Chambers St,5470.10,40.7276,-74.0115,40.7175,-74.0134,casual,2041
b2b9437a28df4ec4,electric_bike,2024-06-05T19:48:55.000000,2024-06-05T19:51:21.000000,Central Park S & 6 Ave,6904.04,Grand Army Plaza & Plaza St West,4066.15,40.7659,-73.9764,40.6729,-73.9709,casual,146
34fadee106964d48,classic_bike,2024-06-05T20:03:42.000000,2024-06-05T20:38:29.000000,E 17 St & Broadway,5905.14,Broadway & E 14 St,5905.12,40.737,-73.9901,40.7345,-73.9907,casual,2087
64d6dfbf18c04e2b,electric_bike,2024-06-05T20:05:39.000000,2024-06-05T20:15:45.000000,9 Ave & W 45 St,6717.06,Pier 40 - Hudson River Park,5573.05,40.7602,-73.9913,40.7276,-74.0115,casual,606
693e5fcfc0804ba4,classic_bike,2024-06-05T20:30:24.000000,2024-06-05T20:59:49.000000,Pier 40 - Hudson River Park,5573.05,W 21 St & 6 Ave,6140.05,40.7276,-74.0115,40.7418,-73.9945,member,1765
53853918bc4045fa,electric_bike,2024-06-05T20:31:20.000000,2024-06-05T21:00:09.000000,West St & Chambers St,5470.10,8 Ave & W 31 St,6450.12,40.7175,-74.0134,40.7502,-73.9978,casual,1729
5e24296eb7364ad9,electric_bike,2024-06-05T21:00:50.000000,2024-06-05T21:12:43.000000,N 8 St & Driggs Ave,5453.07,West St & Chambers St,5470.10,40.7177,-73.956,40.7175,-74.0134,member,713
f2be029f15144755,classic_bike,2024-06-05T21:19:41.000000,2024-06-05T21:34:49.000000,Central Park S & 6 Ave,6904.04,W 21 St & 6 Ave,6140.05,40.7659,-73.9764,40.7418,-73.9945,member,908
4b726a7c8f1c4fa0,electric_bike,2024-06-05T21:20:02.000000,2024-06-05T21:55:09.000000,Bedford Ave & Nassau Ave,5525.04,1 Ave & E 68 St,6753.08,40.723,-73.9521,40.7659,-73.9585,member,2107
610114f423224464,classic_bike,2024-06-05T21:32:06.000000,2024-06-05T21:35:31.000000,1 Ave & E 68 St,6753.08,E 47 St & Park Ave,6551.09,40.7659,-73.9585,40.7553,-73.9746,casual,205
bf1e83664b8e43d4,electric_bike,2024-06-05T21:35:52.000000,2024-06-05T22:10:45.000000,E 47 St & Park Ave,6551.09,1 Ave & E 68 St,6753.08,40.7553,-73.9746,40.7659,-73.9585,member,2093
247474b31d7d4bb3,electric_bike,2024-06-06T06:10:04.000000,2024-06-06T06:36:29.000000,E 47 St & Park Ave,6551.09,W 21 St & 6 Ave,6140.05,40.7553,-73.9746,40.7418,-73.9945,casual,1585
47021755f11c40a4,electric_bike,2024-06-06T06:29:05.000000,2024-06-06T06:41:01.000000,1 Ave & E 68 St,6753.08,N 8 St & Driggs Ave,5453.07,40.7659,-73.9585,40.7177,-73.956,casual,716
407d0affcb514911,classic_bike,2024-06-06T06:38:05.000000,2024-06-06T06:45:05.000000,Central Park S & 6 Ave,6904.04,Bedford Ave & Nassau Ave,5525.04,40.7659,-73.9764,40.723,-73.9521,member,420
c5f8e2f8414f4994,classic_bike,2024-06-06T06:56:31.000000,2024-06-06T07:09:54.000000,Central Park S & 6 Ave,6904.04,Pier 40 - Hudson River Park,5573.05,40.7659,-73.9764,40.7276,-74.0115,member,803
7de17a8511c4494a,classic_bike,2024-06-06T07:01:16.000000,2024-06-06T07:21:20.000000,E 17 St & Broadway,5905.14,E 17 St & Broadway,5905.14,40.737,-73.9901,40.737,-73.9901,casual,1204
594ffd275dcd4d40,classic_bike,2024-06-06T07:02:01.000000,2024-06-06T07:07:05.000000,9 Ave & W 45 St,6717.06,8 Ave & W 31 St,6450.12,40.7602,-73.9913,40.7502,-73.9978,casual,304
fc04ca7aee414f16,electric_bike,2024-06-06T07:21:38.000000,2024-06-06T07:26:12.000000,8 Ave & W 31 St,6450.12,West St & Chambers St,5470.10,40.7502,-73.9978,40.7175,-74.0134,casual,274
a5d5bbf94a3a4b3a,classic_bike,2024-06-06T07:22:53.000000,2024-06-06T07:56:15.000000,Pier 40 - Hudson River Park,5573.05,E 47 St & Park Ave,6551.09,40.7276,-74.0115,40.7553,-73.9746,member,2002
e25d36eb9e9a4f83,electric_bike,2024-06-06T07:50:43.000000,2024-06-06T08:08:40.000000,E 47 St & Park Ave,6551.09,N 8 St & Driggs Ave,5453.07,40.7553,-73.9746,40.7177,-73.956,member,1077
6dda4f8dcea64f4c,classic_bike,2024-06-06T07:57:48.000000,2024-06-06T08:18:49.000000,E 47 St & Park Ave,6551.09,Pier 40 - Hudson River Park,5573.05,40.7553,-73.9746,40.7276,-74.0115,casual,1261
b1850eb85f904c87,classic_bike,2024-06-06T08:00:15.000000,2024-06-06T08:23:05.000000,N 8 St & Driggs Ave,5453.07,1 Ave & E 68 St,6753.08,40.7177,-73.956,40.7659,-73.9585,casual,1370
bca2c581928b4e4b,classic_bike,2024-06-06T08:06:03.000000,2024-06-06T08:16:33.000000,N 8 St & Driggs Ave,5453.07,Pier 40 - Hudson River Park,5573.05,40.7177,-73.956,40.7276,-74.0115,casual,630
6c80423a7e8440d7,electric_bike,2024-06-06T08:10:11.000000,2024-06-06T08:38:28.000000,1 Ave & E 68 St,6753.08,Broadway & E 14 St,5905.12,40.7659,-73.9585,40.7345,-73.9907,casual,1697
2b7c5ee342a24950,electric_bike,2024-06-06T08:15:57.000000,2024-06-06T08:20:45.000000,E 17 St & Broadway,5905.14,N 8 St & Driggs Ave,5453.07,40.737,-73.9901,40.7177,-73.956,casual,288
cf7798ccef364eb1,classic_bike,2024-06-06T08:36:52.000000,2024-06-06T08:53:14.000000,W 21 St & 6 Ave,6140.05,9 Ave & W 45 St,6717.06,40.7418,-73.9945,40.7602,-73.9913,member,982
a5b1c79954ce4ee7,electric_bike,2024-06-06T08:39:00.000000,2024-06-06T09:18:17.000000,Central Park S & 6 Ave,6904.04,South End Ave & Liberty St,5303.06,40.7659,-73.9764,40.7111,-74.0158,casual,2357
d40ac5e981df4517,electric_bike,2024-06-06T08:46:25.000000,2024-06-06T09:08:50.000000,South End Ave & Liberty St,5303.06,Grand Army Plaza & Plaza St West,4066.15,40.7111,-74.0158,40.6729,-73.9709,casual,1345
ad6ecc57a52043d0,electric_bike,2024-06-06T08:50:41.000000,2024-06-06T08:55:42.000000,N 8 St & Driggs Ave,5453.07,N 8 St & Driggs Ave,5453.07,40.7177,-73.956,40.7177,-73.956,casual,301
92051da0e2644336,classic_bike,2024-06-06T09:06:25.000000,2024-06-06T09:34:10.000000,Broadway & E 14 St,5905.12,E 17 St & Broadway,5905.14,40.7345,-73.9907,40.737,-73.9901,member,1665
4596da7574df483f,electric_bike,2024-06-06T09:07:07.000000,2024-06-06T09:36:28.000000,Lafayette St & E 8 St,5788.13,E 47 St & Park Ave,6551.09,40.7302,-73.991,40.7553,-73.9746,casual,1761
1d34d08e7a4c45d4,classic_bike,2024-06-06T09:08:03.000000,2024-06-06T09:27:17.000000,Central Park S & 6 Ave,6904.04,Central Park S & 6 Ave,6904.04,40.7659,-73.9764,40.7659,-73.9764,casual,1154
58065baefa5f4fdb,classic_bike,2024-06-06T09:08:13.000000,2024-06-06T09:12:35.000000,Central Park S & 6 Ave,6904.04,8 Ave & W 31 St,6450.12,40.7659,-73.9764,40.7502,-73.9978,casual,262
ecf26429b8d74d2f,electric_bike,2024-06-06T09:30:12.000000,2024-06-06T10:00:08.000000,W 21 St & 6 Ave,6140.05,Broadway & E 14 St,5905.12,40.7418,-73.9945,40.7345,-73.9907,casual,1796
c16d83edad8148bd,classic_bike,2024-06-06T09:44:40.000000,2024-06-06T09:59:38.000000,Grand Army Plaza & Plaza St West,4066.15,9 Ave & W 45 St,6717.06,40.6729,-73.9709,40.7602,-73.9913,member,898
cb68a34eca1f4ff2,classic_bike,2024-06-06T09:45:56.000000,2024-06-06T10:08:04.000000,1 Ave & E 68 St,6753.08,9 Ave & W 45 St,6717.06,40.7659,-73.9585,40.7602,-73.9913,member,1328
33304e33deb04e7d,electric_bike,2024-06-06T09:53:06.000000,2024-06-06T10:11:17.000000,9 Ave & W 45 St,6717.06,Broadway & E 14 St,5905.12,40.7602,-73.9913,40.7345,-73.9907,member,1091
f186e47aa7944320,electric_bike,2024-06-06T09:55:24.000000,2024-06-06T10:14:10.000000,1 Ave & E 68 St,6753.08,West St & Chambers St,5470.10,40.7659,-73.9585,40.7175,-74.0134,casual,1126
5c7af83dca9d4704,electric_bike,2024-06-06T09:59:02.000000,2024-06-06T10:15:08.000000,Broadway & E 14 St,5905.12,8 Ave & W 31 St,6450.12,40.7345,-73.9907,40.7502,-73.9978,casual,966
6fa5d3b0a40d4ea5,electric_bike,2024-06-06T10:12:50.000000,2024-06-06T10:29:57.000000,1 Ave & E 68 St,6753.08,W 21 St & 6 Ave,6140.05,40.7659,-73.9585,40.7418,-73.9945,casual,1027
dd6ac7b86778443b,classic_bike,2024-06-06T10:18:20.000000,2024-06-06T10:28:14.000000,Central Park S & 6 Ave,6904.04,Broadway & E 14 St,5905.12,40.7659,-73.9764,40.7345,-73.9907,casual,594
301c8db316db40db,electric_bike,2024-06-06T10:35:46.000000,2024-06-06T11:06:13.000000,9 Ave & W 45 St,6717.06,E 47 St & Park Ave,6551.09,40.7602,-73.9913,40.7553,-73.9746,member,1827
0c2ca7fae5254eaf,classic_bike,2024-06-06T10:47:22.000000,2024-06-06T11:17:54.000000,Broadway & E 14 St,5905.12,8 Ave & W 31 St,6450.12,40.7345,-73.9907,40.7502,-73.9978,member,1832
f64ab6ec30a5448e,classic_bike,2024-06-06T11:10:58.000000,2024-06-06T11:14:00.000000,West St & Chambers St,5470.10,E 47 St & Park Ave,6551.09,40.7175,-74.0134,40.7553,-73.9746,casual,182
660237edaa424203,electric_bike,2024-06-06T11:22:52.000000,2024-06-06T11:41:13.000000,Lafayette St & E 8 St,5788.13,N 8 St & Driggs Ave,5453.07,40.7302,-73.991,40.7177,-73.956,member,1101
726a030dbc8c4a8f,classic_bike,2024-06-06T11:32:43.000000,2024-06-06T12:09:33.000000,9 Ave & W 45 St,6717.06,8 Ave & W 31 St,6450.12,40.7602,-73.9913,40.7502,-73.9978,casual,2210
ff3c6d4ea1dc4cab,classic_bike,2024-06-06T11:41:43.000000,2024-06-06T12:04:23.000000,Grand Army Plaza & Plaza St West,4066.15,Pier 40 - Hudson River Park,5573.05,40.6729,-73.9709,40.7276,-74.0115,casual,1360
04105bd154154636,classic_bike,2024-06-06T11:49:13.000000,2024-06-06T12:22:36.000000,West St & Chambers St,5470.10,N 8 St & Driggs Ave,5453.07,40.7175,-74.0134,40.7177,-73.956,member,2003
b0a4f5573381401f,electric_bike,2024-06-06T11:58:35.000000,2024-06-06T12:15:04.000000,E 17 St & Broadway,5905.14,W 21 St & 6 Ave,6140.05,40.737,-73.9901,40.7418,-73.9945,casual,989
ac7051d1d051467f,electric_bike,2024-06-06T12:00:54.000000,2024-06-06T12:34:09.000000,Grand Army Plaza & Plaza St West,4066.15,Broadway & E 14 St,5905.12,40.6729,-73.9709,40.7345,-73.9907,member,1995
d5d318cf24e64ffd,electric_bike,2024-06-06T12:09:54.000000,2024-06-06T12:21:24.000000,W 21 St & 6 Ave,6140.05,South End Ave & Liberty St,5303.06,40.7418,-73.9945,40.7111,-74.0158,member,690
9247e8512e0d4860,classic_bike,2024-06-06T12:13:54.000000,2024-06-06T12:43:14.000000,Bedford Ave & Nassau Ave,5525.04,9 Ave & W 45 St,6717.06,40.723,-73.9521,40.7602,-73.9913,member,1760
787515b91e264d31,classic_bike,2024-06-06T12:20:16.000000,2024-06-06T12:42:20.000000,9 Ave & W 45 St,6717.06,South End Ave & Liberty St,5303.06,40.7602,-73.9913,40.7111,-74.0158,member,1324
d1f16485429a4a7c,classic_bike,2024-06-06T12:45:32.000000,2024-06-06T12:50:52.000000,Bedford Ave & Nassau Ave,5525.04,West St & Chambers St,5470.10,40.723,-73.9521,40.7175,-74.0134,member,320
899ac252c1e1494a,classic_bike,2024-06-06T13:05:44.000000,2024-06-06T13:45:13.000000,Bedford Ave & Nassau Ave,5525.04,Grand Army Plaza & Plaza St West,4066.15,40.723,-73.9521,40.6729,-73.9709,member,2369
643058d9c1f94e90,electric_bike,2024-06-06T13:12:43.000000,2024-06-06T13:47:02.000000,Pier 40 - Hudson River Park,5573.05,E 17 St & Broadway,5905.14,40.7276,-74.0115,40.737,-73.9901,member,2059
7428a656b3ee4d3b,electric_bike,2024-06-06T13:15:47.000000,2024-06-06T13:55:21.000000,Pier 40 - Hudson River Park,5573.05,Pier 40 - Hudson River Park,5573.05,40.7276,-74.0115,40.7276,-74.0115,casual,2374
cdf401375e15433b,electric_bike,2024-06-06T13:16:28.000000,2024-06-06T13:50:23.000000,Pier 40 - Hudson River Park,5573.05,Grand Army Plaza & Plaza St West,4066.15,40.7276,-74.0115,40.6729,-73.9709,casual,2035
483fca724a1a4c2e,electric_bike,2024-06-06T13:19:38.000000,2024-06-06T13:22:10.000000,N 8 St & Driggs Ave,5453.07,E 47 St & Park Ave,6551.09,40.7177,-73.956,40.7553,-73.9746,member,152
c982a300f95f47e6,classic_bike,2024-06-06T13:26:12.000000,2024-06-06T14:02:07.000000,Grand Army Plaza & Plaza St West,4066.15,8 Ave & W 31 St,6450.12,40.6729,-73.9709,40.7502,-73.9978,member,2155
0f5c365a27e84b87,classic_bike,2024-06-06T13:34:50.000000,2024-06-06T13:37:44.000000,E 17 St & Broadway,5905.14,Bedford Ave & Nassau Ave,5525.04,40.737,-73.9901,40.723,-73.9521,member,174
e2ba9fceaebb4f9c,electric_bike,2024-06-06T13:36:15.000000,2024-06-06T13:54:53.000000,Broadway & E 14 St,5905.12,N 8 St & Driggs Ave,5453.07,40.7345,-73.9907,40.7177,-73.956,casual,1118
c3f9c78caf704164,electric_bike,2024-06-06T13:53:09.000000,2024-06-06T14:11:33.000000,Pier 40 - Hudson River Park,5573.05,West St & Chambers St,5470.10,40.7276,-74.0115,40.7175,-74.0134,casual,1104
685183410766499f,classic_bike,2024-06-06T13:55:35.000000,2024-06-06T14:25:22.000000,8 Ave & W 31 St,6450.12,W 21 St & 6 Ave,6140.05,40.7502,-73.9978,40.7418,-73.9945,member,1787
a5eea4a22cde431f,classic_bike,2024-06-06T13:56:39.000000,2024-06-06T14:01:26.000000,Broadway & E 14 St,5905.12,E 17 St & Broadway,5905.14,40.7345,-73.9907,40.737,-73.9901,member,287
a45ca94a345248c4,classic_bike,2024-06-06T14:30:18.000000,2024-06-06T14:46:05.000000,W 21 St & 6 Ave,6140.05,1 Ave & E 68 St,6753.08,40.7418,-73.9945,40.7659,-73.9585,member,947
a32e3ab58802474a,electric_bike,2024-06-06T15:02:43.000000,2024-06-06T15:07:31.000000,E 17 St & Broadway,5905.14,N 8 St & Driggs Ave,5453.07,40.737,-73.9901,40.7177,-73.956,casual,288
f514105831384975,classic_bike,2024-06-06T15:19:22.000000,2024-06-06T15:39:24.000000,South End Ave & Liberty St,5303.06,Pier 40 - Hudson River Park,5573.05,40.7111,-74.0158,40.7276,-74.0115,casual,1202
0a6b3e3d94fd4594,classic_bike,2024-06-06T15:26:10.000000,2024-06-06T15:58:06.000000,1 Ave & E 68 St,6753.08,Bedford Ave & Nassau Ave,5525.04,40.7659,-73.9585,40.723,-73.9521,member,1916
5c8aca1bcefc4e85,electric_bike,2024-06-06T15:41:02.000000,2024-06-06T16:08:59.000000,N 8 St & Driggs Ave,5453.07,West St & Chambers St,5470.10,40.7177,-73.956,40.7175,-74.0134,casual,1677
d631c383303044d0,electric_bike,2024-06-06T15:41:36.000000,2024-06-06T15:53:18.000000,Bedford Ave & Nassau Ave,5525.04,Bedford Ave & Nassau Ave,5525.04,40.723,-73.9521,40.723,-73.9521,casual,702
5f187c021e244a97,electric_bike,2024-06-06T15:45:18.000000,2024-06-06T15:50:02.000000,Broadway & E 14 St,5905.12,Broadway & E 14 St,5905.12,40.7345,-73.9907,40.7345,-73.9907,casual,284
d865d69a74f34103,electric_bike,2024-06-06T16:01:19.000000,2024-06-06T16:32:16.000000,Broadway & E 14 St,5905.12,Central Park S & 6 Ave,6904.04,40.7345,-73.9907,40.7659,-73.9764,member,1857
cfa9026b6a244f46,electric_bike,2024-06-06T16:16:45.000000,2024-06-06T16:26:49.000000,1 Ave & E 68 St,6753.08,1 Ave & E 68 St,6753.08,40.7659,-73.9585,40.7659,-73.9585,member,604
aab133bae88f4ab5,electric_bike,2024-06-06T16:17:38.000000,2024-06-06T16:54:33.000000,West St & Chambers St,5470.10,Central Park S & 6 Ave,6904.04,40.7175,-74.0134,40.7659,-73.9764,casual,2215
9ea1e61781294a0c,electric_bike,2024-06-06T16:20:42.000000,2024-06-06T16:25:48.000000,Central Park S & 6 Ave,6904.04,South End Ave & Liberty St,5303.06,40.7659,-73.9764,40.7111,-74.0158,casual,306
c57ae3fff8ed48ae,classic_bike,2024-06-06T16:46:44.000000,2024-06-06T17:15:15.000000,Broadway & E 14 St,5905.12,Grand Army Plaza & Plaza St West,4066.15,40.7345,-73.9907,40.6729,-73.9709,casual,1711
2d174fc96f7c45ea,electric_bike,2024-06-06T16:50:57.000000,2024-06-06T17:24:20.000000,Broadway & E 14 St,5905.12,E 17 St & Broadway,5905.14,40.7345,-73.9907,40.737,-73.9901,casual,2003
df162ec3be844aa2,electric_bike,2024-06-06T17:10:05.000000,2024-06-06T17:27:15.000000,N 8 St & Driggs Ave,5453.07,South End Ave & Liberty St,5303.06,40.7177,-73.956,40.7111,-74.0158,casual,1030
b265a6c2aa754eeb,electric_bike,2024-06-06T17:11:41.000000,2024-06-06T17:35:57.000000,E 17 St & Broadway,5905.14,Grand Army Plaza & Plaza St West,4066.15,40.737,-73.9901,40.6729,-73.9709,casual,1456
48f1096d9c4f4b46,electric_bike,2024-06-06T17:32:46.000000,2024-06-06T17:50:58.000000,W 21 St & 6 Ave,6140.05,E 17 St & Broadway,5905.14,40.7418,-73.9945,40.737,-73.9901,member,1092
195c663b9b824430,classic_bike,2024-06-06T17:57:36.000000,2024-06-06T18:18:51.000000,Broadway & E 14 St,5905.12,Pier 40 - Hudson River Park,5573.05,40.7345,-73.9907,40.7276,-74.0115,member,1275
38c46b38a8ae47b9,classic_bike,2024-06-06T18:13:28.000000,2024-06-06T18:23:15.000000,Bedford Ave & Nassau Ave,5525.04,N 8 St & Driggs Ave,5453.07,40.723,-73.9521,40.7177,-73.956,casual,587
8a16a06cc958475e,electric_bike,2024-06-06T18:45:26.000000,2024-06-06T18:59:25.000000,South End Ave & Liberty St,5303.06,8 Ave & W 31 St,6450.12,40.7111,-74.0158,40.7502,-73.9978,casual,839
29bc4734e92946be,classic_bike,2024-06-06T19:17:31.000000,2024-06-06T19:47:38.000000,Pier 40 - Hudson River Park,5573.05,8 Ave & W 31 St,6450.12,40.7276,-74.0115,40.7502,-73.9978,member,1807
b380c73a989d4d4a,electric_bike,2024-06-06T19:36:16.000000,2024-06-06T20:01:30.000000,Central Park S & 6 Ave,6904.04,West St & Chambers St,5470.10,40.7659,-73.9764,40.7175,-74.0134,member,1514
6d820335f3de49dc,classic_bike,2024-06-06T19:37:29.000000,2024-06-06T20:13:46.000000,1 Ave & E 68 St,6753.08,Central Park S & 6 Ave,6904.04,40.7659,-73.9585,40.7659,-73.9764,casual,2177
1851d1cf1dab410a,classic_bike,2024-06-06T19:40:43.000000,2024-06-06T20:04:03.000000,E 47 St & Park Ave,6551.09,8 Ave & W 31 St,6450.12,40.7553,-73.9746,40.7502,-73.9978,member,1400
66dce997b2c444a4,classic_bike,2024-06-06T19:45:06.000000,2024-06-06T19:47:18.000000,Lafayette St & E 8 St,5788.13,E 47 St & Park Ave,6551.09,40.7302,-73.991,40.7553,-73.9746,member,132
a1e518a293d248d4,electric_bike,2024-06-06T20:08:15.000000,2024-06-06T20:37:03.000000,1 Ave & E 68 St,6753.08,Bedford Ave & Nassau Ave,5525.04,40.7659,-73.9585,40.723,-73.9521,casual,1728
542060ce6b2f4d47,classic_bike,2024-06-06T20:32:37.000000,2024-06-06T20:57:31.000000,Grand Army Plaza & Plaza St West,4066.15,Bedford Ave & Nassau Ave,5525.04,40.6729,-73.9709,40.723,-73.9521,member,1494
2d474c4f08694ffa,electric_bike,2024-06-06T20:33:24.000000,2024-06-06T21:05:36.000000,E 17 St & Broadway,5905.14,Central Park S & 6 Ave,6904.04,40.737,-73.9901,40.7659,-73.9764,member,1932
e4729be5f3c2444a,electric_bike,2024-06-06T20:42:17.000000,2024-06-06T21:02:06.000000,8 Ave & W 31 St,6450.12,N 8 St & Driggs Ave,5453.07,40.7502,-73.9978,40.7177,-73.956,member,1189
92701d607c4f48e4,electric_bike,2024-06-06T20:58:26.000000,2024-06-06T21:18:27.000000,E 47 St & Park Ave,6551.09,Pier 40 - Hudson River Park,5573.05,40.7553,-73.9746,40.7276,-74.0115,member,1201
e0c53cb83da942a9,classic_bike,2024-06-06T20:59:53.000000,2024-06-06T21:22:52.000000,Broadway & E 14 St,5905.12,South End Ave & Liberty St,5303.06,40.7345,-73.9907,40.7111,-74.0158,member,1379
aa7a907d41f341b9,electric_bike,2024-06-06T21:24:24.000000,2024-06-06T21:45:32.000000,South End Ave & Liberty St,5303.06,South End Ave & Liberty St,5303.06,40.7111,-74.0158,40.7111,-74.0158,member,1268
c433b3bdd9cc4656,classic_bike,2024-06-06T21:35:43.000000,2024-06-06T21:54:46.000000,Lafayette St & E 8 St,5788.13,Broadway & E 14 St,5905.12,40.7302,-73.991,40.7345,-73.9907,casual,1143
5e5a90c152a443f9,electric_bike,2024-06-06T21:53:02.000000,2024-06-06T22:01:23.000000,Bedford Ave & Nassau Ave,5525.04,Grand Army Plaza & Plaza St West,4066.15,40.723,-73.9521,40.6729,-73.9709,member,501
09ce3cfb23394a19,electric_bike,2024-06-06T21:53:06.000000,2024-06-06T22:17:59.000000,West St & Chambers St,5470.10,W 21 St & 6 Ave,6140.05,40.7175,-74.0134,40.7418,-73.9945,casual,1493
df0ddef190c44e45,classic_bike,2024-06-07T06:44:49.000000,2024-06-07T06:58:28.000000,E 17 St & Broadway,5905.14,Pier 40 - Hudson River Park,5573.05,40.737,-73.9901,40.7276,-74.0115,member,819
39a0f145a5ba4050,classic_bike,2024-06-07T06:50:10.000000,2024-06-07T07:06:47.000000,8 Ave & W 31 St,6450.12,W 21 St & 6 Ave,6140.05,40.7502,-73.9978,40.7418,-73.9945,casual,997
26a4cbefa437499c,classic_bike,2024-06-07T07:02:25.000000,2024-06-07T07:06:56.000000,9 Ave & W 45 St,6717.06,1 Ave & E 68 St,6753.08,40.7602,-73.9913,40.7659,-73.9585,casual,271
542ef29e1bcf492f,electric_bike,2024-06-07T07:05:34.000000,2024-06-07T07:33:56.000000,E 17 St & Broadway,5905.14,West St & Chambers St,5470.10,40.737,-73.9901,40.7175,-74.0134,casual,1702
3712f2d187cd46a1,electric_bike,2024-06-07T07:11:09.000000,2024-06-07T07:15:14.000000,Grand Army Plaza & Plaza St West,4066.15,N 8 St & Driggs Ave,5453.07,40.6729,-73.9709,40.7177,-73.956,casual,245
36cf9429865748ff,electric_bike,2024-06-07T07:23:19.000000,2024-06-07T07:56:08.000000,Broadway & E 14 St,5905.12,8 Ave & W 31 St,6450.12,40.7345,-73.9907,40.7502,-73.9978,member,1969
e1887eaf5e1845c3,electric_bike,2024-06-07T07:31:46.000000,2024-06-07T07:40:45.000000,Broadway & E 14 St,5905.12,West St & Chambers St,5470.10,40.7345,-73.9907,40.7175,-74.0134,member,539
4ca9cf07b1aa4f6a,classic_bike,2024-06-07T07:40:48.000000,2024-06-07T07:49:39.000000,Bedford Ave & Nassau Ave,5525.04,Broadway & E 14 St,5905.12,40.723,-73.9521,40.7345,-73.9907,member,531
e0b15abaa6a24967,classic_bike,2024-06-07T07:41:50.000000,2024-06-07T07:51:38.000000,Pier 40 - Hudson River Park,5573.05,Grand Army Plaza & Plaza St West,4066.15,40.7276,-74.0115,40.6729,-73.9709,casual,588
e1035e1ce3bb42ae,electric_bike,2024-06-07T08:27:39.000000,2024-06-07T08:57:04.000000,1 Ave & E 68 St,6753.08,8 Ave & W 31 St,6450.12,40.7659,-73.9585,40.7502,-73.9978,member,1765
fa60ede1e5eb472d,classic_bike,2024-06-07T08:44:46.000000,2024-06-07T08:51:53.000000,Lafayette St & E 8 St,5788.13,1 Ave & E 68 St,6753.08,40.7302,-73.991,40.7659,-73.9585,casual,427
d9815a41e1cc433c,electric_bike,2024-06-07T09:05:22.000000,2024-06-07T09:43:39.000000,Lafayette St & E 8 St,5788.13,9 Ave & W 45 St,6717.06,40.7302,-73.991,40.7602,-73.9913,casual,2297
53238affe1e548a1,electric_bike,2024-06-07T09:07:44.000000,2024-06-07T09:32:17.000000,South End Ave & Liberty St,5303.06,Lafayette St & E 8 St,5788.13,40.7111,-74.0158,40.7302,-73.991,casual,1473
39b02e2ad96e484f,electric_bike,2024-06-07T09:08:48.000000,2024-06-07T09:47:31.000000,1 Ave & E 68 St,6753.08,8 Ave & W 31 St,6450.12,40.7659,-73.9585,40.7502,-73.9978,member,2323
0b6c03c8721e4419,electric_bike,2024-06-07T09:09:23.000000,2024-06-07T09:37:25.000000,N 8 St & Driggs Ave,5453.07,Pier 40 - Hudson River Park,5573.05,40.7177,-73.956,40.7276,-74.0115,casual,1682
c1d48a101b964925,electric_bike,2024-06-07T09:40:29.000000,2024-06-07T09:55:29.000000,South End Ave & Liberty St,5303.06,E 47 St & Park Ave,6551.09,40.7111,-74.0158,40.7553,-73.9746,member,900
d40e53ce52a74a41,electric_bike,2024-06-07T09:43:27.000000,2024-06-07T09:59:54.000000,9 Ave & W 45 St,6717.06,Pier 40 - Hudson River Park,5573.05,40.7602,-73.9913,40.7276,-74.0115,casual,987
2cfcbb3f1f9d4ccd,electric_bike,2024-06-07T09:47:24.000000,2024-06-07T09:56:34.000000,W 21 St & 6 Ave,6140.05,Broadway & E 14 St,5905.12,40.7418,-73.9945,40.7345,-73.9907,casual,550
951c25d54d4c4280,classic_bike,2024-06-07T10:01:28.000000,2024-06-07T10:21:41.000000,W 21 St & 6 Ave,6140.05,8 Ave & W 31 St,6450.12,40.7418,-73.9945,40.7502,-73.9978,casual,1213
7b7ce7ccf95047fa,electric_bike,2024-06-07T10:04:39.000000,2024-06-07T10:23:17.000000,E 17 St & Broadway,5905.14,Grand Army Plaza & Plaza St West,4066.15,40.737,-73.9901,40.6729,-73.9709,member,1118
4d7d10f37d164638,classic_bike,2024-06-07T10:10:02.000000,2024-06-07T10:20:08.000000,N 8 St & Driggs Ave,5453.07,Bedford Ave & Nassau Ave,5525.04,40.7177,-73.956,40.723,-73.9521,casual,606
93e34c35ef0a473d,electric_bike,2024-06-07T10:14:55.000000,2024-06-07T10:27:49.000000,E 47 St & Park Ave,6551.09,Grand Army Plaza & Plaza St West,4066.15,40.7553,-73.9746,40.6729,-73.9709,member,774
5cf85eebf0534851,electric_bike,2024-06-07T10:37:56.000000,2024-06-07T11:10:18.000000,Grand Army Plaza & Plaza St West,4066.15,N 8 St & Driggs Ave,5453.07,40.6729,-73.9709,40.7177,-73.956,casual,1942
7f2984f5bec34a37,electric_bike,2024-06-07T10:41:00.000000,2024-06-07T10:46:20.000000,E 47 St & Park Ave,6551.09,N 8 St & Driggs Ave,5453.07,40.7553,-73.9746,40.7177,-73.956,member,320
d89462e895804c3a,electric_bike,2024-06-07T10:45:35.000000,2024-06-07T11:05:37.000000,E 17 St & Broadway,5905.14,W 21 St & 6 Ave,6140.05,40.737,-73.9901,40.7418,-73.9945,member,1202
4d4f6814d3854240,electric_bike,2024-06-07T10:56:35.000000,2024-06-07T11:32:04.000000,1 Ave & E 68 St,6753.08,E 47 St & Park Ave,6551.09,40.7659,-73.9585,40.7553,-73.9746,casual,2129
19675f06bd764e35,classic_bike,2024-06-07T11:12:36.000000,2024-06-07T11:18:42.000000,E 47 St & Park Ave,6551.09,Grand Army Plaza & Plaza St West,4066.15,40.7553,-73.9746,40.6729,-73.9709,member,366
06a241af1d0a47f7,classic_bike,2024-06-07T11:21:41.000000,2024-06-07T11:42:42.000000,Pier 40 - Hudson River Park,5573.05,Lafayette St & E 8 St,5788.13,40.7276,-74.0115,40.7302,-73.991,casual,1261
3e0f84cec82f48fd,electric_bike,2024-06-07T11:26:18.000000,2024-06-07T12:01:49.000000,Lafayette St & E 8 St,5788.13,1 Ave & E 68 St,6753.08,40.7302,-73.991,40.7659,-73.9585,casual,2131
cbebb43fef154821,classic_bike,2024-06-07T11:27:49.000000,2024-06-07T11:54:44.000000,E 47 St & Park Ave,6551.09,E 17 St & Broadway,5905.14,40.7553,-73.9746,40.737,-73.9901,member,1615
23310a28c5504ca8,classic_bike,2024-06-07T11:38:45.000000,2024-06-07T12:12:59.000000,W 21 St & 6 Ave,6140.05,Broadway & E 14 St,5905.12,40.7418,-73.9945,40.7345,-73.9907,member,2054
3e85c8c4a9474663,classic_bike,2024-06-07T11:53:22.000000,2024-06-07T12:23:29.000000,E 17 St & Broadway,5905.14,Broadway & E 14 St,5905.12,40.737,-73.9901,40.7345,-73.9907,member,1807
436ae2bbd5094e07,classic_bike,2024-06-07T12:01:33.000000,2024-06-07T12:40:07.000000,9 Ave & W 45 St,6717.06,Lafayette St & E 8 St,5788.13,40.7602,-73.9913,40.7302,-73.991,casual,2314
79912c512c644adf,classic_bike,2024-06-07T12:30:27.000000,2024-06-07T13:09:39.000000,Bedford Ave & Nassau Ave,5525.04,E 17 St & Broadway,5905.14,40.723,-73.9521,40.737,-73.9901,member,2352
8da0365bf89847b9,classic_bike,2024-06-07T12:30:38.000000,2024-06-07T13:04:35.000000,Grand Army Plaza & Plaza St West,4066.15,Broadway & E 14 St,5905.12,40.6729,-73.9709,40.7345,-73.9907,member,2037
63b664f404524779,classic_bike,2024-06-07T12:37:28.000000,2024-06-07T13:07:04.000000,South End Ave & Liberty St,5303.06,8 Ave & W 31 St,6450.12,40.7111,-74.0158,40.7502,-73.9978,member,1776
a41bc4c24ecc40ab,classic_bike,2024-06-07T12:44:47.000000,2024-06-07T13:12:15.000000,E 17 St & Broadway,5905.14,South End Ave & Liberty St,5303.06,40.737,-73.9901,40.7111,-74.0158,casual,1648
cd1f75a371b64ca1,electric_bike,2024-06-07T12:52:52.000000,2024-06-07T13:10:54.000000,Pier 40 - Hudson River Park,5573.05,N 8 St & Driggs Ave,5453.07,40.7276,-74.0115,40.7177,-73.956,member,1082
c6ac1b04dd1d4cd1,classic_bike,2024-06-07T13:29:14.000000,2024-06-07T14:08:04.000000,Bedford Ave & Nassau Ave,5525.04,W 21 St & 6 Ave,6140.05,40.723,-73.9521,40.7418,-73.9945,member,2330
146e6a4f2a874e02,electric_bike,2024-06-07T13:31:40.000000,2024-06-07T13:41:07.000000,South End Ave & Liberty St,5303.06,E 47 St & Park Ave,6551.09,40.7111,-74.0158,40.7553,-73.9746,member,567
93ed82c51cf84164,electric_bike,2024-06-07T13:37:46.000000,2024-06-07T14:12:25.000000,Lafayette St & E 8 St,5788.13,1 Ave & E 68 St,6753.08,40.7302,-73.991,40.7659,-73.9585,casual,2079
06b919aa1a7147c7,classic_bike,2024-06-07T13:39:35.000000,2024-06-07T14:19:27.000000,Broadway & E 14 St,5905.12,1 Ave & E 68 St,6753.08,40.7345,-73.9907,40.7659,-73.9585,casual,2392
f6d22a7baec74a82,classic_bike,2024-06-07T13:39:55.000000,2024-06-07T14:07:41.000000,Lafayette St & E 8 St,5788.13,South End Ave & Liberty St,5303.06,40.7302,-73.991,40.7111,-74.0158,casual,1666
a3f66c612fb74dab,electric_bike,2024-06-07T13:53:14.000000,2024-06-07T14:22:53.000000,Lafayette St & E 8 St,5788.13,Pier 40 - Hudson River Park,5573.05,40.7302,-73.991,40.7276,-74.0115,casual,1779
030974c06f4a4fcc,electric_bike,2024-06-07T14:05:16.000000,2024-06-07T14:17:10.000000,N 8 St & Driggs Ave,5453.07,Bedford Ave & Nassau Ave,5525.04,40.7177,-73.956,40.723,-73.9521,casual,714
aeb00fb926cb4e99,electric_bike,2024-06-07T14:08:37.000000,2024-06-07T14:13:10.000000,Grand Army Plaza & Plaza St West,4066.15,9 Ave & W 45 St,6717.06,40.6729,-73.9709,40.7602,-73.9913,member,273
dd9e7b6de75142a4,classic_bike,2024-06-07T14:09:47.000000,2024-06-07T14:16:28.000000,1 Ave & E 68 St,6753.08,Pier 40 - Hudson River Park,5573.05,40.7659,-73.9585,40.7276,-74.0115,member,401
cc530e36addc4e13,electric_bike,2024-06-07T14:17:01.000000,2024-06-07T14:45:33.000000,West St & Chambers St,5470.10,8 Ave & W 31 St,6450.12,40.7175,-74.0134,40.7502,-73.9978,member,1712
5a9c06792c3d47e2,classic_bike,2024-06-07T14:28:01.000000,2024-06-07T14:56:08.000000,E 47 St & Park Ave,6551.09,Bedford Ave & Nassau Ave,5525.04,40.7553,-73.9746,40.723,-73.9521,member,1687
8f2e08d37b1d4ca3,classic_bike,2024-06-07T14:33:27.000000,2024-06-07T14:44:21.000000,8 Ave & W 31 St,6450.12,Broadway & E 14 St,5905.12,40.7502,-73.9978,40.7345,-73.9907,casual,654
aebbf69ffdc2405c,classic_bike,2024-06-07T14:38:28.000000,2024-06-07T14:58:24.000000,Broadway & E 14 St,5905.12,N 8 St & Driggs Ave,5453.07,40.7345,-73.9907,40.7177,-73.956,member,1196
f37fd50d2e2545ee,classic_bike,2024-06-07T14:40:23.000000,2024-06-07T14:43:37.000000,N 8 St & Driggs Ave,5453.07,N 8 St & Driggs Ave,5453.07,40.7177,-73.956,40.7177,-73.956,casual,194
55af47da31d146cb,classic_bike,2024-06-07T15:05:28.000000,2024-06-07T15:29:03.000000,8 Ave & W 31 St,6450.12,South End Ave & Liberty St,5303.06,40.7502,-73.9978,40.7111,-74.0158,member,1415
df9b7c1feacb4f6d,classic_bike,2024-06-07T15:25:20.000000,2024-06-07T15:46:11.000000,E 17 St & Broadway,5905.14,Pier 40 - Hudson River Park,5573.05,40.737,-73.9901,40.7276,-74.0115,casual,1251
2bdfcb41b3ed48f1,classic_bike,2024-06-07T15:25:30.000000,2024-06-07T15:31:19.000000,E 17 St & Broadway,5905.14,E 17 St & Broadway,5905.14,40.737,-73.9901,40.737,-73.9901,casual,349
2f90005839ca4826,electric_bike,2024-06-07T15:25:52.000000,2024-06-07T15:58:35.000000,Central Park S & 6 Ave,6904.04,Pier 40 - Hudson River Park,5573.05,40.7659,-73.9764,40.7276,-74.0115,member,1963
c68da4b2f6134da0,electric_bike,2024-06-07T15:36:30.000000,2024-06-07T15:55:06.000000,Bedford Ave & Nassau Ave,5525.04,Central Park S & 6 Ave,6904.04,40.723,-73.9521,40.7659,-73.9764,casual,1116
b7360c4fdcc54975,classic_bike,2024-06-07T15:43:57.000000,2024-06-07T16:17:11.000000,West St & Chambers St,5470.10,Lafayette St & E 8 St,5788.13,40.7175,-74.0134,40.7302,-73.991,member,1994
7d9d2b3bc55f4445,electric_bike,2024-06-07T15:48:00.000000,2024-06-07T16:25:11.000000,Bedford Ave & Nassau Ave,5525.04,Lafayette St & E 8 St,5788.13,40.723,-73.9521,40.7302,-73.991,casual,2231
36136e15f2004261,classic_bike,2024-06-07T16:13:03.000000,2024-06-07T16:15:34.000000,W 21 St & 6 Ave,6140.05,West St & Chambers St,5470.10,40.7418,-73.9945,40.7175,-74.0134,casual,151
5913f9d3785249f4,electric_bike,2024-06-07T16:50:52.000000,2024-06-07T17:26:26.000000,1 Ave & E 68 St,6753.08,Grand Army Plaza & Plaza St West,4066.15,40.7659,-73.9585,40.6729,-73.9709,casual,2134
33f7d722e51748b2,electric_bike,2024-06-07T16:53:58.000000,2024-06-07T16:58:27.000000,8 Ave & W 31 St,6450.12,Grand Army Plaza & Plaza St West,4066.15,40.7502,-73.9978,40.6729,-73.9709,member,269
279f91ab1b4949b6,electric_bike,2024-06-07T17:10:13.000000,2024-06-07T17:33:46.000000,Pier 40 - Hudson River Park,5573.05,W 21 St & 6 Ave,6140.05,40.7276,-74.0115,40.7418,-73.9945,casual,1413
1b552618e57e42d3,electric_bike,2024-06-07T17:16:12.000000,2024-06-07T17:38:36.000000,Pier 40 - Hudson River Park,5573.05,W 21 St & 6 Ave,6140.05,40.7276,-74.0115,40.7418,-73.9945,casual,1344
033d2bce575a4d2c,electric_bike,2024-06-07T17:17:23.000000,2024-06-07T17:24:05.000000,Lafayette St & E 8 St,5788.13,Pier 40 - Hudson River Park,5573.05,40.7302,-73.991,40.7276,-74.0115,casual,402
2e7405695346405c,classic_bike,2024-06-07T17:34:10.000000,2024-06-07T17:40:11.000000,1 Ave & E 68 St,6753.08,8 Ave & W 31 St,6450.12,40.7659,-73.9585,40.7502,-73.9978,member,361
12d0498d718d4d05,classic_bike,2024-06-07T17:42:06.000000,2024-06-07T18:17:34.000000,E 47 St & Park Ave,6551.09,E 17 St & Broadway,5905.14,40.7553,-73.9746,40.737,-73.9901,casual,2128
54b4a48268584eba,electric_bike,2024-06-07T17:50:09.000000,2024-06-07T18:06:45.000000,1 Ave & E 68 St,6753.08,West St & Chambers St,5470.10,40.7659,-73.9585,40.7175,-74.0134,casual,996
48af7f108a714a73,classic_bike,2024-06-07T18:22:46.000000,2024-06-07T18:33:22.000000,Pier 40 - Hudson River Park,5573.05,Lafayette St & E 8 St,5788.13,40.7276,-74.0115,40.7302,-73.991,member,636
0e63813ed22e4226,classic_bike,2024-06-07T18:38:31.000000,2024-06-07T19:15:46.000000,South End Ave & Liberty St,5303.06,E 47 St & Park Ave,6551.09,40.7111,-74.0158,40.7553,-73.9746,member,2235
acf5e81e71314269,classic_bike,2024-06-07T19:24:37.000000,2024-06-07T19:48:36.000000,8 Ave & W 31 St,6450.12,West St & Chambers St,5470.10,40.7502,-73.9978,40.7175,-74.0134,casual,1439
1b9b71f03f4544d4,electric_bike,2024-06-07T19:47:01.000000,2024-06-07T20:11:50.000000,W 21 St & 6 Ave,6140.05,Central Park S & 6 Ave,6904.04,40.7418,-73.9945,40.7659,-73.9764,member,1489
1228130ba64242a2,electric_bike,2024-06-07T19:57:45.000000,2024-06-07T20:07:03.000000,Pier 40 - Hudson River Park,5573.05,Broadway & E 14 St,5905.12,40.7276,-74.0115,40.7345,-73.9907,casual,558
c49968ddd6d24227,classic_bike,2024-06-07T20:07:38.000000,2024-06-07T20:34:04.000000,Lafayette St & E 8 St,5788.13,E 47 St & Park Ave,6551.09,40.7302,-73.991,40.7553,-73.9746,member,1586
ebc92914517649d1,classic_bike,2024-06-07T20:31:49.000000,2024-06-07T20:36:01.000000,Bedford Ave & Nassau Ave,5525.04,Grand Army Plaza & Plaza St West,4066.15,40.723,-73.9521,40.6729,-73.9709,member,252
c3803b4a7dc44f12,classic_bike,2024-06-07T21:14:10.000000,2024-06-07T21:37:42.000000,Pier 40 - Hudson River Park,5573.05,Lafayette St & E 8 St,5788.13,40.7276,-74.0115,40.7302,-73.991,casual,1412
8fd8acb4c8fb4050,electric_bike,2024-06-07T21:32:45.000000,2024-06-07T22:00:48.000000,N 8 St & Driggs Ave,5453.07,Lafayette St & E 8 St,5788.13,40.7177,-73.956,40.7302,-73.991,member,1683
b390b059207b4e21,classic_bike,2024-06-07T21:40:03.000000,2024-06-07T22:00:58.000000,9 Ave & W 45 St,6717.06,9 Ave & W 45 St,6717.06,40.7602,-73.9913,40.7602,-73.9913,member,1255
d29cf92aefb2433c,classic_bike,2024-06-07T21:49:58.000000,2024-06-07T22:09:24.000000,E 17 St & Broadway,5905.14,W 21 St & 6 Ave,6140.05,40.737,-73.9901,40.7418,-73.9945,casual,1166
90a014ab4ca14abd,electric_bike,2024-06-07T21:50:47.000000,2024-06-07T21:56:36.000000,9 Ave & W 45 St,6717.06,E 47 St & Park Ave,6551.09,40.7602,-73.9913,40.7553,-73.9746,member,349
60a7ca57858147a1,classic_bike,2024-06-07T21:53:10.000000,2024-06-07T22:13:43.000000,Bedford Ave & Nassau Ave,5525.04,West St & Chambers St,5470.10,40.723,-73.9521,40.7175,-74.0134,member,1233
5fd2bec365364c77,electric_bike,2024-06-08T06:07:09.000000,2024-06-08T06:26:13.000000,Broadway & E 14 St,5905.12,South End Ave & Liberty St,5303.06,40.7345,-73.9907,40.7111,-74.0158,casual,1144
6bf843df96f14d54,classic_bike,2024-06-08T06:28:50.000000,2024-06-08T06:40:35.000000,8 Ave & W 31 St,6450.12,8 Ave & W 31 St,6450.12,40.7502,-73.9978,40.7502,-73.9978,casual,705
a508dc9513a44492,classic_bike,2024-06-08T06:38:03.000000,2024-06-08T07:05:13.000000,8 Ave & W 31 St,6450.12,Central Park S & 6 Ave,6904.04,40.7502,-73.9978,40.7659,-73.9764,casual,1630
7c3609088f944977,electric_bike,2024-06-08T06:41:28.000000,2024-06-08T07:07:48.000000,Broadway & E 14 St,5905.12,South End Ave & Liberty St,5303.06,40.7345,-73.9907,40.7111,-74.0158,casual,1580
c461994d609c4e40,classic_bike,2024-06-08T06:53:38.000000,2024-06-08T06:55:57.000000,Bedford Ave & Nassau Ave,5525.04,8 Ave & W 31 St,6450.12,40.723,-73.9521,40.7502,-73.9978,member,139
6fa22f9290c94f00,electric_bike,2024-06-08T07:08:38.000000,2024-06-08T07:35:19.000000,9 Ave & W 45 St,6717.06,8 Ave & W 31 St,6450.12,40.7602,-73.9913,40.7502,-73.9978,casual,1601
473268c98c1e4464,classic_bike,2024-06-08T07:21:38.000000,2024-06-08T07:24:04.000000,Central Park S & 6 Ave,6904.04,E 17 St & Broadway,5905.14,40.7659,-73.9764,40.737,-73.9901,member,146
24722a76f7c94c89,electric_bike,2024-06-08T07:25:54.000000,2024-06-08T08:02:03.000000,Grand Army Plaza & Plaza St West,4066.15,E 17 St & Broadway,5905.14,40.6729,-73.9709,40.737,-73.9901,member,2169
dcc31cb2d0cb479f,classic_bike,2024-06-08T07:35:31.000000,2024-06-08T07:49:54.000000,1 Ave & E 68 St,6753.08,South End Ave & Liberty St,5303.06,40.7659,-73.9585,40.7111,-74.0158,member,863
68f45bce24e74e8e,classic_bike,2024-06-08T07:42:33.000000,2024-06-08T08:15:44.000000,E 47 St & Park Ave,6551.09,E 47 St & Park Ave,6551.09,40.7553,-73.9746,40.7553,-73.9746,member,1991
4bbe4aff93264ffd,electric_bike,2024-06-08T07:49:15.000000,2024-06-08T08:17:17.000000,E 17 St & Broadway,5905.14,E 47 St & Park Ave,6551.09,40.737,-73.9901,40.7553,-73.9746,member,1682
9d2ce51b37e84d71,classic_bike,2024-06-08T07:51:09.000000,2024-06-08T08:30:03.000000,1 Ave & E 68 St,6753.08,N 8 St & Driggs Ave,5453.07,40.7659,-73.9585,40.7177,-73.956,casual,2334
484204d52bb94661,electric_bike,2024-06-08T07:55:22.000000,2024-06-08T08:30:02.000000,W 21 St & 6 Ave,6140.05,Broadway & E 14 St,5905.12,40.7418,-73.9945,40.7345,-73.9907,member,2080
503b4078a39c4ec6,electric_bike,2024-06-08T07:56:16.000000,2024-06-08T08:31:40.000000,Lafayette St & E 8 St,5788.13,West St & Chambers St,5470.10,40.7302,-73.991,40.7175,-74.0134,casual,2124
f2d31a6527de464c,electric_bike,2024-06-08T07:57:17.000000,2024-06-08T08:30:18.000000,Bedford Ave & Nassau Ave,5525.04,Bedford Ave & Nassau Ave,5525.04,40.723,-73.9521,40.723,-73.9521,member,1981
0cf477ef18c84616,electric_bike,2024-06-08T08:05:17.000000,2024-06-08T08:37:58.000000,Lafayette St & E 8 St,5788.13,West St & Chambers St,5470.10,40.7302,-73.991,40.7175,-74.0134,casual,1961
afd58fe765c64548,classic_bike,2024-06-08T08:16:55.000000,2024-06-08T08:40:59.000000,Broadway & E 14 St,5905.12,W 21 St & 6 Ave,6140.05,40.7345,-73.9907,40.7418,-73.9945,casual,1444
d9606af0aa544c79,classic_bike,2024-06-08T08:30:38.000000,2024-06-08T08:51:58.000000,Central Park S & 6 Ave,6904.04,N 8 St & Driggs Ave,5453.07,40.7659,-73.9764,40.7177,-73.956,casual,1280
0aeccec7204d49da,electric_bike,2024-06-08T08:57:10.000000,2024-06-08T09:13:37.000000,Broadway & E 14 St,5905.12,9 Ave & W 45 St,6717.06,40.7345,-73.9907,40.7602,-73.9913,member,987
56a701aba66c4f43,electric_bike,2024-06-08T09:03:03.000000,2024-06-08T09:13:03.000000,Broadway & E 14 St,5905.12,Lafayette St & E 8 St,5788.13,40.7345,-73.9907,40.7302,-73.991,member,600
155287c70b964346,electric_bike,2024-06-08T09:03:50.000000,2024-06-08T09:18:16.000000,Bedford Ave & Nassau Ave,5525.04,N 8 St & Driggs Ave,5453.07,40.723,-73.9521,40.7177,-73.956,casual,866
0b3f953a5e75488f,classic_bike,2024-06-08T09:45:04.000000,2024-06-08T10:06:04.000000,E 17 St & Broadway,5905.14,West St & Chambers St,5470.10,40.737,-73.9901,40.7175,-74.0134,member,1260
f4be28b44cd746f7,electric_bike,2024-06-08T09:49:01.000000,2024-06-08T09:51:11.000000,Pier 40 - Hudson River Park,5573.05,Bedford Ave & Nassau Ave,5525.04,40.7276,-74.0115,40.723,-73.9521,member,130
0d87bc72bce04a63,classic_bike,2024-06-08T09:56:40.000000,2024-06-08T10:07:51.000000,8 Ave & W 31 St,6450.12,Central Park S & 6 Ave,6904.04,40.7502,-73.9978,40.7659,-73.9764,casual,671
c7e53bbbdcb54c53,classic_bike,2024-06-08T10:19:02.000000,2024-06-08T10:34:04.000000,E 47 St & Park Ave,6551.09,Pier 40 - Hudson River Park,5573.05,40.7553,-73.9746,40.7276,-74.0115,casual,902
19bc143efb024ebb,classic_bike,2024-06-08T10:43:46.000000,2024-06-08T11:21:34.000000,West St & Chambers St,5470.10,Bedford Ave & Nassau Ave,5525.04,40.7175,-74.0134,40.723,-73.9521,casual,2268
b3f6fe0d48604b32,electric_bike,2024-06-08T10:58:02.000000,2024-06-08T11:15:50.000000,Bedford Ave & Nassau Ave,5525.04,Grand Army Plaza & Plaza St West,4066.15,40.723,-73.9521,40.6729,-73.9709,member,1068
002f2ca4743e4531,electric_bike,2024-06-08T11:02:52.000000,2024-06-08T11:22:50.000000,Pier 40 - Hudson River Park,5573.05,1 Ave & E 68 St,6753.08,40.7276,-74.0115,40.7659,-73.9585,member,1198
95a0f35665ab49ff,classic_bike,2024-06-08T11:09:43.000000,2024-06-08T11:47:15.000000,8 Ave & W 31 St,6450.12,West St & Chambers St,5470.10,40.7502,-73.9978,40.7175,-74.0134,member,2252
04a434e7ffcf456e,electric_bike,2024-06-08T11:10:15.000000,2024-06-08T11:26:32.000000,9 Ave & W 45 St,6717.06,E 17 St & Broadway,5905.14,40.7602,-73.9913,40.737,-73.9901,casual,977
1a46d536048c4480,electric_bike,2024-06-08T11:23:07.000000,2024-06-08T11:59:04.000000,E 47 St & Park Ave,6551.09,Central Park S & 6 Ave,6904.04,40.7553,-73.9746,40.7659,-73.9764,casual,2157
74577d47d8254010,electric_bike,2024-06-08T11:49:23.000000,2024-06-08T11:55:05.000000,N 8 St & Driggs Ave,5453.07,N 8 St & Driggs Ave,5453.07,40.7177,-73.956,40.7177,-73.956,casual,342
cf5b294dd2cc4853,classic_bike,2024-06-08T11:55:44.000000,2024-06-08T12:18:02.000000,N 8 St & Driggs Ave,5453.07,South End Ave & Liberty St,5303.06,40.7177,-73.956,40.7111,-74.0158,casual,1338
95082801e3be4ca0,classic_bike,2024-06-08T12:04:09.000000,2024-06-08T12:15:35.000000,Broadway & E 14 St,5905.12,W 21 St & 6 Ave,6140.05,40.7345,-73.9907,40.7418,-73.9945,member,686
037f5347ab404561,classic_bike,2024-06-08T12:12:21.000000,2024-06-08T12:35:07.000000,1 Ave & E 68 St,6753.08,8 Ave & W 31 St,6450.12,40.7659,-73.9585,40.7502,-73.9978,casual,1366
7d3d6b721f3e4572,classic_bike,2024-06-08T12:16:00.000000,2024-06-08T12:26:11.000000,N 8 St & Driggs Ave,5453.07,N 8 St & Driggs Ave,5453.07,40.7177,-73.956,40.7177,-73.956,member,611
7942000acf244413,electric_bike,2024-06-08T13:05:49.000000,2024-06-08T13:08:15.000000,E 47 St & Park Ave,6551.09,West St & Chambers St,5470.10,40.7553,-73.9746,40.7175,-74.0134,casual,146
73b6a09b1bea46ac,classic_bike,2024-06-08T13:39:49.000000,2024-06-08T14:06:31.000000,Bedford Ave & Nassau Ave,5525.04,Broadway & E 14 St,5905.12,40.723,-73.9521,40.7345,-73.9907,member,1602
ebf45b9d5e8c4bbf,classic_bike,2024-06-08T14:04:02.000000,2024-06-08T14:16:44.000000,Bedford Ave & Nassau Ave,5525.04,West St & Chambers St,5470.10,40.723,-73.9521,40.7175,-74.0134,casual,762
68994c8408404234,classic_bike,2024-06-08T14:05:08.000000,2024-06-08T14:18:18.000000,E 47 St & Park Ave,6551.09,E 17 St & Broadway,5905.14,40.7553,-73.9746,40.737,-73.9901,casual,790
5acd1e906fd1434e,electric_bike,2024-06-08T14:06:34.000000,2024-06-08T14:19:32.000000,Lafayette St & E 8 St,5788.13,E 17 St & Broadway,5905.14,40.7302,-73.991,40.737,-73.9901,member,778
52380bf249884418,electric_bike,2024-06-08T14:08:41.000000,2024-06-08T14:24:17.000000,E 17 St & Broadway,5905.14,N 8 St & Driggs Ave,5453.07,40.737,-73.9901,40.7177,-73.956,member,936
05bf0618693040c4,classic_bike,2024-06-08T14:10:13.000000,2024-06-08T14:23:13.000000,Central Park S & 6 Ave,6904.04,N 8 St & Driggs Ave,5453.07,40.7659,-73.9764,40.7177,-73.956,member,780
c2d49b56cbbe4980,classic_bike,2024-06-08T14:20:10.000000,2024-06-08T14:27:48.000000,Bedford Ave & Nassau Ave,5525.04,E 47 St & Park Ave,6551.09,40.723,-73.9521,40.7553,-73.9746,casual,458
b8a1e477e2404060,classic_bike,2024-06-08T14:27:23.000000,2024-06-08T15:04:41.000000,N 8 St & Driggs Ave,5453.07,Pier 40 - Hudson River Park,5573.05,40.7177,-73.956,40.7276,-74.0115,member,2238
873f3f030f8a479c,classic_bike,2024-06-08T14:45:37.000000,2024-06-08T15:20:55.000000,Central Park S & 6 Ave,6904.04,E 17 St & Broadway,5905.14,40.7659,-73.9764,40.737,-73.9901,casual,2118
05eee1d47f53488e,classic_bike,2024-06-08T14:47:29.000000,2024-06-08T15:23:31.000000,9 Ave & W 45 St,6717.06,1 Ave & E 68 St,6753.08,40.7602,-73.9913,40.7659,-73.9585,casual,2162
321735257279401c,classic_bike,2024-06-08T15:04:18.000000,2024-06-08T15:32:55.000000,N 8 St & Driggs Ave,5453.07,1 Ave & E 68 St,6753.08,40.7177,-73.956,40.7659,-73.9585,casual,1717
3ce5988c7e534702,classic_bike,2024-06-08T15:16:51.000000,2024-06-08T15:19:14.000000,Central Park S & 6 Ave,6904.04,E 47 St & Park Ave,6551.09,40.7659,-73.9764,40.7553,-73.9746,casual,143
1a16998c7648476e,classic_bike,2024-06-08T15:29:47.000000,2024-06-08T16:09:20.000000,E 17 St & Broadway,5905.14,E 47 St & Park Ave,6551.09,40.737,-73.9901,40.7553,-73.9746,member,2373
cf13cb3d4ab04699,classic_bike,2024-06-08T15:52:10.000000,2024-06-08T15:57:41.000000,W 21 St & 6 Ave,6140.05,N 8 St & Driggs Ave,5453.07,40.7418,-73.9945,40.7177,-73.956,casual,331
d5767137d456429d,electric_bike,2024-06-08T15:59:15.000000,2024-06-08T16:14:59.000000,W 21 St & 6 Ave,6140.05,E 47 St & Park Ave,6551.09,40.7418,-73.9945,40.7553,-73.9746,member,944
e4fd6c34d6704a21,electric_bike,2024-06-08T16:00:35.000000,2024-06-08T16:26:27.000000,1 Ave & E 68 St,6753.08,E 47 St & Park Ave,6551.09,40.7659,-73.9585,40.7553,-73.9746,member,1552
3012f8197df34378,electric_bike,2024-06-08T16:32:28.000000,2024-06-08T16:53:02.000000,Broadway & E 14 St,5905.12,N 8 St & Driggs Ave,5453.07,40.7345,-73.9907,40.7177,-73.956,member,1234
7b9a21c41155481f,electric_bike,2024-06-08T16:44:45.000000,2024-06-08T16:54:45.000000,South End Ave & Liberty St,5303.06,Lafayette St & E 8 St,5788.13,40.7111,-74.0158,40.7302,-73.991,member,600
565f1491edb64b81,electric_bike,2024-06-08T16:46:09.000000,2024-06-08T16:59:35.000000,Grand Army Plaza & Plaza St West,4066.15,8 Ave & W 31 St,6450.12,40.6729,-73.9709,40.7502,-73.9978,casual,806
62a53193a6a14c2b,electric_bike,2024-06-08T16:50:44.000000,2024-06-08T17:17:52.000000,Pier 40 - Hudson River Park,5573.05,Bedford Ave & Nassau Ave,5525.04,40.7276,-74.0115,40.723,-73.9521,member,1628
35a240ae5af34553,electric_bike,2024-06-08T16:50:53.000000,2024-06-08T17:17:47.000000,E 17 St & Broadway,5905.14,8 Ave & W 31 St,6450.12,40.737,-73.9901,40.7502,-73.9978,member,1614
b18d2c8c8fdd4ebc,electric_bike,2024-06-08T17:04:20.000000,2024-06-08T17:18:13.000000,9 Ave & W 45 St,6717.06,N 8 St & Driggs Ave,5453.07,40.7602,-73.9913,40.7177,-73.956,member,833
9b6fbe204b3a4a83,classic_bike,2024-06-08T17:14:54.000000,2024-06-08T17:23:45.000000,South End Ave & Liberty St,5303.06,South End Ave & Liberty St,5303.06,40.7111,-74.0158,40.7111,-74.0158,member,531
14eed98795e746e4,classic_bike,2024-06-08T17:16:46.000000,2024-06-08T17:36:03.000000,E 17 St & Broadway,5905.14,Broadway & E 14 St,5905.12,40.737,-73.9901,40.7345,-73.9907,member,1157
714c7df4e4344d51,electric_bike,2024-06-08T17:23:33.000000,2024-06-08T17:47:12.000000,1 Ave & E 68 St,6753.08,9 Ave & W 45 St,6717.06,40.7659,-73.9585,40.7602,-73.9913,casual,1419
5a24591dff2e4955,classic_bike,2024-06-08T17:51:20.000000,2024-06-08T18:29:00.000000,1 Ave & E 68 St,6753.08,Grand Army Plaza & Plaza St West,4066.15,40.7659,-73.9585,40.6729,-73.9709,member,2260
37d7cab335b34f54,classic_bike,2024-06-08T17:52:30.000000,2024-06-08T18:14:22.000000,Grand Army Plaza & Plaza St West,4066.15,1 Ave & E 68 St,6753.08,40.6729,-73.9709,40.7659,-73.9585,member,1312
9b792afa2a3d418d,electric_bike,2024-06-08T18:01:01.000000,2024-06-08T18:32:27.000000,Grand Army Plaza & Plaza St West,4066.15,Grand Army Plaza & Plaza St West,4066.15,40.6729,-73.9709,40.6729,-73.9709,member,1886
b0c46ddcf63441f8,classic_bike,2024-06-08T18:01:23.000000,2024-06-08T18:11:06.000000,W 21 St & 6 Ave,6140.05,Grand Army Plaza & Plaza St West,4066.15,40.7418,-73.9945,40.6729,-73.9709,member,583
cb8383f2bb964602,electric_bike,2024-06-08T18:20:41.000000,2024-06-08T18:56:10.000000,9 Ave & W 45 St,6717.06,E 47 St & Park Ave,6551.09,40.7602,-73.9913,40.7553,-73.9746,member,2129
55a8d6a15d1d4cb7,classic_bike,2024-06-08T18:30:55.000000,2024-06-08T18:39:41.000000,9 Ave & W 45 St,6717.06,Pier 40 - Hudson River Park,5573.05,40.7602,-73.9913,40.7276,-74.0115,member,526
05a43113101d459e,classic_bike,2024-06-08T18:35:41.000000,2024-06-08T18:39:08.000000,Lafayette St & E 8 St,5788.13,E 17 St & Broadway,5905.14,40.7302,-73.991,40.737,-73.9901,casual,207
68e8f31152954a96,electric_bike,2024-06-08T19:04:35.000000,2024-06-08T19:17:06.000000,Pier 40 - Hudson River Park,5573.05,N 8 St & Driggs Ave,5453.07,40.7276,-74.0115,40.7177,-73.956,member,751
0649bcf6ff69423d,electric_bike,2024-06-08T19:10:43.000000,2024-06-08T19:46:52.000000,Lafayette St & E 8 St,5788.13,E 17 St & Broadway,5905.14,40.7302,-73.991,40.737,-73.9901,member,2169
acffa99ff0054f9a,classic_bike,2024-06-08T19:34:27.000000,2024-06-08T19:43:21.000000,Central Park S & 6 Ave,6904.04,E 17 St & Broadway,5905.14,40.7659,-73.9764,40.737,-73.9901,casual,534
1b19d8b8d8304081,classic_bike,2024-06-08T20:11:44.000000,2024-06-08T20:38:26.000000,9 Ave & W 45 St,6717.06,Grand Army Plaza & Plaza St West,4066.15,40.7602,-73.9913,40.6729,-73.9709,casual,1602
42803aa055ac4d06,electric_bike,2024-06-08T20:19:40.000000,2024-06-08T20:28:14.000000,E 47 St & Park Ave,6551.09,8 Ave & W 31 St,6450.12,40.7553,-73.9746,40.7502,-73.9978,casual,514
226716e33a5b4ac5,electric_bike,2024-06-08T20:38:44.000000,2024-06-08T20:47:26.000000,8 Ave & W 31 St,6450.12,E 47 St & Park Ave,6551.09,40.7502,-73.9978,40.7553,-73.9746,casual,522
6a3946072e3545c8,classic_bike,2024-06-08T20:42:59.000000,2024-06-08T20:46:34.000000,Grand Army Plaza & Plaza St West,4066.15,W 21 St & 6 Ave,6140.05,40.6729,-73.9709,40.7418,-73.9945,casual,215
74ed51458d9745c7,classic_bike,2024-06-08T20:46:18.000000,2024-06-08T21:09:30.000000,E 17 St & Broadway,5905.14,Broadway & E 14 St,5905.12,40.737,-73.9901,40.7345,-73.9907,casual,1392
9736bb4ff5c84e3c,electric_bike,2024-06-08T20:48:33.000000,2024-06-08T21:13:26.000000,West St & Chambers St,5470.10,8 Ave & W 31 St,6450.12,40.7175,-74.0134,40.7502,-73.9978,member,1493
d42cb1ae19f748cb,electric_bike,2024-06-08T21:02:24.000000,2024-06-08T21:28:22.000000,South End Ave & Liberty St,5303.06,E 17 St & Broadway,5905.14,40.7111,-74.0158,40.737,-73.9901,member,1558
3eebc04a9df2472e,electric_bike,2024-06-08T21:04:09.000000,2024-06-08T21:08:30.000000,8 Ave & W 31 St,6450.12,8 Ave & W 31 St,6450.12,40.7502,-73.9978,40.7502,-73.9978,casual,261
2c15c4ad57904515,electric_bike,2024-06-08T21:11:38.000000,2024-06-08T21:49:20.000000,1 Ave & E 68 St,6753.08,E 47 St & Park Ave,6551.09,40.7659,-73.9585,40.7553,-73.9746,member,2262
cb2cc805d1404430,electric_bike,2024-06-08T21:42:17.000000,2024-06-08T22:09:42.000000,W 21 St & 6 Ave,6140.05,Bedford Ave & Nassau Ave,5525.04,40.7418,-73.9945,40.723,-73.9521,casual,1645
57c8294c9e7746ae,electric_bike,2024-06-08T21:47:06.000000,2024-06-08T21:54:12.000000,West St & Chambers St,5470.10,Bedford Ave & Nassau Ave,5525.04,40.7175,-74.0134,40.723,-73.9521,casual,426
9e7b1e95f692441a,electric_bike,2024-06-09T06:00:52.000000,2024-06-09T06:09:04.000000,W 21 St & 6 Ave,6140.05,Pier 40 - Hudson River Park,5573.05,40.7418,-73.9945,40.7276,-74.0115,member,492
5d2d904f78c54073,electric_bike,2024-06-09T06:02:02.000000,2024-06-09T06:04:52.000000,West St & Chambers St,5470.10,Bedford Ave & Nassau Ave,5525.04,40.7175,-74.0134,40.723,-73.9521,member,170
c6097cd8a1274c6b,classic_bike,2024-06-09T06:07:40.000000,2024-06-09T06:14:08.000000,9 Ave & W 45 St,6717.06,Pier 40 - Hudson River Park,5573.05,40.7602,-73.9913,40.7276,-74.0115,casual,388
641f79aa692e43b9,classic_bike,2024-06-09T06:11:10.000000,2024-06-09T06:35:28.000000,W 21 St & 6 Ave,6140.05,Lafayette St & E 8 St,5788.13,40.7418,-73.9945,40.7302,-73.991,member,1458
48d495a48cb24aa2,electric_bike,2024-06-09T06:15:47.000000,2024-06-09T06:22:28.000000,Grand Army Plaza & Plaza St West,4066.15,West St & Chambers St,5470.10,40.6729,-73.9709,40.7175,-74.0134,casual,401
a5ba247221df4609,classic_bike,2024-06-09T06:20:55.000000,2024-06-09T06:23:31.000000,N 8 St & Driggs Ave,5453.07,E 17 St & Broadway,5905.14,40.7177,-73.956,40.737,-73.9901,member,156
b71714cd200241bb,electric_bike,2024-06-09T06:22:11.000000,2024-06-09T06:31:09.000000,1 Ave & E 68 St,6753.08,W 21 St & 6 Ave,6140.05,40.7659,-73.9585,40.7418,-73.9945,member,538
7eaa7a911def4401,electric_bike,2024-06-09T07:05:17.000000,2024-06-09T07:35:45.000000,Grand Army Plaza & Plaza St West,4066.15,Lafayette St & E 8 St,5788.13,40.6729,-73.9709,40.7302,-73.991,casual,1828
5543fc3c38b8424e,classic_bike,2024-06-09T07:20:25.000000,2024-06-09T07:43:35.000000,Grand Army Plaza & Plaza St West,4066.15,E 17 St & Broadway,5905.14,40.6729,-73.9709,40.737,-73.9901,member,1390
cdbe55486a6546e8,electric_bike,2024-06-09T07:29:13.000000,2024-06-09T08:01:32.000000,Central Park S & 6 Ave,6904.04,E 47 St & Park Ave,6551.09,40.7659,-73.9764,40.7553,-73.9746,casual,1939
30862fe3a0754372,classic_bike,2024-06-09T07:50:52.000000,2024-06-09T08:15:11.000000,W 21 St & 6 Ave,6140.05,E 17 St & Broadway,5905.14,40.7418,-73.9945,40.737,-73.9901,casual,1459
52ce55e369df45c7,electric_bike,2024-06-09T07:55:11.000000,2024-06-09T08:34:29.000000,Broadway & E 14 St,5905.12,Bedford Ave & Nassau Ave,5525.04,40.7345,-73.9907,40.723,-73.9521,member,2358
6fa17735b57243d0,classic_bike,2024-06-09T07:58:24.000000,2024-06-09T08:13:22.000000,E 17 St & Broadway,5905.14,Grand Army Plaza & Plaza St West,4066.15,40.737,-73.9901,40.6729,-73.9709,member,898
ff11c8ba36ee4640,electric_bike,2024-06-09T08:00:16.000000,2024-06-09T08:20:02.000000,Pier 40 - Hudson River Park,5573.05,E 17 St & Broadway,5905.14,40.7276,-74.0115,40.737,-73.9901,casual,1186
0ff1c51f915c431b,electric_bike,2024-06-09T08:16:40.000000,2024-06-09T08:45:35.000000,Grand Army Plaza & Plaza St West,4066.15,Broadway & E 14 St,5905.12,40.6729,-73.9709,40.7345,-73.9907,member,1735
bf0d073d821c4336,classic_bike,2024-06-09T08:28:24.000000,2024-06-09T08:43:24.000000,West St & Chambers St,5470.10,Central Park S & 6 Ave,6904.04,40.7175,-74.0134,40.7659,-73.9764,member,900
d65e59dde62d4d06,electric_bike,2024-06-09T08:34:03.000000,2024-06-09T09:06:48.000000,Grand Army Plaza & Plaza St West,4066.15,Central Park S & 6 Ave,6904.04,40.6729,-73.9709,40.7659,-73.9764,member,1965
dfb68a5fbb8141f0,electric_bike,2024-06-09T08:37:12.000000,2024-06-09T09:02:25.000000,9 Ave & W 45 St,6717.06,Central Park S & 6 Ave,6904.04,40.7602,-73.9913,40.7659,-73.9764,casual,1513
dcda8cc184274378,classic_bike,2024-06-09T09:04:56.000000,2024-06-09T09:08:12.000000,N 8 St & Driggs Ave,5453.07,9 Ave & W 45 St,6717.06,40.7177,-73.956,40.7602,-73.9913,casual,196
44bb10e079f7438c,electric_bike,2024-06-09T09:24:31.000000,2024-06-09T09:56:55.000000,E 47 St & Park Ave,6551.09,Lafayette St & E 8 St,5788.13,40.7553,-73.9746,40.7302,-73.991,member,1944
92451cc41bfb4b3d,classic_bike,2024-06-09T09:34:44.000000,2024-06-09T09:51:00.000000,Pier 40 - Hudson River Park,5573.05,E 17 St & Broadway,5905.14,40.7276,-74.0115,40.737,-73.9901,casual,976
8bb4995ad97642ba,electric_bike,2024-06-09T09:45:08.000000,2024-06-09T10:13:49.000000,Central Park S & 6 Ave,6904.04,1 Ave & E 68 St,6753.08,40.7659,-73.9764,40.7659,-73.9585,member,1721
ca55e38b3c9a4e10,electric_bike,2024-06-09T09:49:07.000000,2024-06-09T10:04:50.000000,9 Ave & W 45 St,6717.06,Lafayette St & E 8 St,5788.13,40.7602,-73.9913,40.7302,-73.991,member,943
ff38b918f8f9445d,classic_bike,2024-06-09T10:03:26.000000,2024-06-09T10:39:01.000000,Broadway & E 14 St,5905.12,West St & Chambers St,5470.10,40.7345,-73.9907,40.7175,-74.0134,casual,2135
143a9aff659b4105,electric_bike,2024-06-09T10:18:52.000000,2024-06-09T10:45:03.000000,West St & Chambers St,5470.10,Grand Army Plaza & Plaza St West,4066.15,40.7175,-74.0134,40.6729,-73.9709,casual,1571
97314c9198b6491b,classic_bike,2024-06-09T10:30:10.000000,2024-06-09T10:55:33.000000,Grand Army Plaza & Plaza St West,4066.15,N 8 St & Driggs Ave,5453.07,40.6729,-73.9709,40.7177,-73.956,member,1523
83f06e7ddfaa4505,classic_bike,2024-06-09T10:33:57.000000,2024-06-09T10:46:16.000000,9 Ave & W 45 St,6717.06,South End Ave & Liberty St,5303.06,40.7602,-73.9913,40.7111,-74.0158,member,739
ceae71cfce004af0,electric_bike,2024-06-09T10:56:41.000000,2024-06-09T11:19:18.000000,South End Ave & Liberty St,5303.06,N 8 St & Driggs Ave,5453.07,40.7111,-74.0158,40.7177,-73.956,casual,1357
04b40ac928314f0d,electric_bike,2024-06-09T11:12:21.000000,2024-06-09T11:47:47.000000,West St & Chambers St,5470.10,South End Ave & Liberty St,5303.06,40.7175,-74.0134,40.7111,-74.0158,casual,2126
98dc9e0b51a145df,classic_bike,2024-06-09T11:29:24.000000,2024-06-09T11:49:51.000000,South End Ave & Liberty St,5303.06,Grand Army Plaza & Plaza St West,4066.15,40.7111,-74.0158,40.6729,-73.9709,member,1227
f4e9573450524700,classic_bike,2024-06-09T11:32:42.000000,2024-06-09T12:07:21.000000,Pier 40 - Hudson River Park,5573.05,West St & Chambers St,5470.10,40.7276,-74.0115,40.7175,-74.0134,casual,2079
6e3b0507a21c4209,electric_bike,2024-06-09T11:32:54.000000,2024-06-09T12:00:16.000000,South End Ave & Liberty St,5303.06,Lafayette St & E 8 St,5788.13,40.7111,-74.0158,40.7302,-73.991,member,1642
994316bbd4d343a5,classic_bike,2024-06-09T11:56:20.000000,2024-06-09T12:30:18.000000,Grand Army Plaza & Plaza St West,4066.15,1 Ave & E 68 St,6753.08,40.6729,-73.9709,40.7659,-73.9585,member,2038
43d78f2b769d41e3,classic_bike,2024-06-09T12:06:49.000000,2024-06-09T12:22:59.000000,E 17 St & Broadway,5905.14,Broadway & E 14 St,5905.12,40.737,-73.9901,40.7345,-73.9907,member,970
614c721da9214b4c,classic_bike,2024-06-09T12:24:27.000000,2024-06-09T12:39:07.000000,West St & Chambers St,5470.10,Lafayette St & E 8 St,5788.13,40.7175,-74.0134,40.7302,-73.991,casual,880
91ed554a3fae4f01,classic_bike,2024-06-09T12:34:12.000000,2024-06-09T12:49:23.000000,Bedford Ave & Nassau Ave,5525.04,West St & Chambers St,5470.10,40.723,-73.9521,40.7175,-74.0134,casual,911
d5b6de85390249d9,classic_bike,2024-06-09T12:42:33.000000,2024-06-09T12:53:14.000000,Broadway & E 14 St,5905.12,1 Ave & E 68 St,6753.08,40.7345,-73.9907,40.7659,-73.9585,member,641
5f59fb4d3def47ba,electric_bike,2024-06-09T12:46:40.000000,2024-06-09T12:57:07.000000,E 47 St & Park Ave,6551.09,Central Park S & 6 Ave,6904.04,40.7553,-73.9746,40.7659,-73.9764,casual,627
2c7a0d3107694583,classic_bike,2024-06-09T12:53:08.000000,2024-06-09T13:30:55.000000,8 Ave & W 31 St,6450.12,Bedford Ave & Nassau Ave,5525.04,40.7502,-73.9978,40.723,-73.9521,member,2267
ca179780be5f402f,classic_bike,2024-06-09T12:58:16.000000,2024-06-09T13:13:10.000000,8 Ave & W 31 St,6450.12,Grand Army Plaza & Plaza St West,4066.15,40.7502,-73.9978,40.6729,-73.9709,member,894
ce920136ac3a412f,electric_bike,2024-06-09T13:05:29.000000,2024-06-09T13:11:25.000000,Central Park S & 6 Ave,6904.04,1 Ave & E 68 St,6753.08,40.7659,-73.9764,40.7659,-73.9585,member,356
ae3c2ce6fde6449b,electric_bike,2024-06-09T13:13:36.000000,2024-06-09T13:40:33.000000,8 Ave & W 31 St,6450.12,E 47 St & Park Ave,6551.09,40.7502,-73.9978,40.7553,-73.9746,member,1617
d0096b2a00414afc,electric_bike,2024-06-09T13:13:58.000000,2024-06-09T13:53:51.000000,9 Ave & W 45 St,6717.06,West St & Chambers St,5470.10,40.7602,-73.9913,40.7175,-74.0134,casual,2393
a55fa725bcb34168,electric_bike,2024-06-09T13:27:25.000000,2024-06-09T13:46:28.000000,West St & Chambers St,5470.10,E 17 St & Broadway,5905.14,40.7175,-74.0134,40.737,-73.9901,casual,1143
1747f3877d234479,electric_bike,2024-06-09T13:32:07.000000,2024-06-09T13:48:08.000000,Lafayette St & E 8 St,5788.13,E 47 St & Park Ave,6551.09,40.7302,-73.991,40.7553,-73.9746,member,961
ef145064aab04015,electric_bike,2024-06-09T13:46:23.000000,2024-06-09T13:52:30.000000,W 21 St & 6 Ave,6140.05,West St & Chambers St,5470.10,40.7418,-73.9945,40.7175,-74.0134,casual,367
6b52f93c2321464e,classic_bike,2024-06-09T14:10:03.000000,2024-06-09T14:18:02.000000,E 17 St & Broadway,5905.14,South End Ave & Liberty St,5303.06,40.737,-73.9901,40.7111,-74.0158,member,479
0f09105cf50d4a37,classic_bike,2024-06-09T14:20:11.000000,2024-06-09T14:59:11.000000,1 Ave & E 68 St,6753.08,Bedford Ave & Nassau Ave,5525.04,40.7659,-73.9585,40.723,-73.9521,member,2340
a0a04dc427204bdf,classic_bike,2024-06-09T14:25:05.000000,2024-06-09T14:30:17.000000,West St & Chambers St,5470.10,1 Ave & E 68 St,6753.08,40.7175,-74.0134,40.7659,-73.9585,casual,312
54a270517b0c4ad9,classic_bike,2024-06-09T14:28:58.000000,2024-06-09T14:45:08.000000,1 Ave & E 68 St,6753.08,W 21 St & 6 Ave,6140.05,40.7659,-73.9585,40.7418,-73.9945,member,970
bff15840207e463f,electric_bike,2024-06-09T14:49:50.000000,2024-06-09T15:09:31.000000,Central Park S & 6 Ave,6904.04,Lafayette St & E 8 St,5788.13,40.7659,-73.9764,40.7302,-73.991,member,1181
3a4d45fded364bb7,classic_bike,2024-06-09T15:19:41.000000,2024-06-09T15:27:01.000000,E 47 St & Park Ave,6551.09,Pier 40 - Hudson River Park,5573.05,40.7553,-73.9746,40.7276,-74.0115,member,440
465568b7b8e14f56,electric_bike,2024-06-09T15:24:26.000000,2024-06-09T15:27:14.000000,W 21 St & 6 Ave,6140.05,W 21 St & 6 Ave,6140.05,40.7418,-73.9945,40.7418,-73.9945,member,168
4c56fb8f0bb442b3,electric_bike,2024-06-09T16:02:19.000000,2024-06-09T16:15:43.000000,Broadway & E 14 St,5905.12,E 17 St & Broadway,5905.14,40.7345,-73.9907,40.737,-73.9901,casual,804
a4d546e172394201,classic_bike,2024-06-09T16:25:58.000000,2024-06-09T16:37:59.000000,E 47 St & Park Ave,6551.09,8 Ave & W 31 St,6450.12,40.7553,-73.9746,40.7502,-73.9978,casual,721
4a636af5b6e147ac,electric_bike,2024-06-09T16:47:13.000000,2024-06-09T17:02:55.000000,Bedford Ave & Nassau Ave,5525.04,Bedford Ave & Nassau Ave,5525.04,40.723,-73.9521,40.723,-73.9521,member,942
55327432b1184ad6,classic_bike,2024-06-09T16:48:46.000000,2024-06-09T17:24:21.000000,N 8 St & Driggs Ave,5453.07,1 Ave & E 68 St,6753.08,40.7177,-73.956,40.7659,-73.9585,member,2135
ddc8d27b2623491a,electric_bike,2024-06-09T16:51:29.000000,2024-06-09T17:24:11.000000,9 Ave & W 45 St,6717.06,1 Ave & E 68 St,6753.08,40.7602,-73.9913,40.7659,-73.9585,member,1962
a0c69223c4354252,classic_bike,2024-06-09T16:54:59.000000,2024-06-09T17:02:13.000000,8 Ave & W 31 St,6450.12,8 Ave & W 31 St,6450.12,40.7502,-73.9978,40.7502,-73.9978,member,434
76617a3bf9604ca3,classic_bike,2024-06-09T17:02:39.000000,2024-06-09T17:20:15.000000,W 21 St & 6 Ave,6140.05,South End Ave & Liberty St,5303.06,40.7418,-73.9945,40.7111,-74.0158,casual,1056
e1fff6c0834741da,electric_bike,2024-06-09T17:04:22.000000,2024-06-09T17:27:25.000000,E 17 St & Broadway,5905.14,Central Park S & 6 Ave,6904.04,40.737,-73.9901,40.7659,-73.9764,casual,1383
4775d7abd2074bc4,classic_bike,2024-06-09T17:12:15.000000,2024-06-09T17:44:07.000000,Broadway & E 14 St,5905.12,Broadway & E 14 St,5905.12,40.7345,-73.9907,40.7345,-73.9907,member,1912
668f503265124d2e,classic_bike,2024-06-09T17:14:43.000000,2024-06-09T17:22:31.000000,E 17 St & Broadway,5905.14,Central Park S & 6 Ave,6904.04,40.737,-73.9901,40.7659,-73.9764,member,468
a8149562da004f16,classic_bike,2024-06-09T17:34:24.000000,2024-06-09T17:55:47.000000,Lafayette St & E 8 St,5788.13,Broadway & E 14 St,5905.12,40.7302,-73.991,40.7345,-73.9907,casual,1283
0b660bcdd32e4757,classic_bike,2024-06-09T17:48:17.000000,2024-06-09T18:27:23.000000,West St & Chambers St,5470.10,W 21 St & 6 Ave,6140.05,40.7175,-74.0134,40.7418,-73.9945,casual,2346
8ced48ea6b0f4a79,electric_bike,2024-06-09T18:18:09.000000,2024-06-09T18:23:08.000000,9 Ave & W 45 St,6717.06,West St & Chambers St,5470.10,40.7602,-73.9913,40.7175,-74.0134,casual,299
287d06ca6f4c469a,electric_bike,2024-06-09T18:48:17.000000,2024-06-09T19:13:30.000000,N 8 St & Driggs Ave,5453.07,South End Ave & Liberty St,5303.06,40.7177,-73.956,40.7111,-74.0158,member,1513
68f82063eeb14ad2,classic_bike,2024-06-09T18:58:50.000000,2024-06-09T19:17:34.000000,Bedford Ave & Nassau Ave,5525.04,South End Ave & Liberty St,5303.06,40.723,-73.9521,40.7111,-74.0158,member,1124
7354ea6f61604459,electric_bike,2024-06-09T19:02:26.000000,2024-06-09T19:19:50.000000,West St & Chambers St,5470.10,Broadway & E 14 St,5905.12,40.7175,-74.0134,40.7345,-73.9907,casual,1044
7f764fcea97e4131,electric_bike,2024-06-09T19:05:31.000000,2024-06-09T19:39:19.000000,N 8 St & Driggs Ave,5453.07,9 Ave & W 45 St,6717.06,40.7177,-73.956,40.7602,-73.9913,casual,2028
57c850b09a734d2f,electric_bike,2024-06-09T19:14:09.000000,2024-06-09T19:26:12.000000,Grand Army Plaza & Plaza St West,4066.15,South End Ave & Liberty St,5303.06,40.6729,-73.9709,40.7111,-74.0158,casual,723
781f9d3fe7f349dc,electric_bike,2024-06-09T19:17:00.000000,2024-06-09T19:51:00.000000,South End Ave & Liberty St,5303.06,Lafayette St & E 8 St,5788.13,40.7111,-74.0158,40.7302,-73.991,casual,2040
6c65659da2ef4e21,electric_bike,2024-06-09T19:17:25.000000,2024-06-09T19:37:25.000000,Grand Army Plaza & Plaza St West,4066.15,Pier 40 - Hudson River Park,5573.05,40.6729,-73.9709,40.7276,-74.0115,casual,1200
195efd72117e494e,classic_bike,2024-06-09T19:19:46.000000,2024-06-09T19:38:16.000000,1 Ave & E 68 St,6753.08,E 47 St & Park Ave,6551.09,40.7659,-73.9585,40.7553,-73.9746,member,1110
925817b7cf504889,classic_bike,2024-06-09T19:30:47.000000,2024-06-09T19:35:35.000000,Central Park S & 6 Ave,6904.04,Grand Army Plaza & Plaza St West,4066.15,40.7659,-73.9764,40.6729,-73.9709,casual,288
7acc99705bee4570,electric_bike,2024-06-09T19:33:01.000000,2024-06-09T20:01:07.000000,N 8 St & Driggs Ave,5453.07,9 Ave & W 45 St,6717.06,40.7177,-73.956,40.7602,-73.9913,casual,1686
2eb23ca311864a93,classic_bike,2024-06-09T19:48:17.000000,2024-06-09T20:18:28.000000,N 8 St & Driggs Ave,5453.07,Bedford Ave & Nassau Ave,5525.04,40.7177,-73.956,40.723,-73.9521,casual,1811
88fc3da1781d4b6c,classic_bike,2024-06-09T19:54:48.000000,2024-06-09T20:06:06.000000,W 21 St & 6 Ave,6140.05,W 21 St & 6 Ave,6140.05,40.7418,-73.9945,40.7418,-73.9945,casual,678
d34c0a09ada54cb2,electric_bike,2024-06-09T20:09:07.000000,2024-06-09T20:43:12.000000,Central Park S & 6 Ave,6904.04,Pier 40 - Hudson River Park,5573.05,40.7659,-73.9764,40.7276,-74.0115,casual,2045
dd56030e1de947a2,electric_bike,2024-06-09T20:22:10.000000,2024-06-09T20:50:45.000000,E 17 St & Broadway,5905.14,N 8 St & Driggs Ave,5453.07,40.737,-73.9901,40.7177,-73.956,casual,1715
29d0c613b0c74002,classic_bike,2024-06-09T20:39:36.000000,2024-06-09T20:44:51.000000,8 Ave & W 31 St,6450.12,8 Ave & W 31 St,6450.12,40.7502,-73.9978,40.7502,-73.9978,member,315
85fab5ea14074edb,classic_bike,2024-06-09T20:39:48.000000,2024-06-09T21:00:52.000000,Bedford Ave & Nassau Ave,5525.04,Bedford Ave & Nassau Ave,5525.04,40.723,-73.9521,40.723,-73.9521,member,1264
82601132c02f424f,electric_bike,2024-06-09T20:51:32.000000,2024-06-09T20:58:39.000000,Central Park S & 6 Ave,6904.04,N 8 St & Driggs Ave,5453.07,40.7659,-73.9764,40.7177,-73.956,casual,427
1d9d1d80f47e4ca0,electric_bike,2024-06-09T20:55:29.000000,2024-06-09T21:08:57.000000,E 47 St & Park Ave,6551.09,N 8 St & Driggs Ave,5453.07,40.7553,-73.9746,40.7177,-73.956,member,808
bb55cfa32e264519,classic_bike,2024-06-09T21:21:52.000000,2024-06-09T21:55:36.000000,Central Park S & 6 Ave,6904.04,N 8 St & Driggs Ave,5453.07,40.7659,-73.9764,40.7177,-73.956,casual,2024
ad371d9e92cf4021,electric_bike,2024-06-09T21:56:59.000000,2024-06-09T22:17:39.000000,Central Park S & 6 Ave,6904.04,Lafayette St & E 8 St,5788.13,40.7659,-73.9764,40.7302,-73.991,casual,1240
f2cffcaef8334bfb,classic_bike,2024-06-09T21:57:17.000000,2024-06-09T22:36:43.000000,Central Park S & 6 Ave,6904.04,E 47 St & Park Ave,6551.09,40.7659,-73.9764,40.7553,-73.9746,casual,2366
a284e8fd755c4e2a,electric_bike,2024-06-10T06:02:55.000000,2024-06-10T06:11:16.000000,Central Park S & 6 Ave,6904.04,Lafayette St & E 8 St,5788.13,40.7659,-73.9764,40.7302,-73.991,member,501
9291e493528a44f3,classic_bike,2024-06-10T06:22:20.000000,2024-06-10T06:50:07.000000,Bedford Ave & Nassau Ave,5525.04,Central Park S & 6 Ave,6904.04,40.723,-73.9521,40.7659,-73.9764,casual,1667
f54ad0a2e87446d7,electric_bike,2024-06-10T06:26:59.000000,2024-06-10T06:50:16.000000,8 Ave & W 31 St,6450.12,Broadway & E 14 St,5905.12,40.7502,-73.9978,40.7345,-73.9907,casual,1397
abede2b6c9ee497c,classic_bike,2024-06-10T06:35:53.000000,2024-06-10T06:41:36.000000,N 8 St & Driggs Ave,5453.07,South End Ave & Liberty St,5303.06,40.7177,-73.956,40.7111,-74.0158,casual,343
0cca0c05a1f649ed,electric_bike,2024-06-10T06:46:15.000000,2024-06-10T06:57:09.000000,South End Ave & Liberty St,5303.06,South End Ave & Liberty St,5303.06,40.7111,-74.0158,40.7111,-74.0158,member,654
ceefd2c97e2b43ce,classic_bike,2024-06-10T06:58:05.000000,2024-06-10T07:19:35.000000,Broadway & E 14 St,5905.12,1 Ave & E 68 St,6753.08,40.7345,-73.9907,40.7659,-73.9585,casual,1290
5b923c67129548df,classic_bike,2024-06-10T07:04:48.000000,2024-06-10T07:09:54.000000,N 8 St & Driggs Ave,5453.07,Bedford Ave & Nassau Ave,5525.04,40.7177,-73.956,40.723,-73.9521,casual,306
566c93cc1d4d4db1,classic_bike,2024-06-10T07:26:58.000000,2024-06-10T07:33:26.000000,N 8 St & Driggs Ave,5453.07,8 Ave & W 31 St,6450.12,40.7177,-73.956,40.7502,-73.9978,member,388
8ec61be5012b409e,classic_bike,2024-06-10T07:30:40.000000,2024-06-10T07:53:13.000000,Bedford Ave & Nassau Ave,5525.04,Central Park S & 6 Ave,6904.04,40.723,-73.9521,40.7659,-73.9764,member,1353
30c3ef8a592a443d,electric_bike,2024-06-10T07:31:07.000000,2024-06-10T08:01:21.000000,N 8 St & Driggs Ave,5453.07,South End Ave & Liberty St,5303.06,40.7177,-73.956,40.7111,-74.0158,casual,1814
640eb68ebdcf4fd4,classic_bike,2024-06-10T07:42:11.000000,2024-06-10T08:04:15.000000,E 47 St & Park Ave,6551.09,W 21 St & 6 Ave,6140.05,40.7553,-73.9746,40.7418,-73.9945,member,1324
503314b1609c47af,classic_bike,2024-06-10T08:07:05.000000,2024-06-10T08:13:13.000000,N 8 St & Driggs Ave,5453.07,Central Park S & 6 Ave,6904.04,40.7177,-73.956,40.7659,-73.9764,member,368
f08d312e7a734f35,classic_bike,2024-06-10T08:11:03.000000,2024-06-10T08:48:56.000000,West St & Chambers St,5470.10,9 Ave & W 45 St,6717.06,40.7175,-74.0134,40.7602,-73.9913,casual,2273
c523b4e9022f46bb,electric_bike,2024-06-10T08:21:54.000000,2024-06-10T09:00:58.000000,West St & Chambers St,5470.10,Bedford Ave & Nassau Ave,5525.04,40.7175,-74.0134,40.723,-73.9521,casual,2344
2e6df7e899804368,electric_bike,2024-06-10T08:34:11.000000,2024-06-10T09:05:26.000000,South End Ave & Liberty St,5303.06,W 21 St & 6 Ave,6140.05,40.7111,-74.0158,40.7418,-73.9945,member,1875
72fcc072544c4132,classic_bike,2024-06-10T08:36:27.000000,2024-06-10T08:59:46.000000,E 17 St & Broadway,5905.14,West St & Chambers St,5470.10,40.737,-73.9901,40.7175,-74.0134,member,1399
bcd2e8eb3f5540cd,electric_bike,2024-06-10T08:39:05.000000,2024-06-10T09:07:41.000000,Broadway & E 14 St,5905.12,8 Ave & W 31 St,6450.12,40.7345,-73.9907,40.7502,-73.9978,casual,1716
2598f38392804da2,classic_bike,2024-06-10T08:44:08.000000,2024-06-10T09:21:07.000000,1 Ave & E 68 St,6753.08,Grand Army Plaza & Plaza St West,4066.15,40.7659,-73.9585,40.6729,-73.9709,member,2219
e5f22dfba741404b,classic_bike,2024-06-10T08:58:24.000000,2024-06-10T09:26:14.000000,Grand Army Plaza & Plaza St West,4066.15,Pier 40 - Hudson River Park,5573.05,40.6729,-73.9709,40.7276,-74.0115,casual,1670
ad49e0727f844004,classic_bike,2024-06-10T09:04:26.000000,2024-06-10T09:11:40.000000,Pier 40 - Hudson River Park,5573.05,9 Ave & W 45 St,6717.06,40.7276,-74.0115,40.7602,-73.9913,casual,434
fb368cf45ad54309,electric_bike,2024-06-10T09:09:28.000000,2024-06-10T09:18:47.000000,Lafayette St & E 8 St,5788.13,Bedford Ave & Nassau Ave,5525.04,40.7302,-73.991,40.723,-73.9521,casual,559
114a9827b69a4a1e,classic_bike,2024-06-10T09:17:06.000000,2024-06-10T09:26:06.000000,Pier 40 - Hudson River Park,5573.05,Lafayette St & E 8 St,5788.13,40.7276,-74.0115,40.7302,-73.991,member,540
b62e110a25844385,electric_bike,2024-06-10T09:17:52.000000,2024-06-10T09:44:31.000000,Lafayette St & E 8 St,5788.13,Pier 40 - Hudson River Park,5573.05,40.7302,-73.991,40.7276,-74.0115,casual,1599
44296ca21257429e,electric_bike,2024-06-10T09:20:35.000000,2024-06-10T09:58:22.000000,E 17 St & Broadway,5905.14,N 8 St & Driggs Ave,5453.07,40.737,-73.9901,40.7177,-73.956,casual,2267
eb3537a02d6e4291,electric_bike,2024-06-10T09:26:51.000000,2024-06-10T09:37:45.000000,Lafayette St & E 8 St,5788.13,South End Ave & Liberty St,5303.06,40.7302,-73.991,40.7111,-74.0158,member,654
6b17bd75307a4acb,classic_bike,2024-06-10T09:40:52.000000,2024-06-10T10:02:11.000000,E 47 St & Park Ave,6551.09,West St & Chambers St,5470.10,40.7553,-73.9746,40.7175,-74.0134,casual,1279
54ec3f338a624cbd,electric_bike,2024-06-10T10:06:36.000000,2024-06-10T10:35:09.000000,8 Ave & W 31 St,6450.12,1 Ave & E 68 St,6753.08,40.7502,-73.9978,40.7659,-73.9585,member,1713
9d6429320066453d,electric_bike,2024-06-10T10:07:45.000000,2024-06-10T10:19:33.000000,N 8 St & Driggs Ave,5453.07,Pier 40 - Hudson River Park,5573.05,40.7177,-73.956,40.7276,-74.0115,member,708
3c1fdff0331d48bb,classic_bike,2024-06-10T10:35:11.000000,2024-06-10T10:50:09.000000,Lafayette St & E 8 St,5788.13,West St & Chambers St,5470.10,40.7302,-73.991,40.7175,-74.0134,casual,898
d2ed319602aa4c76,electric_bike,2024-06-10T11:01:20.000000,2024-06-10T11:07:14.000000,E 17 St & Broadway,5905.14,South End Ave & Liberty St,5303.06,40.737,-73.9901,40.7111,-74.0158,member,354
60971a15c80642d3,electric_bike,2024-06-10T11:17:36.000000,2024-06-10T11:50:28.000000,E 17 St & Broadway,5905.14,Central Park S & 6 Ave,6904.04,40.737,-73.9901,40.7659,-73.9764,member,1972
2005dd7e166f419a,classic_bike,2024-06-10T12:09:44.000000,2024-06-10T12:38:41.000000,Grand Army Plaza & Plaza St West,4066.15,E 47 St & Park Ave,6551.09,40.6729,-73.9709,40.7553,-73.9746,member,1737
161237c9e25d49a8,classic_bike,2024-06-10T12:17:29.000000,2024-06-10T12:57:08.000000,Lafayette St & E 8 St,5788.13,Pier 40 - Hudson River Park,5573.05,40.7302,-73.991,40.7276,-74.0115,casual,2379
2de982f80d7b4c04,classic_bike,2024-06-10T12:21:07.000000,2024-06-10T12:57:23.000000,E 47 St & Park Ave,6551.09,Broadway & E 14 St,5905.12,40.7553,-73.9746,40.7345,-73.9907,member,2176
b113d50bdea040c6,electric_bike,2024-06-10T12:50:34.000000,2024-06-10T13:27:09.000000,Grand Army Plaza & Plaza St West,4066.15,Central Park S & 6 Ave,6904.04,40.6729,-73.9709,40.7659,-73.9764,member,2195
7462f144c49b4e62,classic_bike,2024-06-10T12:54:31.000000,2024-06-10T13:31:25.000000,Central Park S & 6 Ave,6904.04,N 8 St & Driggs Ave,5453.07,40.7659,-73.9764,40.7177,-73.956,member,2214
a4c31af7514a46bf,classic_bike,2024-06-10T13:34:47.000000,2024-06-10T13:59:13.000000,South End Ave & Liberty St,5303.06,Bedford Ave & Nassau Ave,5525.04,40.7111,-74.0158,40.723,-73.9521,casual,1466
80e022c83b804c61,classic_bike,2024-06-10T13:39:24.000000,2024-06-10T14:16:17.000000,W 21 St & 6 Ave,6140.05,Grand Army Plaza & Plaza St West,4066.15,40.7418,-73.9945,40.6729,-73.9709,member,2213
cd32e7120c764092,electric_bike,2024-06-10T13:43:20.000000,2024-06-10T13:54:09.000000,W 21 St & 6 Ave,6140.05,N 8 St & Driggs Ave,5453.07,40.7418,-73.9945,40.7177,-73.956,casual,649
59875c7d01514cb0,classic_bike,2024-06-10T13:51:21.000000,2024-06-10T14:13:43.000000,Lafayette St & E 8 St,5788.13,W 21 St & 6 Ave,6140.05,40.7302,-73.991,40.7418,-73.9945,casual,1342
6928043ed492451a,classic_bike,2024-06-10T14:02:55.000000,2024-06-10T14:37:47.000000,West St & Chambers St,5470.10,Central Park S & 6 Ave,6904.04,40.7175,-74.0134,40.7659,-73.9764,member,2092
624b31d72e5c48ad,electric_bike,2024-06-10T14:11:17.000000,2024-06-10T14:19:44.000000,Grand Army Plaza & Plaza St West,4066.15,Grand Army Plaza & Plaza St West,4066.15,40.6729,-73.9709,40.6729,-73.9709,casual,507
c7774fae613748c3,electric_bike,2024-06-10T14:14:51.000000,2024-06-10T14:46:45.000000,Broadway & E 14 St,5905.12,E 17 St & Broadway,5905.14,40.7345,-73.9907,40.737,-73.9901,member,1914
9c03d65ced8a428c,electric_bike,2024-06-10T14:16:03.000000,2024-06-10T14:47:48.000000,Broadway & E 14 St,5905.12,Central Park S & 6 Ave,6904.04,40.7345,-73.9907,40.7659,-73.9764,member,1905
bd22f7fca8eb4ba6,classic_bike,2024-06-10T14:32:31.000000,2024-06-10T14:46:09.000000,E 47 St & Park Ave,6551.09,8 Ave & W 31 St,6450.12,40.7553,-73.9746,40.7502,-73.9978,member,818
cac8d87ea689407f,classic_bike,2024-06-10T14:36:10.000000,2024-06-10T14:46:34.000000,Bedford Ave & Nassau Ave,5525.04,W 21 St & 6 Ave,6140.05,40.723,-73.9521,40.7418,-73.9945,casual,624
d8e7012f39684c81,classic_bike,2024-06-10T14:39:13.000000,2024-06-10T14:51:46.000000,Lafayette St & E 8 St,5788.13,Broadway & E 14 St,5905.12,40.7302,-73.991,40.7345,-73.9907,casual,753
5e85643c0ffa4366,classic_bike,2024-06-10T14:42:25.000000,2024-06-10T14:53:07.000000,Grand Army Plaza & Plaza St West,4066.15,W 21 St & 6 Ave,6140.05,40.6729,-73.9709,40.7418,-73.9945,member,642
2240063bfed747be,electric_bike,2024-06-10T14:56:21.000000,2024-06-10T15:27:57.000000,Bedford Ave & Nassau Ave,5525.04,Pier 40 - Hudson River Park,5573.05,40.723,-73.9521,40.7276,-74.0115,casual,1896
753e9662f77f43a7,classic_bike,2024-06-10T15:04:05.000000,2024-06-10T15:18:48.000000,Central Park S & 6 Ave,6904.04,E 47 St & Park Ave,6551.09,40.7659,-73.9764,40.7553,-73.9746,member,883
f10d27c897804215,classic_bike,2024-06-10T15:06:05.000000,2024-06-10T15:42:23.000000,N 8 St & Driggs Ave,5453.07,8 Ave & W 31 St,6450.12,40.7177,-73.956,40.7502,-73.9978,member,2178
b043a39a4f1a44cb,classic_bike,2024-06-10T15:14:43.000000,2024-06-10T15:30:31.000000,N 8 St & Driggs Ave,5453.07,1 Ave & E 68 St,6753.08,40.7177,-73.956,40.7659,-73.9585,casual,948
86804a8a515f452c,classic_bike,2024-06-10T15:23:22.000000,2024-06-10T15:30:20.000000,Central Park S & 6 Ave,6904.04,9 Ave & W 45 St,6717.06,40.7659,-73.9764,40.7602,-73.9913,member,418
7e14c5957f6b462c,classic_bike,2024-06-10T15:36:31.000000,2024-06-10T16:13:59.000000,South End Ave & Liberty St,5303.06,1 Ave & E 68 St,6753.08,40.7111,-74.0158,40.7659,-73.9585,member,2248
17dcabf550884581,electric_bike,2024-06-10T15:38:02.000000,2024-06-10T16:13:03.000000,8 Ave & W 31 St,6450.12,Broadway & E 14 St,5905.12,40.7502,-73.9978,40.7345,-73.9907,member,2101
c8969c5b45f8428d,electric_bike,2024-06-10T16:09:25.000000,2024-06-10T16:33:41.000000,Grand Army Plaza & Plaza St West,4066.15,9 Ave & W 45 St,6717.06,40.6729,-73.9709,40.7602,-73.9913,casual,1456
4e003d5515ca4faf,classic_bike,2024-06-10T16:10:25.000000,2024-06-10T16:49:05.000000,W 21 St & 6 Ave,6140.05,W 21 St & 6 Ave,6140.05,40.7418,-73.9945,40.7418,-73.9945,casual,2320
4ab6821c03284136,electric_bike,2024-06-10T16:12:50.000000,2024-06-10T16:36:58.000000,Pier 40 - Hudson River Park,5573.05,Broadway & E 14 St,5905.12,40.7276,-74.0115,40.7345,-73.9907,casual,1448
7f5da7f8fe914b95,classic_bike,2024-06-10T16:21:04.000000,2024-06-10T16:33:28.000000,West St & Chambers St,5470.10,West St & Chambers St,5470.10,40.7175,-74.0134,40.7175,-74.0134,member,744
56830783d5754337,electric_bike,2024-06-10T16:30:01.000000,2024-06-10T16:44:00.000000,E 17 St & Broadway,5905.14,Bedford Ave & Nassau Ave,5525.04,40.737,-73.9901,40.723,-73.9521,casual,839
aff7ff5d3b1d42cf,classic_bike,2024-06-10T16:31:17.000000,2024-06-10T16:49:02.000000,W 21 St & 6 Ave,6140.05,9 Ave & W 45 St,6717.06,40.7418,-73.9945,40.7602,-73.9913,casual,1065
f7a0be7a7e6a4ea7,electric_bike,2024-06-10T16:40:19.000000,2024-06-10T16:57:24.000000,Broadway & E 14 St,5905.12,E 47 St & Park Ave,6551.09,40.7345,-73.9907,40.7553,-73.9746,member,1025
66ba7e5121de4360,classic_bike,2024-06-10T16:44:40.000000,2024-06-10T16:56:49.000000,West St & Chambers St,5470.10,E 47 St & Park Ave,6551.09,40.7175,-74.0134,40.7553,-73.9746,casual,729
90164161cfa741cd,electric_bike,2024-06-10T16:44:43.000000,2024-06-10T16:50:22.000000,Central Park S & 6 Ave,6904.04,Broadway & E 14 St,5905.12,40.7659,-73.9764,40.7345,-73.9907,member,339
d1b6075581d14226,classic_bike,2024-06-10T17:13:43.000000,2024-06-10T17:25:35.000000,W 21 St & 6 Ave,6140.05,Pier 40 - Hudson River Park,5573.05,40.7418,-73.9945,40.7276,-74.0115,casual,712
cec569695d4f4107,electric_bike,2024-06-10T17:15:19.000000,2024-06-10T17:27:43.000000,Central Park S & 6 Ave,6904.04,Lafayette St & E 8 St,5788.13,40.7659,-73.9764,40.7302,-73.991,casual,744
a383889adb2c4ac8,electric_bike,2024-06-10T17:30:48.000000,2024-06-10T17:45:59.000000,9 Ave & W 45 St,6717.06,8 Ave & W 31 St,6450.12,40.7602,-73.9913,40.7502,-73.9978,casual,911
c903cc1da6cc4a57,classic_bike,2024-06-10T17:31:06.000000,2024-06-10T17:49:54.000000,8 Ave & W 31 St,6450.12,Pier 40 - Hudson River Park,5573.05,40.7502,-73.9978,40.7276,-74.0115,casual,1128
3c6a3174113644a5,electric_bike,2024-06-10T17:34:50.000000,2024-06-10T18:06:44.000000,1 Ave & E 68 St,6753.08,E 47 St & Park Ave,6551.09,40.7659,-73.9585,40.7553,-73.9746,casual,1914
86bb42c7d8b248b6,electric_bike,2024-06-10T18:01:58.000000,2024-06-10T18:13:38.000000,W 21 St & 6 Ave,6140.05,1 Ave & E 68 St,6753.08,40.7418,-73.9945,40.7659,-73.9585,member,700
cfb0d68db18945a6,classic_bike,2024-06-10T18:12:26.000000,2024-06-10T18:50:24.000000,E 17 St & Broadway,5905.14,Broadway & E 14 St,5905.12,40.737,-73.9901,40.7345,-73.9907,member,2278
a7df30b2356f4c0a,electric_bike,2024-06-10T18:15:04.000000,2024-06-10T18:17:57.000000,Lafayette St & E 8 St,5788.13,West St & Chambers St,5470.10,40.7302,-73.991,40.7175,-74.0134,member,173
2ef634f2a8b94820,classic_bike,2024-06-10T18:30:27.000000,2024-06-10T19:03:42.000000,West St & Chambers St,5470.10,1 Ave & E 68 St,6753.08,40.7175,-74.0134,40.7659,-73.9585,casual,1995
e7ba26acab7a4d1c,classic_bike,2024-06-10T18:38:37.000000,2024-06-10T18:56:57.000000,1 Ave & E 68 St,6753.08,Broadway & E 14 St,5905.12,40.7659,-73.9585,40.7345,-73.9907,member,1100
9082889be1cd487f,electric_bike,2024-06-10T18:58:37.000000,2024-06-10T19:31:15.000000,Central Park S & 6 Ave,6904.04,9 Ave & W 45 St,6717.06,40.7659,-73.9764,40.7602,-73.9913,casual,1958
f8cbab4c97794e84,electric_bike,2024-06-10T19:23:19.000000,2024-06-10T19:41:52.000000,West St & Chambers St,5470.10,8 Ave & W 31 St,6450.12,40.7175,-74.0134,40.7502,-73.9978,member,1113
cbfc721c7f784428,classic_bike,2024-06-10T19:23:54.000000,2024-06-10T20:00:20.000000,E 47 St & Park Ave,6551.09,Pier 40 - Hudson River Park,5573.05,40.7553,-73.9746,40.7276,-74.0115,casual,2186
da018d29606041eb,electric_bike,2024-06-10T19:44:19.000000,2024-06-10T20:05:06.000000,West St & Chambers St,5470.10,8 Ave & W 31 St,6450.12,40.7175,-74.0134,40.7502,-73.9978,casual,1247
a885a7b410374a5c,electric_bike,2024-06-10T20:37:23.000000,2024-06-10T20:55:41.000000,South End Ave & Liberty St,5303.06,W 21 St & 6 Ave,6140.05,40.7111,-74.0158,40.7418,-73.9945,member,1098
ea7f6c7dc3a64204,electric_bike,2024-06-10T20:49:17.000000,2024-06-10T21:24:47.000000,South End Ave & Liberty St,5303.06,South End Ave & Liberty St,5303.06,40.7111,-74.0158,40.7111,-74.0158,casual,2130
b42a045687364a84,electric_bike,2024-06-10T20:54:50.000000,2024-06-10T21:02:25.000000,N 8 St & Driggs Ave,5453.07,9 Ave & W 45 St,6717.06,40.7177,-73.956,40.7602,-73.9913,member,455
0123a348638a4df6,classic_bike,2024-06-10T21:04:12.000000,2024-06-10T21:36:53.000000,W 21 St & 6 Ave,6140.05,Bedford Ave & Nassau Ave,5525.04,40.7418,-73.9945,40.723,-73.9521,member,1961
5513b74f4ffc4c54,classic_bike,2024-06-10T21:12:37.000000,2024-06-10T21:45:03.000000,1 Ave & E 68 St,6753.08,Bedford Ave & Nassau Ave,5525.04,40.7659,-73.9585,40.723,-73.9521,member,1946
400564b8171643b1,electric_bike,2024-06-10T21:18:45.000000,2024-06-10T21:34:32.000000,1 Ave & E 68 St,6753.08,Central Park S & 6 Ave,6904.04,40.7659,-73.9585,40.7659,-73.9764,member,947
32f9b77107994940,classic_bike,2024-06-10T21:34:48.000000,2024-06-10T22:01:22.000000,West St & Chambers St,5470.10,N 8 St & Driggs Ave,5453.07,40.7175,-74.0134,40.7177,-73.956,casual,1594
510564f9d90949aa,electric_bike,2024-06-10T21:56:50.000000,2024-06-10T22:18:26.000000,Bedford Ave & Nassau Ave,5525.04,Bedford Ave & Nassau Ave,5525.04,40.723,-73.9521,40.723,-73.9521,casual,1296
8677b81d1902493b,classic_bike,2024-06-11T06:08:53.000000,2024-06-11T06:15:31.000000,Pier 40 - Hudson River Park,5573.05,W 21 St & 6 Ave,6140.05,40.7276,-74.0115,40.7418,-73.9945,casual,398
8532fc74a9984bdf,electric_bike,2024-06-11T06:09:19.000000,2024-06-11T06:40:02.000000,Bedford Ave & Nassau Ave,5525.04,N 8 St & Driggs Ave,5453.07,40.723,-73.9521,40.7177,-73.956,member,1843
9a0f09e9eb8b4c11,classic_bike,2024-06-11T06:10:48.000000,2024-06-11T06:19:23.000000,Broadway & E 14 St,5905.12,8 Ave & W 31 St,6450.12,40.7345,-73.9907,40.7502,-73.9978,member,515
fd7ee75cf9974697,classic_bike,2024-06-11T06:16:09.000000,2024-06-11T06:51:22.000000,W 21 St & 6 Ave,6140.05,Broadway & E 14 St,5905.12,40.7418,-73.9945,40.7345,-73.9907,member,2113
bb7bee035d674bb1,classic_bike,2024-06-11T06:40:19.000000,2024-06-11T07:12:24.000000,South End Ave & Liberty St,5303.06,N 8 St & Driggs Ave,5453.07,40.7111,-74.0158,40.7177,-73.956,member,1925
4df742aee267412b,electric_bike,2024-06-11T06:50:12.000000,2024-06-11T07:12:04.000000,Pier 40 - Hudson River Park,5573.05,9 Ave & W 45 St,6717.06,40.7276,-74.0115,40.7602,-73.9913,casual,1312
fbc8c77e29334fc4,electric_bike,2024-06-11T06:57:12.000000,2024-06-11T07:17:25.000000,1 Ave & E 68 St,6753.08,W 21 St & 6 Ave,6140.05,40.7659,-73.9585,40.7418,-73.9945,casual,1213
94ad345ae3234264,classic_bike,2024-06-11T07:02:05.000000,2024-06-11T07:18:56.000000,Central Park S & 6 Ave,6904.04,N 8 St & Driggs Ave,5453.07,40.7659,-73.9764,40.7177,-73.956,member,1011
b55beaaacb5340be,classic_bike,2024-06-11T07:02:23.000000,2024-06-11T07:32:46.000000,Central Park S & 6 Ave,6904.04,9 Ave & W 45 St,6717.06,40.7659,-73.9764,40.7602,-73.9913,casual,1823
33bb738208014e83,classic_bike,2024-06-11T07:08:02.000000,2024-06-11T07:18:53.000000,Broadway & E 14 St,5905.12,Pier 40 - Hudson River Park,5573.05,40.7345,-73.9907,40.7276,-74.0115,casual,651
81d67019d97e4d3c,classic_bike,2024-06-11T07:18:46.000000,2024-06-11T07:25:54.000000,8 Ave & W 31 St,6450.12,Bedford Ave & Nassau Ave,5525.04,40.7502,-73.9978,40.723,-73.9521,casual,428
76812ad798984758,electric_bike,2024-06-11T07:19:47.000000,2024-06-11T07:55:00.000000,1 Ave & E 68 St,6753.08,N 8 St & Driggs Ave,5453.07,40.7659,-73.9585,40.7177,-73.956,member,2113
891f691217ab4863,classic_bike,2024-06-11T07:20:59.000000,2024-06-11T07:53:41.000000,West St & Chambers St,5470.10,Lafayette St & E 8 St,5788.13,40.7175,-74.0134,40.7302,-73.991,member,1962
a14ed649926e402e,electric_bike,2024-06-11T07:30:55.000000,2024-06-11T07:44:13.000000,Bedford Ave & Nassau Ave,5525.04,8 Ave & W 31 St,6450.12,40.723,-73.9521,40.7502,-73.9978,member,798
f396ea37f0654817,electric_bike,2024-06-11T07:41:53.000000,2024-06-11T08:17:17.000000,South End Ave & Liberty St,5303.06,E 17 St & Broadway,5905.14,40.7111,-74.0158,40.737,-73.9901,member,2124
3e711433bd90481a,classic_bike,2024-06-11T07:51:43.000000,2024-06-11T08:04:56.000000,E 47 St & Park Ave,6551.09,Lafayette St & E 8 St,5788.13,40.7553,-73.9746,40.7302,-73.991,member,793
dd7f57d1e45d4f26,electric_bike,2024-06-11T08:19:30.000000,2024-06-11T08:32:06.000000,9 Ave & W 45 St,6717.06,W 21 St & 6 Ave,6140.05,40.7602,-73.9913,40.7418,-73.9945,casual,756
b2cf952da7f343b3,electric_bike,2024-06-11T08:24:58.000000,2024-06-11T08:50:50.000000,Broadway & E 14 St,5905.12,Grand Army Plaza & Plaza St West,4066.15,40.7345,-73.9907,40.6729,-73.9709,member,1552
a9a0758ef3a74d25,classic_bike,2024-06-11T08:30:16.000000,2024-06-11T08:49:09.000000,Grand Army Plaza & Plaza St West,4066.15,Central Park S & 6 Ave,6904.04,40.6729,-73.9709,40.7659,-73.9764,member,1133
7ce3456320364a73,classic_bike,2024-06-11T08:37:44.000000,2024-06-11T09:16:20.000000,W 21 St & 6 Ave,6140.05,Lafayette St & E 8 St,5788.13,40.7418,-73.9945,40.7302,-73.991,casual,2316
359a153346054c0e,classic_bike,2024-06-11T09:01:20.000000,2024-06-11T09:07:17.000000,Central Park S & 6 Ave,6904.04,Lafayette St & E 8 St,5788.13,40.7659,-73.9764,40.7302,-73.991,member,357
aad9e93dc3d04de3,electric_bike,2024-06-11T09:30:21.000000,2024-06-11T10:06:15.000000,Broadway & E 14 St,5905.12,Bedford Ave & Nassau Ave,5525.04,40.7345,-73.9907,40.723,-73.9521,member,2154
198d13a40cd24e43,classic_bike,2024-06-11T09:56:29.000000,2024-06-11T10:18:41.000000,South End Ave & Liberty St,5303.06,8 Ave & W 31 St,6450.12,40.7111,-74.0158,40.7502,-73.9978,member,1332
31891f48e66e4c11,electric_bike,2024-06-11T10:00:06.000000,2024-06-11T10:21:33.000000,1 Ave & E 68 St,6753.08,N 8 St & Driggs Ave,5453.07,40.7659,-73.9585,40.7177,-73.956,casual,1287
bcaff931ead14464,classic_bike,2024-06-11T10:06:17.000000,2024-06-11T10:44:42.000000,Broadway & E 14 St,5905.12,West St & Chambers St,5470.10,40.7345,-73.9907,40.7175,-74.0134,member,2305
504e268770e74756,electric_bike,2024-06-11T10:08:02.000000,2024-06-11T10:17:32.000000,1 Ave & E 68 St,6753.08,E 47 St & Park Ave,6551.09,40.7659,-73.9585,40.7553,-73.9746,member,570
857f2f3e61a94fb1,electric_bike,2024-06-11T10:14:51.000000,2024-06-11T10:32:02.000000,Pier 40 - Hudson River Park,5573.05,W 21 St & 6 Ave,6140.05,40.7276,-74.0115,40.7418,-73.9945,member,1031
89e03e22d3f4449b,electric_bike,2024-06-11T10:22:47.000000,2024-06-11T10:57:29.000000,South End Ave & Liberty St,5303.06,Central Park S & 6 Ave,6904.04,40.7111,-74.0158,40.7659,-73.9764,casual,2082
2caf3d2ff0264418,classic_bike,2024-06-11T10:37:33.000000,2024-06-11T11:10:17.000000,West St & Chambers St,5470.10,1 Ave & E 68 St,6753.08,40.7175,-74.0134,40.7659,-73.9585,member,1964
d2a20765b7004ce3,classic_bike,2024-06-11T10:53:14.000000,2024-06-11T11:21:29.000000,1 Ave & E 68 St,6753.08,Lafayette St & E 8 St,5788.13,40.7659,-73.9585,40.7302,-73.991,casual,1695
45665e791a9a4b54,electric_bike,2024-06-11T11:08:39.000000,2024-06-11T11:30:14.000000,South End Ave & Liberty St,5303.06,N 8 St & Driggs Ave,5453.07,40.7111,-74.0158,40.7177,-73.956,casual,1295
53ea4919db4842c2,classic_bike,2024-06-11T11:11:52.000000,2024-06-11T11:16:37.000000,1 Ave & E 68 St,6753.08,9 Ave & W 45 St,6717.06,40.7659,-73.9585,40.7602,-73.9913,member,285
c0ae0b1af3474736,electric_bike,2024-06-11T11:39:21.000000,2024-06-11T12:05:58.000000,South End Ave & Liberty St,5303.06,West St & Chambers St,5470.10,40.7111,-74.0158,40.7175,-74.0134,member,1597
47cc3a66263848be,classic_bike,2024-06-11T11:39:51.000000,2024-06-11T12:05:59.000000,West St & Chambers St,5470.10,Grand Army Plaza & Plaza St West,4066.15,40.7175,-74.0134,40.6729,-73.9709,casual,1568
7f4218898ca14f75,electric_bike,2024-06-11T11:41:08.000000,2024-06-11T11:59:55.000000,Grand Army Plaza & Plaza St West,4066.15,9 Ave & W 45 St,6717.06,40.6729,-73.9709,40.7602,-73.9913,member,1127
3985c3cf3f764e1d,classic_bike,2024-06-11T12:22:28.000000,2024-06-11T12:59:47.000000,E 17 St & Broadway,5905.14,N 8 St & Driggs Ave,5453.07,40.737,-73.9901,40.7177,-73.956,casual,2239
8a38d5aa51be4a8e,classic_bike,2024-06-11T12:31:03.000000,2024-06-11T12:53:51.000000,N 8 St & Driggs Ave,5453.07,9 Ave & W 45 St,6717.06,40.7177,-73.956,40.7602,-73.9913,casual,1368
282c6470ef32472a,electric_bike,2024-06-11T12:34:09.000000,2024-06-11T12:39:52.000000,N 8 St & Driggs Ave,5453.07,N 8 St & Driggs Ave,5453.07,40.7177,-73.956,40.7177,-73.956,casual,343
22ee7f0752964fb3,classic_bike,2024-06-11T12:45:37.000000,2024-06-11T12:54:30.000000,Lafayette St & E 8 St,5788.13,Bedford Ave & Nassau Ave,5525.04,40.7302,-73.991,40.723,-73.9521,casual,533
2095eef68ded49fb,classic_bike,2024-06-11T12:58:20.000000,2024-06-11T13:27:48.000000,Pier 40 - Hudson River Park,5573.05,8 Ave & W 31 St,6450.12,40.7276,-74.0115,40.7502,-73.9978,member,1768
067e4b72316e4645,classic_bike,2024-06-11T13:28:47.000000,2024-06-11T13:43:43.000000,Broadway & E 14 St,5905.12,South End Ave & Liberty St,5303.06,40.7345,-73.9907,40.7111,-74.0158,casual,896
721b770724874651,classic_bike,2024-06-11T13:49:17.000000,2024-06-11T14:05:03.000000,Pier 40 - Hudson River Park,5573.05,Bedford Ave & Nassau Ave,5525.04,40.7276,-74.0115,40.723,-73.9521,casual,946
2285b2efcfbe4fe9,classic_bike,2024-06-11T13:55:44.000000,2024-06-11T14:30:24.000000,E 47 St & Park Ave,6551.09,9 Ave & W 45 St,6717.06,40.7553,-73.9746,40.7602,-73.9913,casual,2080
be86f5d0f73e4b07,electric_bike,2024-06-11T14:08:29.000000,2024-06-11T14:38:08.000000,W 21 St & 6 Ave,6140.05,1 Ave & E 68 St,6753.08,40.7418,-73.9945,40.7659,-73.9585,casual,1779
9e24c724e47a4b03,electric_bike,2024-06-11T14:47:52.000000,2024-06-11T14:52:17.000000,South End Ave & Liberty St,5303.06,South End Ave & Liberty St,5303.06,40.7111,-74.0158,40.7111,-74.0158,member,265
3360d11548b54c88,electric_bike,2024-06-11T14:59:02.000000,2024-06-11T15:18:28.000000,Grand Army Plaza & Plaza St West,4066.15,South End Ave & Liberty St,5303.06,40.6729,-73.9709,40.7111,-74.0158,member,1166
d9df0d0e225a4d6c,electric_bike,2024-06-11T15:16:33.000000,2024-06-11T15:52:16.000000,8 Ave & W 31 St,6450.12,Central Park S & 6 Ave,6904.04,40.7502,-73.9978,40.7659,-73.9764,casual,2143
e24cee91b4994393,electric_bike,2024-06-11T16:19:23.000000,2024-06-11T16:43:32.000000,N 8 St & Driggs Ave,5453.07,Lafayette St & E 8 St,5788.13,40.7177,-73.956,40.7302,-73.991,member,1449
cdfd9531302b4831,classic_bike,2024-06-11T16:19:38.000000,2024-06-11T16:24:19.000000,8 Ave & W 31 St,6450.12,E 17 St & Broadway,5905.14,40.7502,-73.9978,40.737,-73.9901,casual,281
14aa3ca37ca9468f,classic_bike,2024-06-11T16:27:24.000000,2024-06-11T16:40:10.000000,9 Ave & W 45 St,6717.06,E 47 St & Park Ave,6551.09,40.7602,-73.9913,40.7553,-73.9746,member,766
56c890a565384f11,classic_bike,2024-06-11T16:38:26.000000,2024-06-11T17:06:52.000000,9 Ave & W 45 St,6717.06,Grand Army Plaza & Plaza St West,4066.15,40.7602,-73.9913,40.6729,-73.9709,casual,1706
8bc78e815a304528,electric_bike,2024-06-11T16:43:06.000000,2024-06-11T17:07:47.000000,West St & Chambers St,5470.10,Bedford Ave & Nassau Ave,5525.04,40.7175,-74.0134,40.723,-73.9521,member,1481
35adde8843e44668,classic_bike,2024-06-11T16:54:46.000000,2024-06-11T17:19:41.000000,E 47 St & Park Ave,6551.09,Bedford Ave & Nassau Ave,5525.04,40.7553,-73.9746,40.723,-73.9521,member,1495
5f1930e0cda74451,electric_bike,2024-06-11T16:57:25.000000,2024-06-11T17:25:23.000000,Central Park S & 6 Ave,6904.04,Lafayette St & E 8 St,5788.13,40.7659,-73.9764,40.7302,-73.991,member,1678
394a97fdf28b4846,classic_bike,2024-06-11T16:59:45.000000,2024-06-11T17:33:31.000000,Central Park S & 6 Ave,6904.04,8 Ave & W 31 St,6450.12,40.7659,-73.9764,40.7502,-73.9978,casual,2026
f480b91e700e4efc,electric_bike,2024-06-11T17:02:10.000000,2024-06-11T17:26:36.000000,E 47 St & Park Ave,6551.09,1 Ave & E 68 St,6753.08,40.7553,-73.9746,40.7659,-73.9585,member,1466
682904cafebf4c56,electric_bike,2024-06-11T17:05:03.000000,2024-06-11T17:29:06.000000,E 17 St & Broadway,5905.14,N 8 St & Driggs Ave,5453.07,40.737,-73.9901,40.7177,-73.956,member,1443
b9676dc6d6fd41a5,classic_bike,2024-06-11T17:13:56.000000,2024-06-11T17:22:05.000000,South End Ave & Liberty St,5303.06,Lafayette St & E 8 St,5788.13,40.7111,-74.0158,40.7302,-73.991,member,489
f38324f7eddc4c0a,classic_bike,2024-06-11T17:36:07.000000,2024-06-11T18:05:01.000000,W 21 St & 6 Ave,6140.05,8 Ave & W 31 St,6450.12,40.7418,-73.9945,40.7502,-73.9978,casual,1734
e8c35a79504e44ac,electric_bike,2024-06-11T17:57:35.000000,2024-06-11T18:20:21.000000,E 17 St & Broadway,5905.14,E 17 St & Broadway,5905.14,40.737,-73.9901,40.737,-73.9901,member,1366
3acb43a3d2c74ffb,classic_bike,2024-06-11T18:16:34.000000,2024-06-11T18:47:31.000000,8 Ave & W 31 St,6450.12,Central Park S & 6 Ave,6904.04,40.7502,-73.9978,40.7659,-73.9764,casual,1857
297a8503d83343c3,classic_bike,2024-06-11T18:32:23.000000,2024-06-11T19:06:37.000000,E 47 St & Park Ave,6551.09,N 8 St & Driggs Ave,5453.07,40.7553,-73.9746,40.7177,-73.956,casual,2054
e892464d47b845fa,classic_bike,2024-06-11T18:42:20.000000,2024-06-11T18:58:48.000000,W 21 St & 6 Ave,6140.05,W 21 St & 6 Ave,6140.05,40.7418,-73.9945,40.7418,-73.9945,casual,988
2db13debee6f4bea,electric_bike,2024-06-11T18:46:52.000000,2024-06-11T19:12:12.000000,Broadway & E 14 St,5905.12,E 17 St & Broadway,5905.14,40.7345,-73.9907,40.737,-73.9901,casual,1520
67f48ad54d0b4d1a,classic_bike,2024-06-11T18:46:57.000000,2024-06-11T19:00:49.000000,N 8 St & Driggs Ave,5453.07,E 17 St & Broadway,5905.14,40.7177,-73.956,40.737,-73.9901,casual,832
b0b6148cad7e4ff7,classic_bike,2024-06-11T18:47:15.000000,2024-06-11T19:02:33.000000,Central Park S & 6 Ave,6904.04,9 Ave & W 45 St,6717.06,40.7659,-73.9764,40.7602,-73.9913,casual,918
b072afc805774108,electric_bike,2024-06-11T18:54:22.000000,2024-06-11T19:26:18.000000,Pier 40 - Hudson River Park,5573.05,9 Ave & W 45 St,6717.06,40.7276,-74.0115,40.7602,-73.9913,casual,1916
12f178bdc7de41a9,electric_bike,2024-06-11T19:08:49.000000,2024-06-11T19:32:53.000000,Bedford Ave & Nassau Ave,5525.04,South End Ave & Liberty St,5303.06,40.723,-73.9521,40.7111,-74.0158,member,1444
84a91789b2c047e8,electric_bike,2024-06-11T19:14:11.000000,2024-06-11T19:47:23.000000,E 17 St & Broadway,5905.14,E 47 St & Park Ave,6551.09,40.737,-73.9901,40.7553,-73.9746,casual,1992
0ae4ac11eb4d4f42,classic_bike,2024-06-11T19:23:21.000000,2024-06-11T19:31:51.000000,E 47 St & Park Ave,6551.09,E 17 St & Broadway,5905.14,40.7553,-73.9746,40.737,-73.9901,member,510
95866982f7e848a2,electric_bike,2024-06-11T19:34:17.000000,2024-06-11T19:44:54.000000,West St & Chambers St,5470.10,W 21 St & 6 Ave,6140.05,40.7175,-74.0134,40.7418,-73.9945,member,637
fd75a5f3eeaf4a83,electric_bike,2024-06-11T19:38:36.000000,2024-06-11T19:44:18.000000,Broadway & E 14 St,5905.12,1 Ave & E 68 St,6753.08,40.7345,-73.9907,40.7659,-73.9585,member,342
1b37ef19b3bc412f,classic_bike,2024-06-11T19:39:18.000000,2024-06-11T20:18:41.000000,Lafayette St & E 8 St,5788.13,E 47 St & Park Ave,6551.09,40.7302,-73.991,40.7553,-73.9746,member,2363
bad4f3e03b524525,electric_bike,2024-06-11T19:47:54.000000,2024-06-11T20:16:53.000000,West St & Chambers St,5470.10,Grand Army Plaza & Plaza St West,4066.15,40.7175,-74.0134,40.6729,-73.9709,casual,1739
cf590b8ec86042c4,classic_bike,2024-06-11T20:00:27.000000,2024-06-11T20:15:59.000000,Bedford Ave & Nassau Ave,5525.04,West St & Chambers St,5470.10,40.723,-73.9521,40.7175,-74.0134,member,932
50fcfdaa274b469e,electric_bike,2024-06-11T20:00:32.000000,2024-06-11T20:13:43.000000,Grand Army Plaza & Plaza St West,4066.15,N 8 St & Driggs Ave,5453.07,40.6729,-73.9709,40.7177,-73.956,casual,791
23c86d301dde4969,classic_bike,2024-06-11T20:03:29.000000,2024-06-11T20:26:06.000000,N 8 St & Driggs Ave,5453.07,Broadway & E 14 St,5905.12,40.7177,-73.956,40.7345,-73.9907,member,1357
af8e26b26cfb4173,electric_bike,2024-06-11T20:14:22.000000,2024-06-11T20:39:33.000000,Central Park S & 6 Ave,6904.04,9 Ave & W 45 St,6717.06,40.7659,-73.9764,40.7602,-73.9913,casual,1511
c2492e5e005f40e6,electric_bike,2024-06-11T20:19:44.000000,2024-06-11T20:22:23.000000,Pier 40 - Hudson River Park,5573.05,Lafayette St & E 8 St,5788.13,40.7276,-74.0115,40.7302,-73.991,casual,159
9dec2b8338854f7e,electric_bike,2024-06-11T20:31:32.000000,2024-06-11T20:43:15.000000,West St & Chambers St,5470.10,E 17 St & Broadway,5905.14,40.7175,-74.0134,40.737,-73.9901,member,703
1928aae5cd644aff,electric_bike,2024-06-11T20:38:17.000000,2024-06-11T21:03:09.000000,Grand Army Plaza & Plaza St West,4066.15,South End Ave & Liberty St,5303.06,40.6729,-73.9709,40.7111,-74.0158,casual,1492
c50c71f44d084416,electric_bike,2024-06-11T20:38:50.000000,2024-06-11T21:17:36.000000,E 17 St & Broadway,5905.14,E 47 St & Park Ave,6551.09,40.737,-73.9901,40.7553,-73.9746,member,2326
92f5df7b03234342,electric_bike,2024-06-11T20:49:48.000000,2024-06-11T21:25:18.000000,Bedford Ave & Nassau Ave,5525.04,1 Ave & E 68 St,6753.08,40.723,-73.9521,40.7659,-73.9585,casual,2130
380487860a58443c,electric_bike,2024-06-11T20:53:09.000000,2024-06-11T21:28:09.000000,Grand Army Plaza & Plaza St West,4066.15,Grand Army Plaza & Plaza St West,4066.15,40.6729,-73.9709,40.6729,-73.9709,member,2100
304b237082704238,electric_bike,2024-06-11T20:56:19.000000,2024-06-11T21:12:20.000000,E 47 St & Park Ave,6551.09,E 47 St & Park Ave,6551.09,40.7553,-73.9746,40.7553,-73.9746,casual,961
88a613b4a3b84f92,electric_bike,2024-06-11T20:58:36.000000,2024-06-11T21:30:17.000000,N 8 St & Driggs Ave,5453.07,Bedford Ave & Nassau Ave,5525.04,40.7177,-73.956,40.723,-73.9521,casual,1901
b9f6143bb2384056,classic_bike,2024-06-11T21:07:51.000000,2024-06-11T21:21:14.000000,9 Ave & W 45 St,6717.06,E 17 St & Broadway,5905.14,40.7602,-73.9913,40.737,-73.9901,member,803
4111e681f1da433d,electric_bike,2024-06-11T21:25:10.000000,2024-06-11T21:54:28.000000,8 Ave & W 31 St,6450.12,E 17 St & Broadway,5905.14,40.7502,-73.9978,40.737,-73.9901,member,1758
b5d2bf7f764d4e7c,classic_bike,2024-06-11T21:36:17.000000,2024-06-11T22:06:34.000000,W 21 St & 6 Ave,6140.05,E 17 St & Broadway,5905.14,40.7418,-73.9945,40.737,-73.9901,member,1817
e82b5b364269428c,electric_bike,2024-06-12T06:26:41.000000,2024-06-12T07:02:38.000000,N 8 St & Driggs Ave,5453.07,1 Ave & E 68 St,6753.08,40.7177,-73.956,40.7659,-73.9585,casual,2157
e3ec4f6afe504fdc,electric_bike,2024-06-12T06:35:18.000000,2024-06-12T06:38:24.000000,E 17 St & Broadway,5905.14,W 21 St & 6 Ave,6140.05,40.737,-73.9901,40.7418,-73.9945,member,186
7b31dcdc40d94a8e,electric_bike,2024-06-12T06:43:47.000000,2024-06-12T07:23:18.000000,1 Ave & E 68 St,6753.08,N 8 St & Driggs Ave,5453.07,40.7659,-73.9585,40.7177,-73.956,member,2371
eca391d47ba14dd7,classic_bike,2024-06-12T06:49:35.000000,2024-06-12T07:21:07.000000,W 21 St & 6 Ave,6140.05,Pier 40 - Hudson River Park,5573.05,40.7418,-73.9945,40.7276,-74.0115,member,1892
343ada2a76e54e78,electric_bike,2024-06-12T07:01:10.000000,2024-06-12T07:33:10.000000,Central Park S & 6 Ave,6904.04,Broadway & E 14 St,5905.12,40.7659,-73.9764,40.7345,-73.9907,member,1920
3a5bece9db004b4c,electric_bike,2024-06-12T07:06:08.000000,2024-06-12T07:25:51.000000,Grand Army Plaza & Plaza St West,4066.15,1 Ave & E 68 St,6753.08,40.6729,-73.9709,40.7659,-73.9585,member,1183
d9f2dd0d4cc945f2,classic_bike,2024-06-12T07:06:35.000000,2024-06-12T07:45:35.000000,N 8 St & Driggs Ave,5453.07,Lafayette St & E 8 St,5788.13,40.7177,-73.956,40.7302,-73.991,member,2340
146d3f31fc374a4c,classic_bike,2024-06-12T07:11:02.000000,2024-06-12T07:28:35.000000,Grand Army Plaza & Plaza St West,4066.15,West St & Chambers St,5470.10,40.6729,-73.9709,40.7175,-74.0134,member,1053
2d921dab41524bff,classic_bike,2024-06-12T07:12:35.000000,2024-06-12T07:40:37.000000,9 Ave & W 45 St,6717.06,W 21 St & 6 Ave,6140.05,40.7602,-73.9913,40.7418,-73.9945,casual,1682
f5e90352374549f2,classic_bike,2024-06-12T07:12:53.000000,2024-06-12T07:35:37.000000,Pier 40 - Hudson River Park,5573.05,W 21 St & 6 Ave,6140.05,40.7276,-74.0115,40.7418,-73.9945,member,1364
c8ad0899b630494d,classic_bike,2024-06-12T07:15:05.000000,2024-06-12T07:35:22.000000,9 Ave & W 45 St,6717.06,West St & Chambers St,5470.10,40.7602,-73.9913,40.7175,-74.0134,casual,1217
3b6dca0d6fe5440b,classic_bike,2024-06-12T07:20:32.000000,2024-06-12T07:46:08.000000,9 Ave & W 45 St,6717.06,Bedford Ave & Nassau Ave,5525.04,40.7602,-73.9913,40.723,-73.9521,casual,1536
97fb613a21f84d06,classic_bike,2024-06-12T07:37:00.000000,2024-06-12T07:53:34.000000,N 8 St & Driggs Ave,5453.07,Broadway & E 14 St,5905.12,40.7177,-73.956,40.7345,-73.9907,casual,994
3317347038f14a81,electric_bike,2024-06-12T07:50:24.000000,2024-06-12T07:55:02.000000,1 Ave & E 68 St,6753.08,9 Ave & W 45 St,6717.06,40.7659,-73.9585,40.7602,-73.9913,casual,278
478a943affb24fe1,electric_bike,2024-06-12T08:05:53.000000,2024-06-12T08:17:25.000000,Broadway & E 14 St,5905.12,E 17 St & Broadway,5905.14,40.7345,-73.9907,40.737,-73.9901,member,692
7eb9fe2d37384270,electric_bike,2024-06-12T08:06:17.000000,2024-06-12T08:40:56.000000,8 Ave & W 31 St,6450.12,Pier 40 - Hudson River Park,5573.05,40.7502,-73.9978,40.7276,-74.0115,casual,2079
53dc4faed3a74b83,electric_bike,2024-06-12T08:16:16.000000,2024-06-12T08:30:06.000000,Central Park S & 6 Ave,6904.04,E 47 St & Park Ave,6551.09,40.7659,-73.9764,40.7553,-73.9746,member,830
6b65450b5c75452c,electric_bike,2024-06-12T08:18:22.000000,2024-06-12T08:31:30.000000,Lafayette St & E 8 St,5788.13,Central Park S & 6 Ave,6904.04,40.7302,-73.991,40.7659,-73.9764,member,788
ad411244ff7940f4,classic_bike,2024-06-12T08:19:30.000000,2024-06-12T08:55:29.000000,N 8 St & Driggs Ave,5453.07,Pier 40 - Hudson River Park,5573.05,40.7177,-73.956,40.7276,-74.0115,casual,2159
e29ff19c29b54942,classic_bike,2024-06-12T09:04:41.000000,2024-06-12T09:25:56.000000,Grand Army Plaza & Plaza St West,4066.15,Central Park S & 6 Ave,6904.04,40.6729,-73.9709,40.7659,-73.9764,casual,1275
d1a7ba2011b441e9,electric_bike,2024-06-12T09:34:28.000000,2024-06-12T09:56:21.000000,Bedford Ave & Nassau Ave,5525.04,Central Park S & 6 Ave,6904.04,40.723,-73.9521,40.7659,-73.9764,casual,1313
67c9620428e343b6,electric_bike,2024-06-12T10:01:03.000000,2024-06-12T10:11:07.000000,N 8 St & Driggs Ave,5453.07,Lafayette St & E 8 St,5788.13,40.7177,-73.956,40.7302,-73.991,member,604
08942176fe994f69,classic_bike,2024-06-12T10:14:24.000000,2024-06-12T10:46:38.000000,Broadway & E 14 St,5905.12,9 Ave & W 45 St,6717.06,40.7345,-73.9907,40.7602,-73.9913,casual,1934
deda4e161b3d4d5c,electric_bike,2024-06-12T10:29:32.000000,2024-06-12T10:43:43.000000,Bedford Ave & Nassau Ave,5525.04,South End Ave & Liberty St,5303.06,40.723,-73.9521,40.7111,-74.0158,member,851
618192dedb374ca7,classic_bike,2024-06-12T10:36:51.000000,2024-06-12T10:54:56.000000,E 47 St & Park Ave,6551.09,Broadway & E 14 St,5905.12,40.7553,-73.9746,40.7345,-73.9907,member,1085
178976de9e904107,classic_bike,2024-06-12T10:50:16.000000,2024-06-12T11:05:26.000000,Lafayette St & E 8 St,5788.13,West St & Chambers St,5470.10,40.7302,-73.991,40.7175,-74.0134,member,910
1d9fff257e634654,electric_bike,2024-06-12T10:55:35.000000,2024-06-12T11:00:21.000000,9 Ave & W 45 St,6717.06,Lafayette St & E 8 St,5788.13,40.7602,-73.9913,40.7302,-73.991,casual,286
8a3c3b5e801e41da,electric_bike,2024-06-12T11:11:44.000000,2024-06-12T11:41:12.000000,Broadway & E 14 St,5905.12,Central Park S & 6 Ave,6904.04,40.7345,-73.9907,40.7659,-73.9764,casual,1768
4a640fc1684345c3,electric_bike,2024-06-12T11:19:43.000000,2024-06-12T11:52:01.000000,Central Park S & 6 Ave,6904.04,Grand Army Plaza & Plaza St West,4066.15,40.7659,-73.9764,40.6729,-73.9709,member,1938
a491f0b2ea1f4a65,electric_bike,2024-06-12T11:22:13.000000,2024-06-12T11:58:17.000000,South End Ave & Liberty St,5303.06,Grand Army Plaza & Plaza St West,4066.15,40.7111,-74.0158,40.6729,-73.9709,member,2164
c2baf0e0217943f0,electric_bike,2024-06-12T11:26:46.000000,2024-06-12T11:52:20.000000,Lafayette St & E 8 St,5788.13,E 47 St & Park Ave,6551.09,40.7302,-73.991,40.7553,-73.9746,member,1534
c65720ae5bd64d4d,electric_bike,2024-06-12T11:39:56.000000,2024-06-12T12:14:41.000000,1 Ave & E 68 St,6753.08,N 8 St & Driggs Ave,5453.07,40.7659,-73.9585,40.7177,-73.956,casual,2085
b1ac040d6c1c4405,classic_bike,2024-06-12T11:51:52.000000,2024-06-12T12:02:05.000000,W 21 St & 6 Ave,6140.05,W 21 St & 6 Ave,6140.05,40.7418,-73.9945,40.7418,-73.9945,casual,613
24caabcbd2c44286,classic_bike,2024-06-12T12:11:06.000000,2024-06-12T12:49:34.000000,N 8 St & Driggs Ave,5453.07,Bedford Ave & Nassau Ave,5525.04,40.7177,-73.956,40.723,-73.9521,member,2308
f4e559e596224348,electric_bike,2024-06-12T12:21:51.000000,2024-06-12T12:32:43.000000,Broadway & E 14 St,5905.12,Bedford Ave & Nassau Ave,5525.04,40.7345,-73.9907,40.723,-73.9521,member,652
4f90f91a544840de,classic_bike,2024-06-12T13:13:04.000000,2024-06-12T13:32:07.000000,Bedford Ave & Nassau Ave,5525.04,West St & Chambers St,5470.10,40.723,-73.9521,40.7175,-74.0134,member,1143
94e4339da9a94ef7,classic_bike,2024-06-12T13:14:23.000000,2024-06-12T13:20:04.000000,Bedford Ave & Nassau Ave,5525.04,W 21 St & 6 Ave,6140.05,40.723,-73.9521,40.7418,-73.9945,casual,341
ba1082170ad749a2,electric_bike,2024-06-12T13:16:10.000000,2024-06-12T13:48:28.000000,Central Park S & 6 Ave,6904.04,Grand Army Plaza & Plaza St West,4066.15,40.7659,-73.9764,40.6729,-73.9709,casual,1938
7b64665ccb264809,classic_bike,2024-06-12T13:23:48.000000,2024-06-12T13:36:26.000000,Pier 40 - Hudson River Park,5573.05,Grand Army Plaza & Plaza St West,4066.15,40.7276,-74.0115,40.6729,-73.9709,casual,758
32ce93dbb58f47b6,classic_bike,2024-06-12T13:24:00.000000,2024-06-12T13:50:31.000000,1 Ave & E 68 St,6753.08,Lafayette St & E 8 St,5788.13,40.7659,-73.9585,40.7302,-73.991,member,1591
ad463549bf4143cb,electric_bike,2024-06-12T13:35:37.000000,2024-06-12T13:59:52.000000,South End Ave & Liberty St,5303.06,West St & Chambers St,5470.10,40.7111,-74.0158,40.7175,-74.0134,member,1455
5761b09943db4a42,classic_bike,2024-06-12T13:45:48.000000,2024-06-12T14:18:30.000000,Lafayette St & E 8 St,5788.13,Grand Army Plaza & Plaza St West,4066.15,40.7302,-73.991,40.6729,-73.9709,member,1962
142c3fe860e74113,electric_bike,2024-06-12T13:50:34.000000,2024-06-12T14:01:05.000000,9 Ave & W 45 St,6717.06,W 21 St & 6 Ave,6140.05,40.7602,-73.9913,40.7418,-73.9945,casual,631
501ba8515ee64495,electric_bike,2024-06-12T14:00:48.000000,2024-06-12T14:24:39.000000,Broadway & E 14 St,5905.12,9 Ave & W 45 St,6717.06,40.7345,-73.9907,40.7602,-73.9913,member,1431
932cae01d2c64ee4,classic_bike,2024-06-12T14:10:33.000000,2024-06-12T14:40:35.000000,E 17 St & Broadway,5905.14,Bedford Ave & Nassau Ave,5525.04,40.737,-73.9901,40.723,-73.9521,member,1802
1deb979d8d0b46d7,electric_bike,2024-06-12T14:10:57.000000,2024-06-12T14:15:41.000000,Bedford Ave & Nassau Ave,5525.04,Broadway & E 14 St,5905.12,40.723,-73.9521,40.7345,-73.9907,member,284
ba22006515264718,electric_bike,2024-06-12T14:29:23.000000,2024-06-12T15:06:49.000000,1 Ave & E 68 St,6753.08,Central Park S & 6 Ave,6904.04,40.7659,-73.9585,40.7659,-73.9764,member,2246
9496634fd438431d,electric_bike,2024-06-12T14:32:59.000000,2024-06-12T14:43:13.000000,Broadway & E 14 St,5905.12,Grand Army Plaza & Plaza St West,4066.15,40.7345,-73.9907,40.6729,-73.9709,casual,614
95eef45ca9c3440d,classic_bike,2024-06-12T14:40:52.000000,2024-06-12T15:01:29.000000,E 47 St & Park Ave,6551.09,1 Ave & E 68 St,6753.08,40.7553,-73.9746,40.7659,-73.9585,member,1237
b5502e2b4bde4d88,electric_bike,2024-06-12T14:57:16.000000,2024-06-12T15:19:58.000000,Pier 40 - Hudson River Park,5573.05,Bedford Ave & Nassau Ave,5525.04,40.7276,-74.0115,40.723,-73.9521,member,1362
c7fee39f11904938,classic_bike,2024-06-12T15:12:03.000000,2024-06-12T15:37:56.000000,Central Park S & 6 Ave,6904.04,W 21 St & 6 Ave,6140.05,40.7659,-73.9764,40.7418,-73.9945,member,1553
772d416dda0542fc,electric_bike,2024-06-12T15:42:03.000000,2024-06-12T16:03:12.000000,1 Ave & E 68 St,6753.08,W 21 St & 6 Ave,6140.05,40.7659,-73.9585,40.7418,-73.9945,casual,1269
b440b852e033400e,classic_bike,2024-06-12T15:45:38.000000,2024-06-12T16:24:14.000000,E 17 St & Broadway,5905.14,Grand Army Plaza & Plaza St West,4066.15,40.737,-73.9901,40.6729,-73.9709,member,2316
0d5740850f0a4450,electric_bike,2024-06-12T16:11:16.000000,2024-06-12T16:18:15.000000,Bedford Ave & Nassau Ave,5525.04,E 17 St & Broadway,5905.14,40.723,-73.9521,40.737,-73.9901,member,419
017f319f04964795,electric_bike,2024-06-12T16:18:16.000000,2024-06-12T16:27:31.000000,1 Ave & E 68 St,6753.08,Broadway & E 14 St,5905.12,40.7659,-73.9585,40.7345,-73.9907,member,555
8d55119e3d444b2c,electric_bike,2024-06-12T16:18:45.000000,2024-06-12T16:34:42.000000,South End Ave & Liberty St,5303.06,West St & Chambers St,5470.10,40.7111,-74.0158,40.7175,-74.0134,casual,957
5856e1fcd7824ea3,classic_bike,2024-06-12T16:52:10.000000,2024-06-12T17:08:33.000000,N 8 St & Driggs Ave,5453.07,Central Park S & 6 Ave,6904.04,40.7177,-73.956,40.7659,-73.9764,casual,983
f758dce205564aea,electric_bike,2024-06-12T16:55:26.000000,2024-06-12T17:17:11.000000,Grand Army Plaza & Plaza St West,4066.15,E 17 St & Broadway,5905.14,40.6729,-73.9709,40.737,-73.9901,member,1305
cc502a898a08440e,electric_bike,2024-06-12T17:19:42.000000,2024-06-12T17:27:01.000000,Central Park S & 6 Ave,6904.04,N 8 St & Driggs Ave,5453.07,40.7659,-73.9764,40.7177,-73.956,member,439
f4672866ed5642a0,electric_bike,2024-06-12T17:27:12.000000,2024-06-12T17:43:09.000000,E 17 St & Broadway,5905.14,West St & Chambers St,5470.10,40.737,-73.9901,40.7175,-74.0134,casual,957
863e1f2a18a846ef,classic_bike,2024-06-12T17:30:27.000000,2024-06-12T17:44:41.000000,Pier 40 - Hudson River Park,5573.05,E 47 St & Park Ave,6551.09,40.7276,-74.0115,40.7553,-73.9746,member,854
3fa2bde0ba054d0f,electric_bike,2024-06-12T17:57:39.000000,2024-06-12T18:06:09.000000,Pier 40 - Hudson River Park,5573.05,Pier 40 - Hudson River Park,5573.05,40.7276,-74.0115,40.7276,-74.0115,casual,510
d23525dffbf841fe,electric_bike,2024-06-12T18:03:38.000000,2024-06-12T18:19:54.000000,8 Ave & W 31 St,6450.12,Central Park S & 6 Ave,6904.04,40.7502,-73.9978,40.7659,-73.9764,member,976
c935a27896454ec1,electric_bike,2024-06-12T18:47:13.000000,2024-06-12T19:21:36.000000,West St & Chambers St,5470.10,West St & Chambers St,5470.10,40.7175,-74.0134,40.7175,-74.0134,casual,2063
7bf820f6c6524c3d,electric_bike,2024-06-12T19:01:50.000000,2024-06-12T19:11:27.000000,Broadway & E 14 St,5905.12,E 17 St & Broadway,5905.14,40.7345,-73.9907,40.737,-73.9901,member,577
62699a4400d84046,electric_bike,2024-06-12T19:19:51.000000,2024-06-12T19:26:38.000000,E 17 St & Broadway,5905.14,E 47 St & Park Ave,6551.09,40.737,-73.9901,40.7553,-73.9746,member,407
37bb3eec4bf54b52,classic_bike,2024-06-12T19:22:35.000000,2024-06-12T19:57:48.000000,E 17 St & Broadway,5905.14,Bedford Ave & Nassau Ave,5525.04,40.737,-73.9901,40.723,-73.9521,member,2113
df3a098accac4fb5,classic_bike,2024-06-12T19:48:50.000000,2024-06-12T19:55:06.000000,8 Ave & W 31 St,6450.12,9 Ave & W 45 St,6717.06,40.7502,-73.9978,40.7602,-73.9913,casual,376
0840405affd24491,electric_bike,2024-06-12T20:09:41.000000,2024-06-12T20:28:34.000000,E 17 St & Broadway,5905.14,Broadway & E 14 St,5905.12,40.737,-73.9901,40.7345,-73.9907,casual,1133
6f3a5115ecb4478c,classic_bike,2024-06-12T20:26:15.000000,2024-06-12T20:32:12.000000,Bedford Ave & Nassau Ave,5525.04,E 17 St & Broadway,5905.14,40.723,-73.9521,40.737,-73.9901,casual,357
d701410d3f4b4a70,electric_bike,2024-06-12T20:42:30.000000,2024-06-12T21:15:13.000000,South End Ave & Liberty St,5303.06,1 Ave & E 68 St,6753.08,40.7111,-74.0158,40.7659,-73.9585,casual,1963
de4097c334274466,electric_bike,2024-06-12T20:47:09.000000,2024-06-12T20:57:35.000000,Broadway & E 14 St,5905.12,E 47 St & Park Ave,6551.09,40.7345,-73.9907,40.7553,-73.9746,member,626
38efa3bc94574388,classic_bike,2024-06-12T20:53:15.000000,2024-06-12T21:12:10.000000,Bedford Ave & Nassau Ave,5525.04,E 17 St & Broadway,5905.14,40.723,-73.9521,40.737,-73.9901,member,1135
13087974ec9543ac,electric_bike,2024-06-12T21:08:36.000000,2024-06-12T21:43:03.000000,South End Ave & Liberty St,5303.06,E 47 St & Park Ave,6551.09,40.7111,-74.0158,40.7553,-73.9746,member,2067
15c1604fea164354,classic_bike,2024-06-12T21:16:51.000000,2024-06-12T21:55:30.000000,9 Ave & W 45 St,6717.06,Lafayette St & E 8 St,5788.13,40.7602,-73.9913,40.7302,-73.991,member,2319
9912509096514ec2,classic_bike,2024-06-12T21:19:27.000000,2024-06-12T21:49:43.000000,1 Ave & E 68 St,6753.08,9 Ave & W 45 St,6717.06,40.7659,-73.9585,40.7602,-73.9913,member,1816
af70de702b69495e,electric_bike,2024-06-12T21:22:35.000000,2024-06-12T21:41:09.000000,9 Ave & W 45 St,6717.06,Broadway & E 14 St,5905.12,40.7602,-73.9913,40.7345,-73.9907,member,1114
8d85ddf1c3094f28,classic_bike,2024-06-12T21:23:13.000000,2024-06-12T21:58:54.000000,Bedford Ave & Nassau Ave,5525.04,Bedford Ave & Nassau Ave,5525.04,40.723,-73.9521,40.723,-73.9521,casual,2141
0a8bb5b490494583,classic_bike,2024-06-12T21:23:38.000000,2024-06-12T21:48:40.000000,N 8 St & Driggs Ave,5453.07,Grand Army Plaza & Plaza St West,4066.15,40.7177,-73.956,40.6729,-73.9709,member,1502
7a25ed81412847eb,classic_bike,2024-06-12T21:29:48.000000,2024-06-12T21:38:28.000000,Grand Army Plaza & Plaza St West,4066.15,9 Ave & W 45 St,6717.06,40.6729,-73.9709,40.7602,-73.9913,member,520
98cd2655529741ad,classic_bike,2024-06-12T21:59:09.000000,2024-06-12T22:03:52.000000,Lafayette St & E 8 St,5788.13,Central Park S & 6 Ave,6904.04,40.7302,-73.991,40.7659,-73.9764,casual,283
cab285dc85b74774,classic_bike,2024-06-13T06:07:42.000000,2024-06-13T06:12:33.000000,W 21 St & 6 Ave,6140.05,8 Ave & W 31 St,6450.12,40.7418,-73.9945,40.7502,-73.9978,casual,291
569b111f15b4466e,electric_bike,2024-06-13T06:10:45.000000,2024-06-13T06:48:04.000000,Central Park S & 6 Ave,6904.04,1 Ave & E 68 St,6753.08,40.7659,-73.9764,40.7659,-73.9585,casual,2239
c4735700037e4f60,classic_bike,2024-06-13T06:21:08.000000,2024-06-13T06:33:45.000000,Broadway & E 14 St,5905.12,Broadway & E 14 St,5905.12,40.7345,-73.9907,40.7345,-73.9907,member,757
25660316f39e41be,classic_bike,2024-06-13T06:32:21.000000,2024-06-13T06:39:49.000000,Central Park S & 6 Ave,6904.04,Bedford Ave & Nassau Ave,5525.04,40.7659,-73.9764,40.723,-73.9521,casual,448
88db369235c04003,classic_bike,2024-06-13T06:52:41.000000,2024-06-13T07:11:40.000000,8 Ave & W 31 St,6450.12,E 47 St & Park Ave,6551.09,40.7502,-73.9978,40.7553,-73.9746,member,1139
448aaa9e66b24c5b,classic_bike,2024-06-13T06:57:14.000000,2024-06-13T07:01:25.000000,E 47 St & Park Ave,6551.09,9 Ave & W 45 St,6717.06,40.7553,-73.9746,40.7602,-73.9913,member,251
bff9507dcd14403e,classic_bike,2024-06-13T06:58:04.000000,2024-06-13T07:27:47.000000,8 Ave & W 31 St,6450.12,N 8 St & Driggs Ave,5453.07,40.7502,-73.9978,40.7177,-73.956,member,1783
bb8aa843702f41e5,electric_bike,2024-06-13T07:50:46.000000,2024-06-13T07:52:51.000000,Lafayette St & E 8 St,5788.13,8 Ave & W 31 St,6450.12,40.7302,-73.991,40.7502,-73.9978,member,125
5ed3e00edf1e44cb,electric_bike,2024-06-13T08:21:55.000000,2024-06-13T08:51:35.000000,Central Park S & 6 Ave,6904.04,Central Park S & 6 Ave,6904.04,40.7659,-73.9764,40.7659,-73.9764,member,1780
8dab66d33f874fc2,electric_bike,2024-06-13T08:23:15.000000,2024-06-13T08:44:09.000000,E 17 St & Broadway,5905.14,Lafayette St & E 8 St,5788.13,40.737,-73.9901,40.7302,-73.991,member,1254
0b9900340a4e4552,classic_bike,2024-06-13T08:27:12.000000,2024-06-13T09:03:57.000000,Pier 40 - Hudson River Park,5573.05,Lafayette St & E 8 St,5788.13,40.7276,-74.0115,40.7302,-73.991,member,2205
52fbe43b99544eb4,electric_bike,2024-06-13T08:45:34.000000,2024-06-13T09:23:46.000000,1 Ave & E 68 St,6753.08,Lafayette St & E 8 St,5788.13,40.7659,-73.9585,40.7302,-73.991,member,2292
fc00f3e74c914f0e,classic_bike,2024-06-13T09:03:54.000000,2024-06-13T09:39:10.000000,South End Ave & Liberty St,5303.06,E 47 St & Park Ave,6551.09,40.7111,-74.0158,40.7553,-73.9746,member,2116
cf5e0f0bcd6745df,electric_bike,2024-06-13T10:06:57.000000,2024-06-13T10:12:49.000000,1 Ave & E 68 St,6753.08,Pier 40 - Hudson River Park,5573.05,40.7659,-73.9585,40.7276,-74.0115,casual,352
de0bde1859e140eb,classic_bike,2024-06-13T10:23:22.000000,2024-06-13T10:26:43.000000,Pier 40 - Hudson River Park,5573.05,Pier 40 - Hudson River Park,5573.05,40.7276,-74.0115,40.7276,-74.0115,member,201
242f5829fe07432a,classic_bike,2024-06-13T10:24:35.000000,2024-06-13T10:59:33.000000,Pier 40 - Hudson River Park,5573.05,Pier 40 - Hudson River Park,5573.05,40.7276,-74.0115,40.7276,-74.0115,casual,2098
b4146e4a5ba043e0,electric_bike,2024-06-13T10:29:53.000000,2024-06-13T11:07:35.000000,Grand Army Plaza & Plaza St West,4066.15,West St & Chambers St,5470.10,40.6729,-73.9709,40.7175,-74.0134,casual,2262
9ab8180f56474889,electric_bike,2024-06-13T10:32:59.000000,2024-06-13T11:08:09.000000,Grand Army Plaza & Plaza St West,4066.15,Pier 40 - Hudson River Park,5573.05,40.6729,-73.9709,40.7276,-74.0115,casual,2110
02493a093e3b4a40,classic_bike,2024-06-13T10:42:37.000000,2024-06-13T10:52:47.000000,W 21 St & 6 Ave,6140.05,1 Ave & E 68 St,6753.08,40.7418,-73.9945,40.7659,-73.9585,casual,610
72098a7bd9754562,classic_bike,2024-06-13T10:44:12.000000,2024-06-13T10:47:44.000000,9 Ave & W 45 St,6717.06,South End Ave & Liberty St,5303.06,40.7602,-73.9913,40.7111,-74.0158,casual,212
d7fa2d8dfb2c4025,electric_bike,2024-06-13T10:45:22.000000,2024-06-13T11:22:08.000000,E 47 St & Park Ave,6551.09,Broadway & E 14 St,5905.12,40.7553,-73.9746,40.7345,-73.9907,member,2206
95804c2ac44f44b8,classic_bike,2024-06-13T10:47:03.000000,2024-06-13T11:21:15.000000,South End Ave & Liberty St,5303.06,9 Ave & W 45 St,6717.06,40.7111,-74.0158,40.7602,-73.9913,member,2052
9cfecbd84fb64094,electric_bike,2024-06-13T10:50:36.000000,2024-06-13T11:09:18.000000,1 Ave & E 68 St,6753.08,Bedford Ave & Nassau Ave,5525.04,40.7659,-73.9585,40.723,-73.9521,casual,1122
a71372ab34cb4b9a,classic_bike,2024-06-13T11:21:07.000000,2024-06-13T11:25:47.000000,Pier 40 - Hudson River Park,5573.05,Central Park S & 6 Ave,6904.04,40.7276,-74.0115,40.7659,-73.9764,member,280
c0b08dd0fac945b6,electric_bike,2024-06-13T11:25:56.000000,2024-06-13T11:51:19.000000,Grand Army Plaza & Plaza St West,4066.15,Pier 40 - Hudson River Park,5573.05,40.6729,-73.9709,40.7276,-74.0115,casual,1523
1edbbe71de2a4ddf,classic_bike,2024-06-13T11:42:22.000000,2024-06-13T12:14:00.000000,9 Ave & W 45 St,6717.06,W 21 St & 6 Ave,6140.05,40.7602,-73.9913,40.7418,-73.9945,member,1898
a676ace13cfe48e9,electric_bike,2024-06-13T12:10:47.000000,2024-06-13T12:48:53.000000,Lafayette St & E 8 St,5788.13,Bedford Ave & Nassau Ave,5525.04,40.7302,-73.991,40.723,-73.9521,member,2286
f4dbca07e5064670,electric_bike,2024-06-13T12:16:27.000000,2024-06-13T12:45:45.000000,8 Ave & W 31 St,6450.12,Broadway & E 14 St,5905.12,40.7502,-73.9978,40.7345,-73.9907,casual,1758
17cb67b86d0f44e6,classic_bike,2024-06-13T12:17:39.000000,2024-06-13T12:32:22.000000,9 Ave & W 45 St,6717.06,E 17 St & Broadway,5905.14,40.7602,-73.9913,40.737,-73.9901,casual,883
d11fc8c0297c44ff,classic_bike,2024-06-13T12:31:32.000000,2024-06-13T13:09:32.000000,9 Ave & W 45 St,6717.06,8 Ave & W 31 St,6450.12,40.7602,-73.9913,40.7502,-73.9978,member,2280
5168bbf297af4bde,electric_bike,2024-06-13T12:37:22.000000,2024-06-13T12:51:13.000000,Grand Army Plaza & Plaza St West,4066.15,E 47 St & Park Ave,6551.09,40.6729,-73.9709,40.7553,-73.9746,member,831
979c30cf33264887,classic_bike,2024-06-13T12:42:23.000000,2024-06-13T12:52:09.000000,8 Ave & W 31 St,6450.12,E 47 St & Park Ave,6551.09,40.7502,-73.9978,40.7553,-73.9746,member,586
9249ee3a79d14c4e,classic_bike,2024-06-13T12:43:09.000000,2024-06-13T12:54:10.000000,E 17 St & Broadway,5905.14,8 Ave & W 31 St,6450.12,40.737,-73.9901,40.7502,-73.9978,casual,661
fd411a05833c44f2,classic_bike,2024-06-13T12:53:25.000000,2024-06-13T12:56:13.000000,E 47 St & Park Ave,6551.09,Lafayette St & E 8 St,5788.13,40.7553,-73.9746,40.7302,-73.991,casual,168
e9d68f23b4894070,electric_bike,2024-06-13T13:00:02.000000,2024-06-13T13:23:45.000000,West St & Chambers St,5470.10,E 47 St & Park Ave,6551.09,40.7175,-74.0134,40.7553,-73.9746,casual,1423
9abbe46bb2054cec,electric_bike,2024-06-13T13:05:55.000000,2024-06-13T13:39:02.000000,1 Ave & E 68 St,6753.08,N 8 St & Driggs Ave,5453.07,40.7659,-73.9585,40.7177,-73.956,member,1987
219c00cb9a7f4e23,electric_bike,2024-06-13T13:22:47.000000,2024-06-13T13:45:57.000000,8 Ave & W 31 St,6450.12,Central Park S & 6 Ave,6904.04,40.7502,-73.9978,40.7659,-73.9764,member,1390
10d7a1646e8d4018,classic_bike,2024-06-13T13:32:03.000000,2024-06-13T13:54:37.000000,W 21 St & 6 Ave,6140.05,South End Ave & Liberty St,5303.06,40.7418,-73.9945,40.7111,-74.0158,member,1354
9c4e7b65c81a4f0f,classic_bike,2024-06-13T13:48:53.000000,2024-06-13T13:58:27.000000,South End Ave & Liberty St,5303.06,Central Park S & 6 Ave,6904.04,40.7111,-74.0158,40.7659,-73.9764,member,574
eb70bda9cd66479d,electric_bike,2024-06-13T13:56:36.000000,2024-06-13T14:07:35.000000,South End Ave & Liberty St,5303.06,9 Ave & W 45 St,6717.06,40.7111,-74.0158,40.7602,-73.9913,member,659
c055b921635b4f49,electric_bike,2024-06-13T14:01:50.000000,2024-06-13T14:08:15.000000,Bedford Ave & Nassau Ave,5525.04,Broadway & E 14 St,5905.12,40.723,-73.9521,40.7345,-73.9907,casual,385
83f82f16e4a4474c,classic_bike,2024-06-13T14:05:33.000000,2024-06-13T14:38:44.000000,Bedford Ave & Nassau Ave,5525.04,Lafayette St & E 8 St,5788.13,40.723,-73.9521,40.7302,-73.991,casual,1991
b646e2b17800427a,electric_bike,2024-06-13T14:08:08.000000,2024-06-13T14:44:25.000000,Broadway & E 14 St,5905.12,Bedford Ave & Nassau Ave,5525.04,40.7345,-73.9907,40.723,-73.9521,member,2177
7880adc62af24718,electric_bike,2024-06-13T14:12:05.000000,2024-06-13T14:38:37.000000,8 Ave & W 31 St,6450.12,E 47 St & Park Ave,6551.09,40.7502,-73.9978,40.7553,-73.9746,casual,1592
3c19e71d118445ad,electric_bike,2024-06-13T14:19:55.000000,2024-06-13T14:58:51.000000,N 8 St & Driggs Ave,5453.07,Bedford Ave & Nassau Ave,5525.04,40.7177,-73.956,40.723,-73.9521,member,2336
1789be6367464743,electric_bike,2024-06-13T14:37:10.000000,2024-06-13T15:07:33.000000,Pier 40 - Hudson River Park,5573.05,Broadway & E 14 St,5905.12,40.7276,-74.0115,40.7345,-73.9907,member,1823
d5916d49f7074712,electric_bike,2024-06-13T15:13:41.000000,2024-06-13T15:36:41.000000,E 17 St & Broadway,5905.14,Broadway & E 14 St,5905.12,40.737,-73.9901,40.7345,-73.9907,member,1380
6319629bd73e4bb9,electric_bike,2024-06-13T15:14:26.000000,2024-06-13T15:31:57.000000,N 8 St & Driggs Ave,5453.07,Lafayette St & E 8 St,5788.13,40.7177,-73.956,40.7302,-73.991,casual,1051
304b8590de9e4757,classic_bike,2024-06-13T15:16:24.000000,2024-06-13T15:49:29.000000,Lafayette St & E 8 St,5788.13,Pier 40 - Hudson River Park,5573.05,40.7302,-73.991,40.7276,-74.0115,casual,1985
7bd7b4bf8e0e4bb7,electric_bike,2024-06-13T15:30:30.000000,2024-06-13T15:44:42.000000,E 17 St & Broadway,5905.14,Pier 40 - Hudson River Park,5573.05,40.737,-73.9901,40.7276,-74.0115,casual,852
54edfb704eb04866,electric_bike,2024-06-13T15:36:57.000000,2024-06-13T16:09:16.000000,1 Ave & E 68 St,6753.08,Central Park S & 6 Ave,6904.04,40.7659,-73.9585,40.7659,-73.9764,member,1939
e82956cfba814860,electric_bike,2024-06-13T15:47:42.000000,2024-06-13T15:59:44.000000,South End Ave & Liberty St,5303.06,8 Ave & W 31 St,6450.12,40.7111,-74.0158,40.7502,-73.9978,casual,722
9e3c5a886aa54e6d,classic_bike,2024-06-13T15:50:16.000000,2024-06-13T16:06:39.000000,W 21 St & 6 Ave,6140.05,N 8 St & Driggs Ave,5453.07,40.7418,-73.9945,40.7177,-73.956,casual,983
4dd7cb5cb5a74756,electric_bike,2024-06-13T15:54:55.000000,2024-06-13T16:00:36.000000,Lafayette St & E 8 St,5788.13,9 Ave & W 45 St,6717.06,40.7302,-73.991,40.7602,-73.9913,member,341
a4d21eaecd0d4d73,electric_bike,2024-06-13T15:55:37.000000,2024-06-13T16:16:15.000000,9 Ave & W 45 St,6717.06,Bedford Ave & Nassau Ave,5525.04,40.7602,-73.9913,40.723,-73.9521,casual,1238
8121c051c09c4132,electric_bike,2024-06-13T16:11:37.000000,2024-06-13T16:29:45.000000,West St & Chambers St,5470.10,West St & Chambers St,5470.10,40.7175,-74.0134,40.7175,-74.0134,member,1088
fd93754aca90401c,classic_bike,2024-06-13T16:13:31.000000,2024-06-13T16:22:28.000000,E 17 St & Broadway,5905.14,8 Ave & W 31 St,6450.12,40.737,-73.9901,40.7502,-73.9978,casual,537
2b633b189d7d4756,classic_bike,2024-06-13T16:13:32.000000,2024-06-13T16:50:44.000000,West St & Chambers St,5470.10,W 21 St & 6 Ave,6140.05,40.7175,-74.0134,40.7418,-73.9945,casual,2232
6c8c3b6aa9744079,electric_bike,2024-06-13T16:32:03.000000,2024-06-13T16:39:37.000000,1 Ave & E 68 St,6753.08,1 Ave & E 68 St,6753.08,40.7659,-73.9585,40.7659,-73.9585,casual,454
d4d307952e4b4bc4,classic_bike,2024-06-13T16:32:08.000000,2024-06-13T16:59:51.000000,N 8 St & Driggs Ave,5453.07,Lafayette St & E 8 St,5788.13,40.7177,-73.956,40.7302,-73.991,casual,1663
aa4d52a8b3da4808,electric_bike,2024-06-13T16:53:36.000000,2024-06-13T17:20:02.000000,Bedford Ave & Nassau Ave,5525.04,Broadway & E 14 St,5905.12,40.723,-73.9521,40.7345,-73.9907,member,1586
4e385d03a0d84651,electric_bike,2024-06-13T16:56:08.000000,2024-06-13T16:58:20.000000,N 8 St & Driggs Ave,5453.07,Central Park S & 6 Ave,6904.04,40.7177,-73.956,40.7659,-73.9764,member,132
d1753cd1dd694f6b,electric_bike,2024-06-13T17:26:42.000000,2024-06-13T17:34:49.000000,9 Ave & W 45 St,6717.06,Bedford Ave & Nassau Ave,5525.04,40.7602,-73.9913,40.723,-73.9521,casual,487
75373d14e24c424b,classic_bike,2024-06-13T17:29:44.000000,2024-06-13T17:36:12.000000,Grand Army Plaza & Plaza St West,4066.15,Lafayette St & E 8 St,5788.13,40.6729,-73.9709,40.7302,-73.991,member,388
eadf50853fcb4546,classic_bike,2024-06-13T17:52:33.000000,2024-06-13T18:26:15.000000,West St & Chambers St,5470.10,1 Ave & E 68 St,6753.08,40.7175,-74.0134,40.7659,-73.9585,casual,2022
1e7c6795a8c642df,classic_bike,2024-06-13T18:02:25.000000,2024-06-13T18:13:50.000000,Grand Army Plaza & Plaza St West,4066.15,Lafayette St & E 8 St,5788.13,40.6729,-73.9709,40.7302,-73.991,casual,685
a2086977a9f24336,electric_bike,2024-06-13T18:33:10.000000,2024-06-13T18:40:57.000000,9 Ave & W 45 St,6717.06,South End Ave & Liberty St,5303.06,40.7602,-73.9913,40.7111,-74.0158,member,467
59afb1d13bdc4ce0,electric_bike,2024-06-13T18:43:37.000000,2024-06-13T19:22:01.000000,Lafayette St & E 8 St,5788.13,West St & Chambers St,5470.10,40.7302,-73.991,40.7175,-74.0134,casual,2304
7afeb11495614813,classic_bike,2024-06-13T19:14:37.000000,2024-06-13T19:32:09.000000,8 Ave & W 31 St,6450.12,N 8 St & Driggs Ave,5453.07,40.7502,-73.9978,40.7177,-73.956,casual,1052
6dedcba5a22c4d4f,electric_bike,2024-06-13T19:18:05.000000,2024-06-13T19:28:55.000000,Central Park S & 6 Ave,6904.04,9 Ave & W 45 St,6717.06,40.7659,-73.9764,40.7602,-73.9913,casual,650
4d3129b3e1874e93,classic_bike,2024-06-13T19:20:41.000000,2024-06-13T19:50:17.000000,Bedford Ave & Nassau Ave,5525.04,Lafayette St & E 8 St,5788.13,40.723,-73.9521,40.7302,-73.991,member,1776
b6d1f6bbf48f409c,classic_bike,2024-06-13T19:43:09.000000,2024-06-13T20:04:58.000000,E 47 St & Park Ave,6551.09,Lafayette St & E 8 St,5788.13,40.7553,-73.9746,40.7302,-73.991,casual,1309
15668483c5264dc8,electric_bike,2024-06-13T20:10:41.000000,2024-06-13T20:15:40.000000,E 47 St & Park Ave,6551.09,W 21 St & 6 Ave,6140.05,40.7553,-73.9746,40.7418,-73.9945,member,299
28719b9bdb8f4e32,electric_bike,2024-06-13T20:16:29.000000,2024-06-13T20:19:35.000000,Broadway & E 14 St,5905.12,N 8 St & Driggs Ave,5453.07,40.7345,-73.9907,40.7177,-73.956,casual,186
44656d6b81fb48b3,classic_bike,2024-06-13T20:34:26.000000,2024-06-13T20:59:38.000000,8 Ave & W 31 St,6450.12,9 Ave & W 45 St,6717.06,40.7502,-73.9978,40.7602,-73.9913,casual,1512
9ee4105d5f064c76,electric_bike,2024-06-13T20:37:34.000000,2024-06-13T20:42:27.000000,Grand Army Plaza & Plaza St West,4066.15,W 21 St & 6 Ave,6140.05,40.6729,-73.9709,40.7418,-73.9945,casual,293
0816d739c3934447,electric_bike,2024-06-13T20:40:34.000000,2024-06-13T21:19:52.000000,Pier 40 - Hudson River Park,5573.05,Lafayette St & E 8 St,5788.13,40.7276,-74.0115,40.7302,-73.991,member,2358
8db3c2c102da4d76,classic_bike,2024-06-13T20:47:46.000000,2024-06-13T21:15:14.000000,8 Ave & W 31 St,6450.12,N 8 St & Driggs Ave,5453.07,40.7502,-73.9978,40.7177,-73.956,member,1648
6601ddd031704437,electric_bike,2024-06-13T20:52:14.000000,2024-06-13T21:09:27.000000,8 Ave & W 31 St,6450.12,E 47 St & Park Ave,6551.09,40.7502,-73.9978,40.7553,-73.9746,casual,1033
919883f9f8c04007,electric_bike,2024-06-13T20:57:28.000000,2024-06-13T21:09:03.000000,Central Park S & 6 Ave,6904.04,8 Ave & W 31 St,6450.12,40.7659,-73.9764,40.7502,-73.9978,member,695
d50372a8e47f4c7e,electric_bike,2024-06-13T20:57:41.000000,2024-06-13T21:04:58.000000,Pier 40 - Hudson River Park,5573.05,Broadway & E 14 St,5905.12,40.7276,-74.0115,40.7345,-73.9907,member,437
c6d53a9092964e08,electric_bike,2024-06-13T20:57:59.000000,2024-06-13T21:06:03.000000,Bedford Ave & Nassau Ave,5525.04,E 17 St & Broadway,5905.14,40.723,-73.9521,40.737,-73.9901,member,484
6bebac31d4f84d72,electric_bike,2024-06-13T21:00:24.000000,2024-06-13T21:21:23.000000,Lafayette St & E 8 St,5788.13,Lafayette St & E 8 St,5788.13,40.7302,-73.991,40.7302,-73.991,member,1259
d7d2f88fbdec467a,electric_bike,2024-06-13T21:02:25.000000,2024-06-13T21:38:40.000000,9 Ave & W 45 St,6717.06,9 Ave & W 45 St,6717.06,40.7602,-73.9913,40.7602,-73.9913,member,2175
7b6ce596aa97435d,classic_bike,2024-06-13T21:05:44.000000,2024-06-13T21:29:26.000000,1 Ave & E 68 St,6753.08,N 8 St & Driggs Ave,5453.07,40.7659,-73.9585,40.7177,-73.956,casual,1422
c1dadb7d6db2494b,classic_bike,2024-06-13T21:18:07.000000,2024-06-13T21:41:12.000000,W 21 St & 6 Ave,6140.05,Grand Army Plaza & Plaza St West,4066.15,40.7418,-73.9945,40.6729,-73.9709,member,1385
3db788a61cdc44c2,electric_bike,2024-06-13T21:19:50.000000,2024-06-13T21:38:10.000000,N 8 St & Driggs Ave,5453.07,W 21 St & 6 Ave,6140.05,40.7177,-73.956,40.7418,-73.9945,member,1100
eedf4f78dc994976,classic_bike,2024-06-13T21:28:45.000000,2024-06-13T21:35:57.000000,South End Ave & Liberty St,5303.06,8 Ave & W 31 St,6450.12,40.7111,-74.0158,40.7502,-73.9978,member,432
a3863cd100f24a96,classic_bike,2024-06-13T21:32:02.000000,2024-06-13T22:07:53.000000,Central Park S & 6 Ave,6904.04,South End Ave & Liberty St,5303.06,40.7659,-73.9764,40.7111,-74.0158,member,2151
6f4a454fefca47ae,electric_bike,2024-06-13T21:35:43.000000,2024-06-13T21:58:30.000000,8 Ave & W 31 St,6450.12,Grand Army Plaza & Plaza St West,4066.15,40.7502,-73.9978,40.6729,-73.9709,member,1367
6c776e950b984ccd,electric_bike,2024-06-14T06:03:47.000000,2024-06-14T06:20:39.000000,E 17 St & Broadway,5905.14,8 Ave & W 31 St,6450.12,40.737,-73.9901,40.7502,-73.9978,member,1012
7b2a7f1035904039,classic_bike,2024-06-14T06:16:44.000000,2024-06-14T06:31:34.000000,West St & Chambers St,5470.10,Broadway & E 14 St,5905.12,40.7175,-74.0134,40.7345,-73.9907,member,890
ab61a7b1793b4c32,classic_bike,2024-06-14T06:20:39.000000,2024-06-14T06:33:03.000000,West St & Chambers St,5470.10,West St & Chambers St,5470.10,40.7175,-74.0134,40.7175,-74.0134,member,744
be6e9d47f0c0404b,classic_bike,2024-06-14T06:23:08.000000,2024-06-14T06:41:09.000000,1 Ave & E 68 St,6753.08,1 Ave & E 68 St,6753.08,40.7659,-73.9585,40.7659,-73.9585,member,1081
a237a8c161f64fbe,classic_bike,2024-06-14T06:28:30.000000,2024-06-14T06:38:26.000000,South End Ave & Liberty St,5303.06,Grand Army Plaza & Plaza St West,4066.15,40.7111,-74.0158,40.6729,-73.9709,member,596
6a8fcacb3f8e4d0d,electric_bike,2024-06-14T06:36:35.000000,2024-06-14T07:07:12.000000,1 Ave & E 68 St,6753.08,South End Ave & Liberty St,5303.06,40.7659,-73.9585,40.7111,-74.0158,casual,1837
2a96c526f4ca4e70,classic_bike,2024-06-14T06:48:09.000000,2024-06-14T07:14:15.000000,8 Ave & W 31 St,6450.12,9 Ave & W 45 St,6717.06,40.7502,-73.9978,40.7602,-73.9913,casual,1566
00e85ece0b49452d,electric_bike,2024-06-14T06:52:05.000000,2024-06-14T07:22:59.000000,South End Ave & Liberty St,5303.06,South End Ave & Liberty St,5303.06,40.7111,-74.0158,40.7111,-74.0158,member,1854
2a26f7704ddb4b36,classic_bike,2024-06-14T06:56:53.000000,2024-06-14T07:07:21.000000,E 17 St & Broadway,5905.14,Pier 40 - Hudson River Park,5573.05,40.737,-73.9901,40.7276,-74.0115,casual,628
a8e56e0c20de435d,electric_bike,2024-06-14T07:10:48.000000,2024-06-14T07:49:09.000000,Bedford Ave & Nassau Ave,5525.04,Central Park S & 6 Ave,6904.04,40.723,-73.9521,40.7659,-73.9764,member,2301
17efd203ab4d438c,electric_bike,2024-06-14T07:14:14.000000,2024-06-14T07:42:44.000000,Grand Army Plaza & Plaza St West,4066.15,E 17 St & Broadway,5905.14,40.6729,-73.9709,40.737,-73.9901,casual,1710
35ba93573ca84f31,electric_bike,2024-06-14T07:29:28.000000,2024-06-14T07:39:28.000000,Lafayette St & E 8 St,5788.13,E 47 St & Park Ave,6551.09,40.7302,-73.991,40.7553,-73.9746,casual,600
3487246c21f94072,classic_bike,2024-06-14T07:40:52.000000,2024-06-14T08:18:06.000000,1 Ave & E 68 St,6753.08,9 Ave & W 45 St,6717.06,40.7659,-73.9585,40.7602,-73.9913,casual,2234
10fd7164819f4393,electric_bike,2024-06-14T07:42:52.000000,2024-06-14T07:55:48.000000,South End Ave & Liberty St,5303.06,South End Ave & Liberty St,5303.06,40.7111,-74.0158,40.7111,-74.0158,casual,776
5da39a73ba3d47ff,electric_bike,2024-06-14T07:50:27.000000,2024-06-14T08:01:35.000000,Pier 40 - Hudson River Park,5573.05,W 21 St & 6 Ave,6140.05,40.7276,-74.0115,40.7418,-73.9945,casual,668
a939ebd1e51640d4,electric_bike,2024-06-14T07:58:19.000000,2024-06-14T08:27:27.000000,Broadway & E 14 St,5905.12,Central Park S & 6 Ave,6904.04,40.7345,-73.9907,40.7659,-73.9764,member,1748
7ed99a6b6c3746c2,electric_bike,2024-06-14T08:16:32.000000,2024-06-14T08:42:39.000000,Broadway & E 14 St,5905.12,Lafayette St & E 8 St,5788.13,40.7345,-73.9907,40.7302,-73.991,member,1567
49c10669c6b34fe6,classic_bike,2024-06-14T08:33:35.000000,2024-06-14T09:11:36.000000,8 Ave & W 31 St,6450.12,West St & Chambers St,5470.10,40.7502,-73.9978,40.7175,-74.0134,casual,2281
6a5d932b45ff4c83,electric_bike,2024-06-14T08:37:31.000000,2024-06-14T08:59:26.000000,Broadway & E 14 St,5905.12,N 8 St & Driggs Ave,5453.07,40.7345,-73.9907,40.7177,-73.956,casual,1315
c536d2ce69b643b7,electric_bike,2024-06-14T08:37:53.000000,2024-06-14T09:13:44.000000,Grand Army Plaza & Plaza St West,4066.15,South End Ave & Liberty St,5303.06,40.6729,-73.9709,40.7111,-74.0158,member,2151
974ebb877ea443e5,electric_bike,2024-06-14T08:40:32.000000,2024-06-14T08:46:20.000000,Central Park S & 6 Ave,6904.04,Pier 40 - Hudson River Park,5573.05,40.7659,-73.9764,40.7276,-74.0115,casual,348
3ebb527c14384799,classic_bike,2024-06-14T08:41:01.000000,2024-06-14T08:53:02.000000,E 47 St & Park Ave,6551.09,Grand Army Plaza & Plaza St West,4066.15,40.7553,-73.9746,40.6729,-73.9709,member,721
752caa97b60d46a3,classic_bike,2024-06-14T08:46:09.000000,2024-06-14T09:22:40.000000,Bedford Ave & Nassau Ave,5525.04,E 17 St & Broadway,5905.14,40.723,-73.9521,40.737,-73.9901,member,2191
20c0f2757885487d,electric_bike,2024-06-14T08:54:53.000000,2024-06-14T09:09:14.000000,Pier 40 - Hudson River Park,5573.05,8 Ave & W 31 St,6450.12,40.7276,-74.0115,40.7502,-73.9978,member,861
2099e71f4b654bcc,classic_bike,2024-06-14T08:59:24.000000,2024-06-14T09:22:20.000000,N 8 St & Driggs Ave,5453.07,Grand Army Plaza & Plaza St West,4066.15,40.7177,-73.956,40.6729,-73.9709,member,1376
c9b7c9bc65a14fa9,electric_bike,2024-06-14T09:00:59.000000,2024-06-14T09:05:27.000000,E 17 St & Broadway,5905.14,South End Ave & Liberty St,5303.06,40.737,-73.9901,40.7111,-74.0158,member,268
53f28f11147f4570,electric_bike,2024-06-14T09:04:34.000000,2024-06-14T09:26:37.000000,E 17 St & Broadway,5905.14,Grand Army Plaza & Plaza St West,4066.15,40.737,-73.9901,40.6729,-73.9709,casual,1323
a5accd5a48f14eed,classic_bike,2024-06-14T09:33:10.000000,2024-06-14T10:01:41.000000,Broadway & E 14 St,5905.12,W 21 St & 6 Ave,6140.05,40.7345,-73.9907,40.7418,-73.9945,member,1711
9bafcc200e164f3f,classic_bike,2024-06-14T09:45:28.000000,2024-06-14T10:11:51.000000,E 17 St & Broadway,5905.14,Grand Army Plaza & Plaza St West,4066.15,40.737,-73.9901,40.6729,-73.9709,member,1583
da4ec04cba7e4b86,classic_bike,2024-06-14T09:59:12.000000,2024-06-14T10:26:43.000000,Central Park S & 6 Ave,6904.04,W 21 St & 6 Ave,6140.05,40.7659,-73.9764,40.7418,-73.9945,member,1651
7872bdeb2cd94cbb,electric_bike,2024-06-14T10:35:36.000000,2024-06-14T10:40:20.000000,9 Ave & W 45 St,6717.06,N 8 St & Driggs Ave,5453.07,40.7602,-73.9913,40.7177,-73.956,casual,284
504fde7c746e49a8,classic_bike,2024-06-14T11:16:35.000000,2024-06-14T11:24:32.000000,1 Ave & E 68 St,6753.08,9 Ave & W 45 St,6717.06,40.7659,-73.9585,40.7602,-73.9913,casual,477
6c0972046fa6481c,classic_bike,2024-06-14T11:17:29.000000,2024-06-14T11:52:37.000000,West St & Chambers St,5470.10,9 Ave & W 45 St,6717.06,40.7175,-74.0134,40.7602,-73.9913,member,2108
d218c9d6c0934fb0,electric_bike,2024-06-14T11:22:01.000000,2024-06-14T11:38:09.000000,1 Ave & E 68 St,6753.08,South End Ave & Liberty St,5303.06,40.7659,-73.9585,40.7111,-74.0158,member,968
6e84e8323c3843f0,electric_bike,2024-06-14T12:07:07.000000,2024-06-14T12:28:22.000000,Bedford Ave & Nassau Ave,5525.04,Pier 40 - Hudson River Park,5573.05,40.723,-73.9521,40.7276,-74.0115,casual,1275
af4847f068bd475b,electric_bike,2024-06-14T12:33:35.000000,2024-06-14T13:10:05.000000,1 Ave & E 68 St,6753.08,West St & Chambers St,5470.10,40.7659,-73.9585,40.7175,-74.0134,casual,2190
3a0761d906244bdf,electric_bike,2024-06-14T13:05:09.000000,2024-06-14T13:07:13.000000,Broadway & E 14 St,5905.12,Pier 40 - Hudson River Park,5573.05,40.7345,-73.9907,40.7276,-74.0115,casual,124
bf83f2d423de47fc,electric_bike,2024-06-14T13:06:09.000000,2024-06-14T13:20:36.000000,Grand Army Plaza & Plaza St West,4066.15,E 47 St & Park Ave,6551.09,40.6729,-73.9709,40.7553,-73.9746,casual,867
9360715fc3fe4183,electric_bike,2024-06-14T13:10:24.000000,2024-06-14T13:13:44.000000,W 21 St & 6 Ave,6140.05,West St & Chambers St,5470.10,40.7418,-73.9945,40.7175,-74.0134,casual,200
584cb0f748de48be,electric_bike,2024-06-14T13:17:23.000000,2024-06-14T13:45:44.000000,1 Ave & E 68 St,6753.08,Bedford Ave & Nassau Ave,5525.04,40.7659,-73.9585,40.723,-73.9521,casual,1701
0ab5207fc6b6420a,electric_bike,2024-06-14T13:48:56.000000,2024-06-14T14:07:46.000000,Bedford Ave & Nassau Ave,5525.04,Lafayette St & E 8 St,5788.13,40.723,-73.9521,40.7302,-73.991,casual,1130
afe2a9400b454c23,classic_bike,2024-06-14T14:54:07.000000,2024-06-14T14:56:23.000000,E 17 St & Broadway,5905.14,Bedford Ave & Nassau Ave,5525.04,40.737,-73.9901,40.723,-73.9521,casual,136
7677a166d64449ae,electric_bike,2024-06-14T14:54:31.000000,2024-06-14T15:11:17.000000,Broadway & E 14 St,5905.12,E 17 St & Broadway,5905.14,40.7345,-73.9907,40.737,-73.9901,member,1006
afa9d02c9e4c4be7,electric_bike,2024-06-14T15:03:17.000000,2024-06-14T15:22:15.000000,Grand Army Plaza & Plaza St West,4066.15,Broadway & E 14 St,5905.12,40.6729,-73.9709,40.7345,-73.9907,casual,1138
1b41a61e85d141ef,classic_bike,2024-06-14T15:06:18.000000,2024-06-14T15:37:08.000000,N 8 St & Driggs Ave,5453.07,Bedford Ave & Nassau Ave,5525.04,40.7177,-73.956,40.723,-73.9521,casual,1850
c310d2a2070047c1,classic_bike,2024-06-14T15:20:47.000000,2024-06-14T15:45:05.000000,Grand Army Plaza & Plaza St West,4066.15,Bedford Ave & Nassau Ave,5525.04,40.6729,-73.9709,40.723,-73.9521,member,1458
b1d294571f3c4a1d,electric_bike,2024-06-14T15:23:04.000000,2024-06-14T15:45:03.000000,9 Ave & W 45 St,6717.06,E 17 St & Broadway,5905.14,40.7602,-73.9913,40.737,-73.9901,casual,1319
20db4294dfae4803,electric_bike,2024-06-14T15:31:01.000000,2024-06-14T15:58:35.000000,Central Park S & 6 Ave,6904.04,Central Park S & 6 Ave,6904.04,40.7659,-73.9764,40.7659,-73.9764,member,1654
6d572692fb924354,classic_bike,2024-06-14T15:49:06.000000,2024-06-14T16:01:10.000000,Lafayette St & E 8 St,5788.13,Bedford Ave & Nassau Ave,5525.04,40.7302,-73.991,40.723,-73.9521,member,724
89e06ab372504e18,electric_bike,2024-06-14T16:01:37.000000,2024-06-14T16:37:02.000000,Bedford Ave & Nassau Ave,5525.04,8 Ave & W 31 St,6450.12,40.723,-73.9521,40.7502,-73.9978,casual,2125
badcc32ac1594f53,classic_bike,2024-06-14T16:21:27.000000,2024-06-14T16:37:54.000000,8 Ave & W 31 St,6450.12,Pier 40 - Hudson River Park,5573.05,40.7502,-73.9978,40.7276,-74.0115,casual,987
387bccda71334766,electric_bike,2024-06-14T16:41:40.000000,2024-06-14T17:21:16.000000,N 8 St & Driggs Ave,5453.07,8 Ave & W 31 St,6450.12,40.7177,-73.956,40.7502,-73.9978,casual,2376
8096271820514cef,electric_bike,2024-06-14T17:07:09.000000,2024-06-14T17:42:57.000000,N 8 St & Driggs Ave,5453.07,9 Ave & W 45 St,6717.06,40.7177,-73.956,40.7602,-73.9913,member,2148
07f97d05f6ca4b8b,classic_bike,2024-06-14T17:14:33.000000,2024-06-14T17:37:08.000000,Bedford Ave & Nassau Ave,5525.04,9 Ave & W 45 St,6717.06,40.723,-73.9521,40.7602,-73.9913,casual,1355
0d2b91efb8974ec5,electric_bike,2024-06-14T17:21:48.000000,2024-06-14T17:52:40.000000,E 17 St & Broadway,5905.14,Lafayette St & E 8 St,5788.13,40.737,-73.9901,40.7302,-73.991,casual,1852
75175f39735444fb,classic_bike,2024-06-14T17:28:37.000000,2024-06-14T17:39:01.000000,South End Ave & Liberty St,5303.06,N 8 St & Driggs Ave,5453.07,40.7111,-74.0158,40.7177,-73.956,casual,624
638e13888faf4d4a,classic_bike,2024-06-14T17:31:47.000000,2024-06-14T17:49:05.000000,Broadway & E 14 St,5905.12,Grand Army Plaza & Plaza St West,4066.15,40.7345,-73.9907,40.6729,-73.9709,casual,1038
9134c0b76f73473b,electric_bike,2024-06-14T17:50:37.000000,2024-06-14T18:22:02.000000,Lafayette St & E 8 St,5788.13,West St & Chambers St,5470.10,40.7302,-73.991,40.7175,-74.0134,member,1885
0a88e6ca1dee4b6d,electric_bike,2024-06-14T18:05:44.000000,2024-06-14T18:18:12.000000,1 Ave & E 68 St,6753.08,1 Ave & E 68 St,6753.08,40.7659,-73.9585,40.7659,-73.9585,member,748
bccd9b8c85084f91,classic_bike,2024-06-14T18:12:36.000000,2024-06-14T18:24:09.000000,N 8 St & Driggs Ave,5453.07,9 Ave & W 45 St,6717.06,40.7177,-73.956,40.7602,-73.9913,member,693
3227e8d89c60481b,classic_bike,2024-06-14T18:14:47.000000,2024-06-14T18:44:43.000000,Central Park S & 6 Ave,6904.04,1 Ave & E 68 St,6753.08,40.7659,-73.9764,40.7659,-73.9585,member,1796
1ce978717cf54d5f,electric_bike,2024-06-14T18:24:57.000000,2024-06-14T18:35:52.000000,E 47 St & Park Ave,6551.09,N 8 St & Driggs Ave,5453.07,40.7553,-73.9746,40.7177,-73.956,casual,655
8bd18d4bed3343fc,electric_bike,2024-06-14T18:28:15.000000,2024-06-14T19:04:30.000000,Grand Army Plaza & Plaza St West,4066.15,Central Park S & 6 Ave,6904.04,40.6729,-73.9709,40.7659,-73.9764,member,2175
d4aac9a33ed8456c,classic_bike,2024-06-14T18:28:37.000000,2024-06-14T18:48:56.000000,Central Park S & 6 Ave,6904.04,E 17 St & Broadway,5905.14,40.7659,-73.9764,40.737,-73.9901,casual,1219
13eecdc6ebd14d2c,electric_bike,2024-06-14T18:39:02.000000,2024-06-14T19:10:48.000000,Broadway & E 14 St,5905.12,E 17 St & Broadway,5905.14,40.7345,-73.9907,40.737,-73.9901,casual,1906
cf1643a088604b56,electric_bike,2024-06-14T18:40:29.000000,2024-06-14T19:00:46.000000,West St & Chambers St,5470.10,N 8 St & Driggs Ave,5453.07,40.7175,-74.0134,40.7177,-73.956,member,1217
4c6f9a4581924f8f,electric_bike,2024-06-14T18:51:02.000000,2024-06-14T18:58:48.000000,Pier 40 - Hudson River Park,5573.05,8 Ave & W 31 St,6450.12,40.7276,-74.0115,40.7502,-73.9978,member,466
249204c7ad584b1b,classic_bike,2024-06-14T18:51:55.000000,2024-06-14T19:03:00.000000,E 17 St & Broadway,5905.14,9 Ave & W 45 St,6717.06,40.737,-73.9901,40.7602,-73.9913,member,665
935f2b0aa1384ddc,classic_bike,2024-06-14T19:06:04.000000,2024-06-14T19:39:09.000000,Central Park S & 6 Ave,6904.04,Grand Army Plaza & Plaza St West,4066.15,40.7659,-73.9764,40.6729,-73.9709,casual,1985
5f4b1a97668c479b,classic_bike,2024-06-14T19:19:14.000000,2024-06-14T19:30:09.000000,W 21 St & 6 Ave,6140.05,W 21 St & 6 Ave,6140.05,40.7418,-73.9945,40.7418,-73.9945,casual,655
ac95adb1ffac44fd,electric_bike,2024-06-14T19:41:30.000000,2024-06-14T20:08:35.000000,E 47 St & Park Ave,6551.09,Broadway & E 14 St,5905.12,40.7553,-73.9746,40.7345,-73.9907,member,1625
0cf697a57603436c,classic_bike,2024-06-14T19:48:21.000000,2024-06-14T19:58:42.000000,South End Ave & Liberty St,5303.06,E 47 St & Park Ave,6551.09,40.7111,-74.0158,40.7553,-73.9746,casual,621
f280df1d9a6c4db9,classic_bike,2024-06-14T20:03:55.000000,2024-06-14T20:15:12.000000,Lafayette St & E 8 St,5788.13,E 17 St & Broadway,5905.14,40.7302,-73.991,40.737,-73.9901,casual,677
69958fd1d8914adf,electric_bike,2024-06-14T20:10:58.000000,2024-06-14T20:17:21.000000,E 17 St & Broadway,5905.14,Lafayette St & E 8 St,5788.13,40.737,-73.9901,40.7302,-73.991,casual,383
e71d6ba3486d4e57,electric_bike,2024-06-14T20:14:17.000000,2024-06-14T20:40:53.000000,1 Ave & E 68 St,6753.08,Central Park S & 6 Ave,6904.04,40.7659,-73.9585,40.7659,-73.9764,casual,1596
7b53359e1bac4d0d,classic_bike,2024-06-14T20:19:23.000000,2024-06-14T20:40:40.000000,Pier 40 - Hudson River Park,5573.05,N 8 St & Driggs Ave,5453.07,40.7276,-74.0115,40.7177,-73.956,casual,1277
b91633574b1b4f3b,electric_bike,2024-06-14T20:22:45.000000,2024-06-14T20:56:43.000000,South End Ave & Liberty St,5303.06,Grand Army Plaza & Plaza St West,4066.15,40.7111,-74.0158,40.6729,-73.9709,casual,2038
fbdc532e6546466d,classic_bike,2024-06-14T20:58:02.000000,2024-06-14T21:16:48.000000,Central Park S & 6 Ave,6904.04,Central Park S & 6 Ave,6904.04,40.7659,-73.9764,40.7659,-73.9764,casual,1126
2b24ef63f6f34192,classic_bike,2024-06-14T21:01:33.000000,2024-06-14T21:06:26.000000,Bedford Ave & Nassau Ave,5525.04,N 8 St & Driggs Ave,5453.07,40.723,-73.9521,40.7177,-73.956,member,293
822fb2f061754257,classic_bike,2024-06-14T21:04:41.000000,2024-06-14T21:33:04.000000,W 21 St & 6 Ave,6140.05,8 Ave & W 31 St,6450.12,40.7418,-73.9945,40.7502,-73.9978,casual,1703
9b5ad674889644b2,electric_bike,2024-06-14T21:08:37.000000,2024-06-14T21:40:56.000000,E 47 St & Park Ave,6551.09,Bedford Ave & Nassau Ave,5525.04,40.7553,-73.9746,40.723,-73.9521,casual,1939
1b555f6d301c4abf,classic_bike,2024-06-14T21:15:40.000000,2024-06-14T21:36:21.000000,Central Park S & 6 Ave,6904.04,Bedford Ave & Nassau Ave,5525.04,40.7659,-73.9764,40.723,-73.9521,member,1241
df6b9b3fff594778,classic_bike,2024-06-14T21:46:23.000000,2024-06-14T22:16:51.000000,Pier 40 - Hudson River Park,5573.05,E 17 St & Broadway,5905.14,40.7276,-74.0115,40.737,-73.9901,member,1828
9a4ffc0c916542ed,classic_bike,2024-06-14T21:48:18.000000,2024-06-14T21:52:51.000000,South End Ave & Liberty St,5303.06,Bedford Ave & Nassau Ave,5525.04,40.7111,-74.0158,40.723,-73.9521,casual,273
